ticker,accession_number,filing_date,outperformed_252d,logistic_regression_probability,logistic_regression_prediction,random_forest_classifier_probability,random_forest_classifier_prediction
A,0001090872-23-000020,2023-12-20,0.0,0.4297848088399748,0,0.4577506789282441,0
A,0001090872-24-000049,2024-12-20,0.0,0.4627758343557595,0,0.4624400363215456,0
AAPL,0000320193-23-000106,2023-11-03,0.0,0.5548786891936676,1,0.6346837782737702,1
AAPL,0000320193-24-000123,2024-11-01,1.0,0.5578923285515506,1,0.5739841841212311,1
ABBV,0001551152-23-000011,2023-02-17,0.0,0.4185357875891993,0,0.5511886592868561,1
ABBV,0001551152-24-000011,2024-02-20,0.0,0.42495176318709454,0,0.5009206811441138,1
ABBV,0001551152-25-000020,2025-02-14,1.0,0.41160930797690953,0,0.4511464771896553,0
ABNB,0001559720-23-000003,2023-02-17,0.0,0.4556606113232134,0,0.425775208989142,0
ABNB,0001559720-24-000006,2024-02-16,0.0,0.462774485923389,0,0.4763136067893365,0
ABNB,0001559720-25-000010,2025-02-13,0.0,0.4819716715852925,0,0.544354737955065,1
ABT,0001628280-23-004026,2023-02-17,0.0,0.41255784654912225,0,0.45712846727863954,0
ABT,0001628280-24-005348,2024-02-16,0.0,0.4750180577480525,0,0.5083596279707172,1
ABT,0001628280-25-007110,2025-02-21,0.0,0.46323764358976405,0,0.5445526707274614,1
ACGL,0000947484-23-000015,2023-02-24,0.0,0.6375992416645607,1,0.6230441071504149,1
ACGL,0000947484-24-000020,2024-02-23,0.0,0.6254195915003866,1,0.6275814320316364,1
ACGL,0000947484-25-000017,2025-02-27,0.0,0.6239444778928221,1,0.5917630963635365,1
ACN,0001467373-23-000324,2023-10-12,0.0,0.4316257009566548,0,0.46635402131647397,0
ACN,0001467373-24-000278,2024-10-10,0.0,0.4353950593076188,0,0.4635405596527125,0
ADBE,0000796343-23-000007,2023-01-17,1.0,0.4502428787416945,0,0.5174060293831996,1
ADBE,0000796343-24-000006,2024-01-17,0.0,0.41777855776443296,0,0.45612611021423655,0
ADBE,0000796343-25-000004,2025-01-13,0.0,0.4390889232075348,0,0.4551441400005751,0
ADI,0000006281-23-000203,2023-11-21,0.0,0.47598647645100817,0,0.47733678581469047,0
ADI,0000006281-24-000204,2024-11-26,1.0,0.4900141370773111,0,0.5172545386807555,1
ADM,0000007084-23-000010,2023-02-14,0.0,0.45122715541977504,0,0.509236681367608,1
ADM,0000007084-24-000009,2024-03-12,0.0,0.5111635242432907,1,0.5248016103585315,1
ADM,0000007084-24-000051,2024-11-18,1.0,0.4538873202450975,0,0.4443440585688617,0
ADM,0000007084-25-000011,2025-02-20,1.0,0.4337125524458078,0,0.585789464371939,1
ADP,0000008670-23-000030,2023-08-03,0.0,0.4978770596721718,0,0.5312041762484948,1
ADP,0000008670-24-000024,2024-08-07,0.0,0.4787480271844844,0,0.4944824134685921,0
ADSK,0000769397-23-000036,2023-03-14,0.0,0.47820713935706155,0,0.488152796024611,0
ADSK,0000769397-24-000090,2024-06-10,1.0,0.4074268184753761,0,0.3515372397671445,0
ADSK,0000769397-25-000019,2025-03-06,0.0,0.5909554270990635,1,0.6157434215966002,1
AEE,0001002910-23-000053,2023-02-22,0.0,0.5109916391239004,1,0.5654977615299657,1
AEE,0001002910-24-000056,2024-02-29,1.0,0.5292062759497896,1,0.6123354788558507,1
AEE,0001002910-25-000055,2025-02-18,1.0,0.5218996350684825,1,0.6123392733369496,1
AEP,0000004904-23-000011,2023-02-23,0.0,0.6344015031245687,1,0.6816977798386178,1
AEP,0000004904-24-000020,2024-02-26,1.0,0.6322422104484546,1,0.6807215107394963,1
AEP,0000004904-25-000027,2025-02-13,1.0,0.5626275885036249,1,0.6164861628181189,1
AES,0000874761-23-000010,2023-03-01,0.0,0.4988820978214898,0,0.5461336501032185,1
AES,0000874761-24-000011,2024-02-26,0.0,0.47530893436408306,0,0.508285402775729,1
AES,0000874761-25-000013,2025-03-11,1.0,0.5331945848273906,1,0.5971485916500208,1
AFL,0000004977-23-000055,2023-02-24,0.0,0.5588746178266853,1,0.524819336031005,1
AFL,0000004977-24-000053,2024-02-22,1.0,0.562459297294488,1,0.5076292511121071,1
AFL,0000004977-25-000047,2025-02-26,0.0,0.5957782754315336,1,0.544930156150831,1
AIG,0000005272-23-000007,2023-02-17,0.0,0.6661747221876096,1,0.7133191237987571,1
AIG,0000005272-24-000023,2024-02-14,0.0,0.6455117248472292,1,0.6587308041335616,1
AIG,0000005272-25-000012,2025-02-13,0.0,0.6969245657877768,1,0.6045788745074305,1
AIZ,0001267238-23-000007,2023-02-17,1.0,0.5242920533290001,1,0.5303655893103929,1
AIZ,0001267238-24-000008,2024-02-15,0.0,0.5320679517516712,1,0.5337722748511851,1
AIZ,0001267238-25-000008,2025-02-20,0.0,0.5509831462321908,1,0.5569498037752689,1
AJG,0000950170-23-002456,2023-02-10,0.0,0.5268256239369551,1,0.4764188062832568,0
AJG,0000950170-24-013370,2024-02-09,1.0,0.5010920003912946,1,0.4317036408863148,0
AJG,0000950170-25-021775,2025-02-18,0.0,0.5279454971384557,1,0.5245792779507238,1
AKAM,0001086222-23-000078,2023-02-28,1.0,0.5060019067807694,1,0.4723997089179891,0
AKAM,0001086222-24-000040,2024-02-28,0.0,0.4806447425851337,0,0.5135126745205357,1
AKAM,0001086222-25-000028,2025-02-24,1.0,0.47363245233201934,0,0.4682110142406594,0
ALB,0000915913-23-000025,2023-01-26,0.0,0.6250498203477927,1,0.5636564481543419,1
ALB,0000915913-23-000039,2023-02-15,0.0,0.6154374095735187,1,0.586326158616428,1
ALB,0000915913-24-000016,2024-02-15,0.0,0.3738465583081129,0,0.48106424476060416,0
ALB,0000915913-24-000094,2024-03-28,0.0,0.9063761319425739,1,0.6024273729393002,1
ALB,0000915913-25-000026,2025-02-12,1.0,0.37954025349011666,0,0.5161485580043697,1
ALB,0000915913-25-000077,2025-03-31,1.0,0.9085151092874861,1,0.6058379686091522,1
ALGN,0001097149-23-000013,2023-02-27,0.0,0.36088411050563546,0,0.4682380535914849,0
ALGN,0001097149-24-000011,2024-02-28,0.0,0.3721316258491333,0,0.4437382522418709,0
ALGN,0001097149-25-000012,2025-02-28,0.0,0.402686403319834,0,0.41649718056733415,0
ALL,0000899051-23-000020,2023-02-16,0.0,0.5367525902870992,1,0.54809154680751,1
ALL,0000899051-24-000013,2024-02-21,0.0,0.5192838644260412,1,0.5207344059549146,1
ALL,0000899051-25-000015,2025-02-24,0.0,0.5331596963128428,1,0.5801618515164173,1
ALLE,0001579241-23-000006,2023-02-22,0.0,0.4215766826802012,0,0.4760777225511715,0
ALLE,0001579241-24-000006,2024-02-20,0.0,0.48647507662089956,0,0.5506953289269331,1
ALLE,0001579241-25-000008,2025-02-18,1.0,0.47148088445212755,0,0.5072226087171224,1
AMAT,0000006951-23-000041,2023-12-15,0.0,0.5113378530359227,1,0.5674294904585474,1
AMAT,0000006951-24-000044,2024-12-13,1.0,0.5579576109798063,1,0.5681339141943763,1
AMCR,0001748790-23-000030,2023-08-17,0.0,0.5169167196007357,1,0.5018925060534407,1
AMCR,0001748790-24-000022,2024-08-16,0.0,0.49376812805579695,0,0.4695530618709091,0
AMD,0000002488-23-000047,2023-02-27,1.0,0.4221407203520092,0,0.42997757240833295,0
AMD,0000002488-24-000012,2024-01-31,0.0,0.4821183231038859,0,0.48389402203954385,0
AMD,0000002488-25-000012,2025-02-05,1.0,0.4821792961702007,0,0.507045685152943,1
AME,0001037868-23-000012,2023-02-21,0.0,0.5043192834150444,1,0.5517886524016936,1
AME,0001037868-24-000009,2024-02-22,0.0,0.5001825939670131,1,0.567394657278099,1
AME,0001037868-25-000012,2025-02-20,1.0,0.5042494610730498,1,0.5335459318052233,1
AMGN,0000318154-23-000017,2023-02-09,1.0,0.4239178191331817,0,0.5347633127029158,1
AMGN,0000318154-24-000011,2024-02-14,0.0,0.4245235543525414,0,0.4716571509248295,0
AMGN,0000318154-25-000010,2025-02-14,1.0,0.4425940188377364,0,0.48795790181141785,0
AMP,0000820027-23-000014,2023-02-23,0.0,0.4966979263130501,0,0.5119452811627972,1
AMP,0000820027-24-000015,2024-02-22,1.0,0.5296862331706503,1,0.5422945997776096,1
AMP,0000820027-25-000013,2025-02-20,0.0,0.5312967984640357,1,0.565193415072201,1
AMT,0001053507-23-000023,2023-02-23,0.0,0.5121274020160191,1,0.49515686829958316,0
AMT,0001053507-24-000011,2024-02-27,0.0,0.5040674288674565,1,0.4511586397817414,0
AMT,0001053507-25-000025,2025-02-25,0.0,0.5423125297923919,1,0.47661138612004844,0
AMZN,0001018724-23-000004,2023-02-03,1.0,0.519221930717494,1,0.49564863640852025,0
AMZN,0001018724-24-000008,2024-02-02,1.0,0.5130638116666013,1,0.5264704868966481,1
AMZN,0001018724-25-000004,2025-02-07,0.0,0.5184194127093281,1,0.5398974111446967,1
ANET,0001596532-23-000016,2023-02-14,1.0,0.45263753296789344,0,0.46791542386804574,0
ANET,0001596532-24-000043,2024-02-13,1.0,0.4492664977392862,0,0.4681401978543244,0
ANET,0001596532-25-000028,2025-02-19,1.0,0.4249305436339092,0,0.4654272410949877,0
AON,0001628280-23-004087,2023-02-17,0.0,0.48228592620040817,0,0.5300525843863672,1
AON,0001628280-24-005392,2024-02-16,1.0,0.46436706782243065,0,0.46380554654385064,0
AON,0001193125-24-099218,2024-04-17,1.0,0.40823155171775144,0,0.5459805560554584,1
AON,0001628280-25-006093,2025-02-18,0.0,0.6678072949775457,1,0.5588722254223003,1
AOS,0000091142-23-000025,2023-02-14,0.0,0.5796865274597677,1,0.5675337795075599,1
AOS,0000091142-24-000041,2024-02-13,0.0,0.5648310712011322,1,0.5522148617609706,1
AOS,0000091142-25-000036,2025-02-11,1.0,0.5572913435323253,1,0.5312293578565979,1
APA,0001784031-23-000007,2023-02-23,0.0,0.4900215759149645,0,0.5232218022671362,1
APA,0001784031-24-000003,2024-02-22,0.0,0.4860523508810671,0,0.513718416218099,1
APA,0002040266-25-000007,2025-02-28,1.0,0.4710764119434869,0,0.4645169333380345,0
APD,0000002969-23-000047,2023-11-16,0.0,0.48662219753204655,0,0.5277234982927849,1
APD,0000002969-24-000056,2024-11-21,0.0,0.5168956560273975,1,0.5049610180296717,1
APH,0001558370-23-001036,2023-02-08,1.0,0.5647190266998999,1,0.5947977212558337,1
APH,0001558370-24-000866,2024-02-07,1.0,0.5384572050808442,1,0.5692851735037245,1
APH,0001558370-25-000714,2025-02-07,1.0,0.5212450642979516,1,0.4714822824763733,0
APO,0001858681-23-000007,2023-03-01,1.0,0.5731157994038963,1,0.5967209647327449,1
APO,0001858681-24-000031,2024-02-27,1.0,0.6859413949146235,1,0.7252125776475636,1
APO,0001858681-25-000034,2025-02-24,0.0,0.5920162323746048,1,0.6749248121726026,1
APP,0001751008-23-000006,2023-02-28,1.0,0.4741350707512496,0,0.4689937007733503,0
APP,0001751008-24-000012,2024-02-26,1.0,0.4685141904540511,0,0.4653833837747956,0
APP,0001751008-25-000018,2025-02-27,1.0,0.47143475508131844,0,0.4799475260637938,0
APTV,0001521332-23-000013,2023-02-08,0.0,0.4588547568068857,0,0.4091346444651418,0
APTV,0001521332-24-000011,2024-02-06,0.0,0.5010119338003667,1,0.5012457972968559,1
APTV,0001521332-24-000026,2024-03-28,0.0,0.9356622221767926,1,0.6234203624264939,1
APTV,0001521332-25-000010,2025-02-07,1.0,0.416840405810102,0,0.5568868611884358,1
ARE,0001035443-23-000099,2023-01-30,0.0,0.47010830345875093,0,0.49001067633377515,0
ARE,0001035443-24-000072,2024-01-29,0.0,0.5081547816300813,1,0.5120040045325587,1
ARE,0001035443-25-000067,2025-01-27,0.0,0.474884426114717,0,0.5059692753222738,1
ARES,0001628280-23-005081,2023-02-24,1.0,0.5386889244750387,1,0.625589152322105,1
ARES,0001628280-24-007014,2024-02-27,1.0,0.5475752994868821,1,0.6893408054772097,1
ARES,0001628280-25-008665,2025-02-27,0.0,0.5333836981767177,1,0.6271723732295919,1
ATO,0000731802-23-000028,2023-11-14,0.0,0.5603055700097134,1,0.5603244712447144,1
ATO,0000731802-24-000030,2024-11-18,1.0,0.5655854174917493,1,0.4931322146266799,0
AVB,0000915912-23-000004,2023-02-24,0.0,0.48364559407350205,0,0.45904135813219266,0
AVB,0000915912-24-000004,2024-02-23,1.0,0.48876583311842664,0,0.5108466381262328,1
AVB,0000915912-25-000005,2025-02-27,0.0,0.4766634287793174,0,0.46113345157001634,0
AVGO,0001730168-23-000096,2023-12-14,1.0,0.4486783351201542,0,0.47839648744358015,0
AVGO,0001730168-24-000139,2024-12-20,1.0,0.40953180237821113,0,0.47008921455334557,0
AVY,0000008818-23-000002,2023-02-22,0.0,0.4031200384259018,0,0.4762486916409858,0
AVY,0000008818-24-000003,2024-02-21,0.0,0.4773466386816242,0,0.49123661804890245,0
AVY,0000008818-25-000003,2025-02-26,0.0,0.5190170849583449,1,0.5063770142074792,1
AWK,0001410636-23-000020,2023-02-15,0.0,0.4486903592818383,0,0.48466072119541614,0
AWK,0001410636-24-000050,2024-02-14,0.0,0.4443341122353468,0,0.450225355921219,0
AWK,0001410636-25-000022,2025-02-19,0.0,0.4348121674273805,0,0.46133776008990385,0
AXON,0001558370-23-002413,2023-02-28,1.0,0.5053926642770127,1,0.49054348622959687,0
AXON,0001069183-24-000006,2024-02-27,1.0,0.4753785633893386,0,0.4616203299597222,0
AXON,0001069183-25-000019,2025-02-28,0.0,0.4553343239071813,0,0.4947376491350346,0
AXON,0001069183-25-000075,2025-05-07,0.0,0.41400799594157645,0,0.3865984853256186,0
AXP,0000004962-23-000006,2023-02-10,0.0,0.5570842159016244,1,0.4982605707792694,0
AXP,0000004962-24-000013,2024-02-09,1.0,0.5469946059513043,1,0.4648236136713938,0
AXP,0000004962-25-000016,2025-02-07,0.0,0.5356056596787241,1,0.4278580587008714,0
AZO,0001558370-23-016668,2023-10-24,0.0,0.525618458458877,1,0.5481560989794977,1
AZO,0001558370-24-013758,2024-10-28,1.0,0.534902399114078,1,0.5534238503675829,1
BA,0000012927-23-000007,2023-01-27,0.0,0.5547941948040235,1,0.6097602204636521,1
BA,0000012927-24-000010,2024-01-31,0.0,0.5396799727845332,1,0.5471589018255768,1
BA,0000012927-25-000015,2025-02-03,1.0,0.5000745719626182,1,0.46049712550828226,0
BALL,0000009389-23-000011,2023-02-21,0.0,0.48136349390882366,0,0.47220666826153596,0
BALL,0001558370-24-001349,2024-02-20,0.0,0.5225855020711608,1,0.4986302179216534,0
BALL,0001558370-25-001190,2025-02-20,1.0,0.5146200785479633,1,0.5784727039604496,1
BAX,0001628280-23-002864,2023-02-09,0.0,0.48375476137521956,0,0.47271508466416784,0
BAX,0001628280-24-003932,2024-02-08,0.0,0.4428603604211664,0,0.4024021714230428,0
BAX,0001628280-25-007201,2025-02-21,0.0,0.532273272014632,1,0.5121763492061113,1
BBY,0000764478-23-000006,2023-03-17,0.0,0.519544942532696,1,0.5713998601481607,1
BBY,0000764478-24-000010,2024-03-15,0.0,0.4851013027053156,0,0.498358062574243,0
BBY,0000764478-25-000007,2025-03-19,0.0,0.5021980201733868,1,0.5551517966253505,1
BDX,0000010795-23-000098,2023-11-21,0.0,0.4075718999830396,0,0.4993127565954048,0
BDX,0000010795-24-000084,2024-11-27,0.0,0.42841001997535155,0,0.45153164561038456,0
BEN,0000038777-23-000169,2023-11-14,0.0,0.5181306716242038,1,0.5366529768400363,1
BEN,0000038777-24-000206,2024-11-12,0.0,0.4803623360174032,0,0.42900410444878617,0
BF-B,0000014693-23-000074,2023-06-16,0.0,0.4387843071898145,0,0.5035668760286175,1
BF-B,0000014693-24-000086,2024-06-14,0.0,0.48406890793355695,0,0.5075686615058684,1
BG,0001996862-24-000007,2024-02-22,0.0,0.49438706915311564,0,0.44070978175051,0
BG,0001996862-25-000008,2025-02-20,1.0,0.5295878500949324,1,0.5037050485145362,1
BIIB,0000875045-23-000009,2023-02-15,0.0,0.4717024116133307,0,0.4929160851641951,0
BIIB,0000875045-24-000009,2024-02-14,0.0,0.45752370595156333,0,0.47853823335812035,0
BIIB,0000875045-25-000009,2025-02-12,1.0,0.4885003034524985,0,0.49689816844891654,0
BK,0001390777-23-000033,2023-02-27,0.0,0.7668711481874738,1,0.5538630519363092,1
BK,0001390777-24-000051,2024-02-28,1.0,0.8072372936964379,1,0.5852342853608661,1
BK,0001390777-25-000046,2025-02-27,1.0,0.8026668596394498,1,0.5546117474828939,1
BKNG,0001075531-23-000016,2023-02-23,1.0,0.4861442252232696,0,0.5546999354558844,1
BKNG,0001075531-24-000014,2024-02-22,1.0,0.5498855748625845,1,0.5916338910240551,1
BKNG,0001075531-25-000010,2025-02-20,0.0,0.5030485902626575,1,0.5880658667341938,1
BKR,0001701605-23-000044,2023-02-14,0.0,0.4577890501585665,0,0.4573629096862543,0
BKR,0001701605-24-000033,2024-02-05,1.0,0.4647650310899319,0,0.5151834981097736,1
BKR,0001701605-25-000035,2025-02-04,1.0,0.46500158910690387,0,0.5246693404927838,1
BLDR,0000950170-23-004939,2023-02-28,1.0,0.4604248856029647,0,0.4859266191781657,0
BLDR,0000950170-24-018584,2024-02-22,0.0,0.4931446919557914,0,0.5274638029707774,1
BLDR,0000950170-25-023953,2025-02-20,0.0,0.4698110978663047,0,0.5054734999474297,1
BMY,0000014272-23-000046,2023-02-14,0.0,0.3926919498184007,0,0.5588180318463557,1
BMY,0000014272-24-000044,2024-02-13,0.0,0.3683207577838011,0,0.4567750101929377,0
BMY,0000014272-25-000039,2025-02-12,0.0,0.4160939707402188,0,0.5343987702014635,1
BR,0001383312-23-000037,2023-08-08,1.0,0.4969194406966817,0,0.5227964821587603,1
BR,0001383312-24-000039,2024-08-06,1.0,0.4730582827051438,0,0.4436372459680617,0
BRK-B,0000950170-23-004451,2023-02-27,1.0,0.4712191805080717,0,0.4409368464010814,0
BRK-B,0000950170-24-019719,2024-02-26,1.0,0.4907841277701366,0,0.5042179405416838,1
BRK-B,0000950170-25-025210,2025-02-24,0.0,0.4963724772041313,0,0.5607912322398446,1
BRO,0000950170-23-004717,2023-02-27,1.0,0.5002245963176013,1,0.4704718933999857,0
BRO,0000950170-24-018890,2024-02-22,1.0,0.5134051451140397,1,0.5194008383760159,1
BRO,0000950170-25-019039,2025-02-13,0.0,0.5113772739636688,1,0.5217292013735805,1
BSX,0000885725-23-000008,2023-02-23,1.0,0.42008750780375537,0,0.5636652004072054,1
BSX,0000885725-24-000017,2024-02-20,1.0,0.41286670410139803,0,0.505785370195464,1
BSX,0000885725-25-000011,2025-02-18,0.0,0.3937102641813606,0,0.5241450292469828,1
BX,0001193125-23-048733,2023-02-24,1.0,0.5600148116136889,1,0.5625517818698275,1
BX,0001193125-24-044485,2024-02-23,1.0,0.5328173174437897,1,0.5585958680470081,1
BX,0001193125-25-042469,2025-02-28,0.0,0.5099176030986704,1,0.5829177791248832,1
BXP,0001656423-23-000013,2023-02-27,0.0,0.4655165038644111,0,0.4467790107747131,0
BXP,0001656423-24-000007,2024-02-27,0.0,0.4761109615032997,0,0.48910276584432905,0
BXP,0001656423-25-000009,2025-02-27,0.0,0.47804362286450935,0,0.46106842551308924,0
CAG,0001437749-23-019879,2023-07-13,0.0,0.48636692689866085,0,0.6195295607956951,1
CAG,0001558370-24-009764,2024-07-11,0.0,0.467701273902253,0,0.4783546786246286,0
CAH,0000721371-23-000060,2023-08-15,0.0,0.4577183695456844,0,0.6437316872130463,1
CAH,0000721371-24-000056,2024-08-14,1.0,0.4305536220005672,0,0.4357106671533242,0
CARR,0001783180-23-000012,2023-02-07,1.0,0.452278831898512,0,0.5061805677207009,1
CARR,0001783180-24-000009,2024-02-06,0.0,0.4494686299641456,0,0.4302212095062682,0
CARR,0001783180-25-000008,2025-02-11,0.0,0.45220786756596276,0,0.4513987851181348,0
CASY,0000726958-23-000059,2023-06-23,1.0,0.515782028579403,1,0.5851278868520225,1
CASY,0000726958-24-000046,2024-06-24,1.0,0.4896862726026396,0,0.5853223264661752,1
CAT,0000018230-23-000011,2023-02-15,1.0,0.4624478395525006,0,0.5253209675693333,1
CAT,0000018230-24-000009,2024-02-16,0.0,0.49020781218611403,0,0.4997976748620625,0
CAT,0000018230-25-000008,2025-02-14,1.0,0.5175228043974115,1,0.5332384699330737,1
CB,0000896159-23-000007,2023-02-24,0.0,0.5492880587020292,1,0.47436422162157726,0
CB,0000896159-24-000003,2024-02-23,0.0,0.6030759635638147,1,0.5273208095341263,1
CB,0000896159-25-000004,2025-02-27,1.0,0.6004023457078758,1,0.5960243299122062,1
CBOE,0001558370-23-001489,2023-02-17,1.0,0.4773659114884498,0,0.4450872850226506,0
CBOE,0001558370-24-001277,2024-02-16,0.0,0.5101826239697493,1,0.470779798397286,0
CBOE,0001628280-25-006984,2025-02-21,1.0,0.4962914305049996,0,0.40577786534271687,0
CBRE,0001138118-23-000009,2023-02-27,0.0,0.5137616677590578,1,0.506264235957739,1
CBRE,0001138118-24-000006,2024-02-20,1.0,0.5403234786304529,1,0.5572774228129245,1
CBRE,0001138118-25-000005,2025-02-14,0.0,0.4971500999029482,0,0.4958188864970928,0
CCI,0001051470-23-000041,2023-02-24,0.0,0.5378912376333836,1,0.5270531841176981,1
CCI,0001051470-24-000062,2024-02-23,0.0,0.5414764547834261,1,0.4996971819931474,0
CCI,0001051470-25-000089,2025-03-14,0.0,0.5373320668638653,1,0.49172020988814724,0
CCL,0000815097-23-000012,2023-01-27,1.0,0.5321270884562685,1,0.5342523668079517,1
CCL,0000815097-24-000011,2024-01-26,1.0,0.4224357485678141,0,0.44943224908052654,0
CCL,0000815097-25-000007,2025-01-27,0.0,0.4008744995247536,0,0.5550650988783439,1
CDNS,0000813672-23-000011,2023-02-13,1.0,0.4294589226573182,0,0.4200937303048862,0
CDNS,0000813672-24-000034,2024-02-14,0.0,0.4946111054124691,0,0.4884499513374628,0
CDNS,0000813672-25-000024,2025-02-21,0.0,0.49275313006913607,0,0.46417455944196545,0
CDW,0001402057-23-000052,2023-02-24,0.0,0.518482472236524,1,0.5604677920155002,1
CDW,0001402057-24-000015,2024-02-26,0.0,0.5240227980227018,1,0.5095815642668007,1
CDW,0001402057-25-000018,2025-02-21,0.0,0.5622253681809413,1,0.5524147550041836,1
CEG,0001868275-23-000014,2023-02-16,1.0,0.5376030125354174,1,0.5769659853144083,1
CEG,0001868275-24-000014,2024-02-27,1.0,0.5162460462590235,1,0.5040182046382292,1
CEG,0001868275-25-000023,2025-02-18,0.0,0.5081935959001079,1,0.5186661821263889,1
CF,0001324404-23-000006,2023-02-23,0.0,0.5036740966267738,1,0.45245951939056056,0
CF,0001324404-24-000008,2024-02-22,0.0,0.5349130104440987,1,0.4663990002956464,0
CF,0001324404-25-000006,2025-02-20,1.0,0.5566568306742237,1,0.5387824387630338,1
CFG,0000759944-23-000029,2023-02-17,0.0,0.5134283606787011,1,0.4951337195225929,0
CFG,0000759944-24-000039,2024-02-16,1.0,0.5437308829252865,1,0.4701354027254163,0
CFG,0000759944-25-000013,2025-02-13,1.0,0.571225586152322,1,0.50296478690875,1
CHD,0000950170-23-003066,2023-02-16,0.0,0.46459597976431943,0,0.4759571900769289,0
CHD,0000950170-24-015810,2024-02-15,0.0,0.4709170936883197,0,0.5115308204320551,1
CHD,0000950170-25-019801,2025-02-13,0.0,0.4563683987920521,0,0.501518848615467,1
CHRW,0001043277-23-000005,2023-02-17,0.0,0.4777396297625153,0,0.5065397351788162,1
CHRW,0001043277-24-000011,2024-02-16,1.0,0.4803170147317295,0,0.5067266850007127,1
CHRW,0001043277-25-000012,2025-02-14,1.0,0.5239799068777184,1,0.5381571232548782,1
CHTR,0001091667-23-000024,2023-01-27,0.0,0.4457811542179589,0,0.5134088571508735,1
CHTR,0001091667-24-000028,2024-02-02,0.0,0.4484673206382461,0,0.43166328767518214,0
CHTR,0001091667-25-000034,2025-01-31,0.0,0.4435467060672088,0,0.43079604887976825,0
CI,0001739940-23-000008,2023-02-23,0.0,0.4430754666475561,0,0.5260931313269632,1
CI,0001739940-24-000005,2024-02-29,0.0,0.4511873034727746,0,0.4777588821122186,0
CI,0001739940-25-000009,2025-02-27,0.0,0.4947599314253978,0,0.5817662591467558,1
CIEN,0000936395-23-000044,2023-12-15,1.0,0.4785393791958172,0,0.46173615937175827,0
CIEN,0000936395-24-000044,2024-12-20,1.0,0.5085731941510033,1,0.5278054834222871,1
CINF,0000020286-23-000008,2023-02-23,0.0,0.6237192299967672,1,0.4794983762917216,0
CINF,0000020286-24-000014,2024-02-26,1.0,0.5661778282401827,1,0.3792445269722432,0
CINF,0000020286-25-000009,2025-02-24,1.0,0.5997021675250928,1,0.5435942081312288,1
CL,0000021665-23-000007,2023-02-16,0.0,0.4137532127455373,0,0.4586548023359943,0
CL,0000021665-24-000003,2024-02-15,0.0,0.4394350254522718,0,0.4663756937469676,0
CL,0000021665-25-000008,2025-02-13,0.0,0.4569358687600013,0,0.5388559627705969,1
CLX,0000021076-23-000037,2023-08-10,0.0,0.449581040443718,0,0.5066185329781823,1
CLX,0000021076-24-000030,2024-08-08,0.0,0.4596173761475858,0,0.524723882536285,1
CMCSA,0001166691-23-000010,2023-02-03,0.0,0.5022735571524527,1,0.5140308793832944,1
CMCSA,0001166691-24-000011,2024-01-31,0.0,0.5238840020652459,1,0.5243555981043025,1
CMCSA,0001166691-25-000011,2025-01-31,0.0,0.5050954203721161,1,0.5354346411412475,1
CME,0001156375-23-000020,2023-02-27,0.0,0.49289716711973874,0,0.5153681355116628,1
CME,0001156375-24-000010,2024-02-28,1.0,0.4981496593882151,0,0.5241064147988744,1
CME,0001156375-25-000021,2025-02-27,1.0,0.4711993659834413,0,0.4719926510315242,0
CMG,0001058090-23-000010,2023-02-09,1.0,0.4764393482822165,0,0.5463405025107041,1
CMG,0001562762-24-000023,2024-02-08,0.0,0.4843951055545736,0,0.5362105669758939,1
CMG,0001058090-25-000014,2025-02-05,0.0,0.4676149045089983,0,0.5312682522579472,1
CMI,0000026172-23-000005,2023-02-14,0.0,0.4798292774747351,0,0.47129175689765085,0
CMI,0000026172-24-000012,2024-02-12,1.0,0.5138857539375024,1,0.4751325325244197,0
CMI,0000026172-25-000007,2025-02-11,1.0,0.5125595566507801,1,0.49553096408500363,0
CMS,0000811156-23-000014,2023-02-09,0.0,0.5046461783556363,1,0.5262486823121897,1
CMS,0000811156-24-000044,2024-02-08,1.0,0.5011235511589717,1,0.5094683334551782,1
CMS,0000811156-25-000036,2025-02-11,0.0,0.4901387074791401,0,0.45371012412611106,0
CNC,0001071739-23-000047,2023-02-21,0.0,0.45696370219111,0,0.5900254226727154,1
CNC,0001071739-24-000037,2024-02-20,0.0,0.47492497380651744,0,0.4937467530066307,0
CNC,0001071739-25-000027,2025-02-18,0.0,0.4690413365503186,0,0.5631794593987436,1
CNP,0001130310-23-000013,2023-02-17,0.0,0.4795730409784145,0,0.5248424634205137,1
CNP,0001130310-24-000010,2024-02-20,1.0,0.4807745973343738,0,0.49810768826202445,0
CNP,0001130310-25-000040,2025-02-20,1.0,0.49442940510278705,0,0.5253158049569947,1
COF,0000927628-23-000117,2023-02-24,0.0,0.5850509391942849,1,0.5325630684559522,1
COF,0000927628-24-000094,2024-02-23,1.0,0.6227068493977641,1,0.5570308677892459,1
COF,0000927628-25-000092,2025-02-20,0.0,0.6092768250151593,1,0.533946443180862,1
COHR,0000820318-23-000016,2023-08-18,1.0,0.46789284904034323,0,0.47630496169251224,0
COHR,0000820318-24-000016,2024-08-16,0.0,0.4802154914863873,0,0.46824957544928236,0
COIN,0001679788-23-000031,2023-02-21,1.0,0.49007610705223487,0,0.5063803781476608,1
COIN,0001679788-24-000022,2024-02-15,1.0,0.5255605174101726,1,0.555902536427266,1
COIN,0001679788-25-000022,2025-02-13,0.0,0.4493063288783203,0,0.5297149780690417,1
COO,0000711404-23-000072,2023-12-08,0.0,0.4628396461316644,0,0.5581149294824208,1
COO,0000711404-24-000074,2024-12-06,0.0,0.4943745210260933,0,0.5036433430881763,1
COP,0001163165-23-000006,2023-02-16,0.0,0.4262339335238839,0,0.5386975782452296,1
COP,0001163165-24-000010,2024-02-15,0.0,0.47883719165754235,0,0.47634031946086786,0
COP,0001163165-25-000012,2025-02-18,1.0,0.46140892269659206,0,0.48934624830889817,0
COR,0001140859-23-000197,2023-11-21,0.0,0.4376277039611203,0,0.5608822625309259,1
COR,0001140859-24-000177,2024-11-26,1.0,0.4751827227697423,0,0.5192814434014558,1
COST,0000909832-23-000042,2023-10-11,1.0,0.4932016268133242,0,0.6064428978105113,1
COST,0000909832-24-000049,2024-10-09,0.0,0.48154615735251044,0,0.5576310888422814,1
CPAY,0001628280-23-005444,2023-02-28,0.0,0.30150502103397353,0,0.4476897513996631,0
CPAY,0001628280-24-008060,2024-02-29,1.0,0.4594028414152217,0,0.4741048488804148,0
CPAY,0001628280-25-008746,2025-02-27,0.0,0.4931035079045111,0,0.4759321066346824,0
CPB,0000016732-23-000109,2023-09-21,0.0,0.49230621758384674,0,0.523834769055063,1
CPB,0000016732-24-000130,2024-09-19,0.0,0.4327075797427056,0,0.43760552923900037,0
CPRT,0000900075-23-000034,2023-09-28,0.0,0.5160822850736172,1,0.5621063122100103,1
CPRT,0000900075-24-000024,2024-09-30,0.0,0.5289468920061952,1,0.5167489364540421,1
CPT,0000906345-23-000008,2023-02-23,0.0,0.4970878695922628,0,0.5049008059011229,1
CPT,0000906345-24-000007,2024-02-22,1.0,0.5088469963756695,1,0.5281560529604036,1
CPT,0000906345-25-000008,2025-02-20,0.0,0.5023295669156147,1,0.5393588459954176,1
CRH,0001628280-24-007773,2024-02-29,1.0,0.4778695043231293,0,0.45427989814226927,0
CRH,0001628280-24-011326,2024-03-15,1.0,0.43558013988373173,0,0.6150573625162642,1
CRH,0001628280-25-008179,2025-02-26,1.0,0.6508866513425364,1,0.5939945559929286,1
CRL,0001100682-23-000006,2023-02-22,0.0,0.4547821430901362,0,0.5127737230235222,1
CRL,0001100682-24-000007,2024-02-14,0.0,0.42272924736722134,0,0.41742159969125847,0
CRL,0001100682-25-000011,2025-02-19,0.0,0.45988135411483255,0,0.4670696410556558,0
CRM,0001108524-24-000005,2024-03-06,0.0,0.404668181982259,0,0.42486261580849977,0
CRM,0001108524-25-000006,2025-03-05,0.0,0.40910038782548297,0,0.45131484611556516,0
CRWD,0001535527-23-000008,2023-03-09,1.0,0.4614150064053186,0,0.4853657640567022,0
CRWD,0001535527-24-000007,2024-03-07,0.0,0.45923524637773294,0,0.47914916593426815,0
CRWD,0001535527-25-000009,2025-03-10,1.0,0.46962239575046977,0,0.43709362508396243,0
CSCO,0000858877-23-000023,2023-09-07,0.0,0.48602909911791037,0,0.5209608959176377,1
CSCO,0000858877-24-000017,2024-09-05,1.0,0.4664806105487225,0,0.44897233646109747,0
CSGP,0001057352-23-000030,2023-02-22,0.0,0.4795491325509688,0,0.505419029357881,1
CSGP,0001057352-24-000013,2024-02-22,0.0,0.4765168809223654,0,0.4660060348858473,0
CSGP,0001057352-25-000016,2025-02-20,0.0,0.4831550735691323,0,0.5156098654387272,1
CSX,0000277948-23-000006,2023-02-15,0.0,0.4729000801496753,0,0.4902692454520014,0
CSX,0000277948-24-000010,2024-02-14,0.0,0.4922750196849593,0,0.4734368261535133,0
CSX,0000277948-25-000008,2025-02-27,1.0,0.45801916743688686,0,0.44899597449032047,0
CTAS,0000723254-23-000025,2023-07-27,1.0,0.530665122498332,1,0.5645156136698891,1
CTAS,0000723254-24-000036,2024-07-25,0.0,0.49456416064531644,0,0.5202867855438968,1
CTSH,0001058290-23-000027,2023-02-15,0.0,0.4368107547308634,0,0.4994514922554783,0
CTSH,0001058290-24-000017,2024-02-14,0.0,0.448667317327759,0,0.47826031886064235,0
CTSH,0001058290-25-000017,2025-02-12,0.0,0.4299527314200793,0,0.5066257640572613,1
CTVA,0001755672-23-000005,2023-02-09,0.0,0.49502923107931646,0,0.569714150557838,1
CTVA,0001755672-24-000004,2024-02-08,0.0,0.43515975100798715,0,0.4046994156394745,0
CTVA,0001755672-25-000005,2025-02-14,1.0,0.4596400173651907,0,0.48296230206847107,0
CVNA,0001690820-23-000052,2023-02-23,1.0,0.46157545092640795,0,0.4051670265931204,0
CVNA,0001690820-24-000093,2024-02-22,1.0,0.45605814148017854,0,0.4485083658561159,0
CVNA,0001690820-25-000074,2025-02-19,1.0,0.4824932836490391,0,0.5918336842064863,1
CVS,0000064803-23-000009,2023-02-08,0.0,0.509760837016655,1,0.5889948442477825,1
CVS,0000064803-24-000007,2024-02-07,0.0,0.50890449239852,1,0.5839919689141826,1
CVS,0000064803-25-000007,2025-02-12,1.0,0.5166522954504204,1,0.6267184315035084,1
CVX,0000093410-23-000009,2023-02-23,0.0,0.46035894016499923,0,0.47716555471430944,0
CVX,0000093410-24-000013,2024-02-26,0.0,0.49463634940692375,0,0.4807284278419955,0
CVX,0000093410-25-000009,2025-02-21,1.0,0.47846363222975324,0,0.4927872664306991,0
D,0000950170-23-003287,2023-02-21,0.0,0.47919884292819037,0,0.5430809010361793,1
D,0000950170-24-019110,2024-02-23,1.0,0.5047952630238702,1,0.5920839187532086,1
D,0000950170-25-028387,2025-02-27,0.0,0.5234139952214817,1,0.5949189377504043,1
DAL,0000027904-23-000003,2023-02-10,0.0,0.4878516782397865,0,0.5394834273464834,1
DAL,0000027904-24-000003,2024-02-12,1.0,0.4874348653222758,0,0.5168771471654328,1
DAL,0000027904-25-000004,2025-02-11,0.0,0.490263653511277,0,0.5869025977000992,1
DASH,0001628280-23-005131,2023-02-27,1.0,0.4301862715097912,0,0.45631772812260446,0
DASH,0001628280-24-005600,2024-02-20,1.0,0.44469234035848026,0,0.4800511139572466,0
DASH,0001628280-25-005715,2025-02-14,0.0,0.4276518949403468,0,0.47116883439658863,0
DD,0001666700-23-000008,2023-02-15,0.0,0.4653036644021411,0,0.5260394882072122,1
DD,0001666700-24-000008,2024-02-15,0.0,0.47757402306508695,0,0.4293354171751255,0
DD,0001666700-25-000005,2025-02-14,1.0,0.5066332250630713,1,0.5196022556658652,1
DDOG,0001561550-23-000006,2023-02-24,1.0,0.44019350137957325,0,0.4370254789791192,0
DDOG,0001561550-24-000009,2024-02-23,0.0,0.45824066009004416,0,0.46080832089178014,0
DDOG,0001561550-25-000025,2025-02-20,0.0,0.43944882515823275,0,0.45507728955555404,0
DE,0001558370-23-019812,2023-12-15,0.0,0.48955936101459396,0,0.5882242629289176,1
DE,0001558370-24-016169,2024-12-12,0.0,0.5238350674416027,1,0.5038654665059416,1
DECK,0000910521-23-000016,2023-05-26,1.0,0.4934780920817639,0,0.5196075688483357,1
DECK,0000910521-24-000017,2024-05-24,0.0,0.512566912553218,1,0.5206356878033123,1
DELL,0001571996-23-000007,2023-03-30,1.0,0.4754755859006101,0,0.506817810898148,1
DELL,0001571996-24-000036,2024-03-25,0.0,0.5254920512663878,1,0.523547296220378,1
DELL,0001571996-25-000034,2025-03-25,1.0,0.5576905100622028,1,0.5098331551793137,1
DG,0001558370-23-004574,2023-03-24,0.0,0.4395140463617614,0,0.5029218362994325,1
DG,0001558370-24-003813,2024-03-25,0.0,0.48789232711245284,0,0.5289505530871269,1
DG,0001558370-25-003413,2025-03-21,1.0,0.4686935955087141,0,0.5042646848996275,1
DGX,0001022079-23-000018,2023-02-21,0.0,0.45322299980306674,0,0.5211972239731991,1
DGX,0001022079-24-000041,2024-02-22,1.0,0.4760230794801027,0,0.4477011220881097,0
DGX,0001022079-25-000044,2025-02-20,1.0,0.4440310114733043,0,0.4313018312940717,0
DHI,0000882184-23-000115,2023-11-17,0.0,0.5850854194499661,1,0.5587742818860363,1
DHI,0000882184-24-000057,2024-11-19,0.0,0.5747521853367265,1,0.5047095934065888,1
DHR,0000313616-23-000087,2023-02-22,0.0,0.44425087855755097,0,0.4817662216228328,0
DHR,0000313616-24-000052,2024-02-21,0.0,0.44279969828168214,0,0.5109389149770739,1
DHR,0000313616-25-000043,2025-02-20,0.0,0.4515378461620053,0,0.525512543455731,1
DIS,0001193125-23-014219,2023-01-24,0.0,0.558056451076694,1,0.5934333305002184,1
DIS,0001744489-23-000216,2023-11-21,0.0,0.6072731344639194,1,0.6223345011190797,1
DIS,0001744489-24-000064,2024-01-24,0.0,0.4256487454510993,0,0.5384273897984166,1
DIS,0001744489-24-000276,2024-11-14,0.0,0.6134439184844073,1,0.6152546525936214,1
DLR,0001558370-23-002087,2023-02-27,1.0,0.4654687633913718,0,0.4245677793244804,0
DLR,0001558370-24-001575,2024-02-23,1.0,0.47204723745950483,0,0.4399434146943385,0
DLR,0001558370-25-001424,2025-02-25,0.0,0.5048451826679554,1,0.4642301825503654,0
DLTR,0000935703-23-000016,2023-03-10,0.0,0.4833558504481431,0,0.549235940117382,1
DLTR,0000935703-24-000011,2024-03-20,0.0,0.5327921442964885,1,0.5162273804048613,1
DLTR,0000935703-25-000015,2025-03-26,1.0,0.47042509004741556,0,0.4791923922718388,0
DOC,0001628280-23-002794,2023-02-08,0.0,0.5016169353514076,1,0.5539672014548229,1
DOC,0001628280-24-004094,2024-02-09,0.0,0.4862977753961358,0,0.4407103359413516,0
DOC,0001628280-25-003748,2025-02-04,0.0,0.433505590282497,0,0.36992831172152796,0
DOV,0000029905-23-000008,2023-02-10,0.0,0.426671969113486,0,0.5285204194087069,1
DOV,0000029905-24-000008,2024-02-09,1.0,0.38988055272607913,0,0.5433869846187531,1
DOV,0000029905-25-000006,2025-02-14,1.0,0.5037262199799187,1,0.5026779207971791,1
DOW,0001751788-23-000014,2023-02-01,0.0,0.5037404379567825,1,0.5528807253285098,1
DOW,0001751788-24-000010,2024-01-31,0.0,0.5024178026975268,1,0.5241870668379414,1
DOW,0001751788-25-000012,2025-02-04,0.0,0.48141077264060805,0,0.46904502141259136,0
DPZ,0000950170-23-003938,2023-02-23,1.0,0.5088730253277087,1,0.5025703075419655,1
DPZ,0000950170-24-019725,2024-02-26,0.0,0.4882914294274419,0,0.47597553475188553,0
DPZ,0000950170-25-025223,2025-02-24,0.0,0.47762358711937075,0,0.5095237252747554,1
DRI,0000940944-23-000037,2023-07-21,0.0,0.45202703072387834,0,0.5402182470210767,1
DRI,0000940944-24-000035,2024-07-19,1.0,0.4581527606052048,0,0.48862419595977175,0
DTE,0000936340-23-000073,2023-02-23,0.0,0.5031094544184127,1,0.5415131472897065,1
DTE,0000936340-24-000076,2024-02-08,1.0,0.505397028078238,1,0.5011846395721097,1
DTE,0000936340-25-000065,2025-02-13,1.0,0.4969210510156837,0,0.5446276253782179,1
DUK,0001326160-23-000073,2023-02-27,0.0,0.5071215324556296,1,0.6326682383717892,1
DUK,0001326160-24-000037,2024-02-23,1.0,0.500027912779528,1,0.5619892223280114,1
DUK,0001326160-25-000072,2025-02-27,0.0,0.4983839412350797,0,0.5456398122552305,1
DVA,0000927066-23-000011,2023-02-22,1.0,0.4669359789832886,0,0.499637901320673,0
DVA,0000927066-24-000013,2024-02-14,1.0,0.49757877685235413,0,0.46568597453649213,0
DVA,0000927066-25-000012,2025-02-13,0.0,0.5150346929138981,1,0.47067303019469375,0
DVN,0000950170-23-002852,2023-02-15,0.0,0.49703144042413416,0,0.4805447098601499,0
DVN,0000950170-24-021781,2024-02-28,0.0,0.4700055906816598,0,0.5340008176767854,1
DVN,0000950170-25-022844,2025-02-19,1.0,0.4646089937192592,0,0.4827256183056092,0
DXCM,0001093557-23-000024,2023-02-09,0.0,0.3987577984227078,0,0.45833064344152186,0
DXCM,0001093557-24-000021,2024-02-08,0.0,0.4105797750803806,0,0.48685408471186614,0
DXCM,0001093557-25-000036,2025-02-18,0.0,0.40762792979325163,0,0.4790880765816941,0
EA,0000712515-23-000028,2023-05-24,0.0,0.50814877019188,1,0.5916529934229824,1
EA,0000712515-24-000023,2024-05-22,0.0,0.5467830275273933,1,0.5569792146822541,1
EA,0000712515-25-000022,2025-05-13,1.0,0.5395703179006366,1,0.5807897043889635,1
EBAY,0001065088-23-000006,2023-02-23,0.0,0.5215892697804768,1,0.4847973541844066,0
EBAY,0001065088-24-000036,2024-02-28,1.0,0.5408570546409848,1,0.4891359935155385,0
EBAY,0001065088-25-000037,2025-02-27,1.0,0.5171511431792916,1,0.48975234795655836,0
ECL,0001558370-23-001969,2023-02-24,1.0,0.47756084118223413,0,0.48807218062420454,0
ECL,0001558370-24-001581,2024-02-23,1.0,0.48543945957189016,0,0.5179498046499803,1
ECL,0001558370-25-001263,2025-02-21,1.0,0.49296462743865144,0,0.5429366276098821,1
ED,0001047862-23-000038,2023-02-16,0.0,0.507699293025377,1,0.43389797111255946,0
ED,0001047862-24-000012,2024-02-15,0.0,0.5716560764799132,1,0.5715303443500449,1
ED,0001047862-25-000011,2025-02-20,1.0,0.5270175608487568,1,0.4955982572275509,0
EFX,0000033185-23-000012,2023-02-23,1.0,0.47680935942952474,0,0.541144164236338,1
EFX,0000033185-24-000017,2024-02-22,0.0,0.4957552078874878,0,0.46328658554924174,0
EFX,0000033185-25-000025,2025-02-20,0.0,0.4946027062919412,0,0.5382367723187442,1
EG,0001095073-23-000007,2023-02-24,0.0,0.7456379815179183,1,0.5645092694879007,1
EG,0001095073-24-000009,2024-02-28,0.0,0.5024292064582887,1,0.5943592685832101,1
EG,0001095073-25-000015,2025-02-27,0.0,0.624746928083439,1,0.49836626372487824,0
EIX,0000827052-23-000010,2023-02-23,0.0,0.48855353870949214,0,0.5001713420139556,1
EIX,0000827052-24-000013,2024-02-22,0.0,0.4941968674071536,0,0.4955323456851267,0
EIX,0000827052-25-000022,2025-02-27,1.0,0.4475067327003528,0,0.4512909466760615,0
EL,0001001250-23-000112,2023-08-18,0.0,0.4701704370393829,0,0.4662153404434981,0
EL,0001001250-24-000116,2024-08-19,0.0,0.5201557759524095,1,0.5636486514424517,1
ELV,0001156039-23-000007,2023-02-15,0.0,0.4449372700207204,0,0.4756422498068101,0
ELV,0001156039-24-000015,2024-02-21,0.0,0.43034097860643317,0,0.5063029312841505,1
ELV,0001156039-25-000010,2025-02-20,0.0,0.46790546287591317,0,0.4691410333612153,0
EME,0000105634-23-000005,2023-02-23,1.0,0.4723542533055598,0,0.5505887249012731,1
EME,0000105634-24-000006,2024-02-28,1.0,0.4563054056188507,0,0.4618707360971368,0
EME,0000105634-25-000015,2025-02-26,1.0,0.4833957276046722,0,0.523350481556852,1
EMR,0000032604-23-000044,2023-11-13,1.0,0.5095725275712596,1,0.5650575483209266,1
EMR,0000032604-24-000041,2024-11-12,0.0,0.48003282678705894,0,0.5084199723991559,1
EOG,0000821189-23-000015,2023-02-23,0.0,0.5247092038383119,1,0.49722577494618786,0
EOG,0000821189-24-000011,2024-02-22,0.0,0.5403023274610582,1,0.5429972325284558,1
EOG,0000821189-25-000011,2025-02-27,0.0,0.5381948799687706,1,0.5491811914958655,1
EPAM,0001352010-23-000013,2023-02-24,0.0,0.4943890269943791,0,0.47514489670230975,0
EPAM,0001352010-24-000008,2024-02-22,0.0,0.503786283176241,1,0.4970264651193841,0
EPAM,0001352010-25-000007,2025-02-28,0.0,0.47122450307813546,0,0.46478835876175406,0
EQIX,0001628280-23-004039,2023-02-17,0.0,0.46071216511514834,0,0.4638023813818924,0
EQIX,0001628280-24-005350,2024-02-16,0.0,0.37663483701082534,0,0.49825749503561184,0
EQIX,0001628280-25-005126,2025-02-12,0.0,0.46505261662681485,0,0.451799349708619,0
EQR,0000950170-23-003060,2023-02-16,0.0,0.44069806541855433,0,0.4777653657744229,0
EQR,0000950170-24-015907,2024-02-15,0.0,0.46446803487428434,0,0.4684830486635216,0
EQR,0000950170-25-019894,2025-02-13,0.0,0.45124849152152013,0,0.481879443331714,0
EQT,0000033213-23-000008,2023-02-16,0.0,0.4980916384726186,0,0.48286134739612585,0
EQT,0000033213-24-000008,2024-02-14,1.0,0.4954368215564272,0,0.5012092090380841,1
EQT,0000033213-25-000011,2025-02-19,0.0,0.45007610992479946,0,0.41823750417691186,0
ERIE,0000922621-23-000007,2023-03-01,1.0,0.6060594202980955,1,0.5240333733870348,1
ERIE,0000922621-24-000006,2024-02-26,0.0,0.5843260448533967,1,0.5059510576371496,1
ERIE,0000922621-25-000004,2025-02-27,0.0,0.5559762237917704,1,0.4917147343704151,0
ES,0000072741-23-000004,2023-02-15,0.0,0.5245404670122286,1,0.5768765516023825,1
ES,0000072741-24-000005,2024-02-14,0.0,0.551150945162748,1,0.5916977467260254,1
ES,0000072741-25-000007,2025-02-14,1.0,0.5327927811628388,1,0.5456300461229202,1
ESS,0000920522-23-000005,2023-02-23,0.0,0.5164040138849346,1,0.5352419521384404,1
ESS,0000920522-24-000033,2024-02-23,1.0,0.49997531610977325,0,0.4883047022538336,0
ESS,0000920522-25-000024,2025-02-21,0.0,0.5081935815469446,1,0.4802130876563706,0
ETN,0001551182-23-000004,2023-02-23,1.0,0.5123194295141907,1,0.5693191789456126,1
ETN,0001551182-24-000006,2024-02-29,0.0,0.5047077615035443,1,0.4982350965739766,0
ETN,0001551182-25-000006,2025-02-27,1.0,0.5380680600487592,1,0.5574245561000648,1
ETR,0000065984-23-000014,2023-02-24,0.0,0.7653520911741499,1,0.6167373768664387,1
ETR,0000065984-24-000012,2024-02-23,1.0,0.7866888059814016,1,0.6453782016967967,1
ETR,0000065984-25-000012,2025-02-18,1.0,0.7477744112628262,1,0.6406003124079731,1
EVRG,0001711269-23-000011,2023-02-24,0.0,0.5453542184518665,1,0.4651656208692584,0
EVRG,0001711269-24-000007,2024-02-29,1.0,0.5641867406006781,1,0.5121645605805231,1
EVRG,0001711269-25-000004,2025-02-27,1.0,0.5277566235953549,1,0.4674194477959539,0
EW,0001099800-23-000005,2023-02-13,0.0,0.4702652098275538,0,0.5059931128684535,1
EW,0001099800-24-000004,2024-02-12,0.0,0.4330255071188728,0,0.4432927074323805,0
EW,0001099800-25-000005,2025-02-28,1.0,0.45407990923772296,0,0.4465283640102885,0
EXC,0001109357-23-000018,2023-02-14,0.0,0.5280041872376902,1,0.5769159984176029,1
EXC,0001109357-24-000053,2024-02-21,1.0,0.5421417393535322,1,0.5918768871517094,1
EXC,0001109357-25-000043,2025-02-12,1.0,0.5343427010048388,1,0.6230351468014017,1
EXE,0000895126-23-000022,2023-02-22,0.0,0.4262711014437121,0,0.48730025085086304,0
EXE,0000895126-24-000013,2024-02-21,1.0,0.5362391501498543,1,0.5186095457095327,1
EXE,0000895126-25-000021,2025-02-26,0.0,0.4635593731094396,0,0.5099095024724183,1
EXPD,0000950170-23-005412,2023-03-01,0.0,0.4974962812775816,0,0.5117625916519372,1
EXPD,0000950170-24-019394,2024-02-23,0.0,0.4884710270259548,0,0.5359219016746938,1
EXPD,0000950170-25-024750,2025-02-21,1.0,0.4909807885400362,0,0.5203913372149828,1
EXPE,0001324424-23-000007,2023-02-10,1.0,0.45971388866342855,0,0.5459431520288853,1
EXPE,0001324424-24-000007,2024-02-09,1.0,0.42998504055180814,0,0.42912007498344423,0
EXPE,0001324424-25-000008,2025-02-07,1.0,0.4408720952358697,0,0.502506667203055,1
EXR,0001628280-23-005628,2023-02-28,0.0,0.5462838150549559,1,0.5550877494035047,1
EXR,0001628280-24-008044,2024-02-29,0.0,0.5173863016107295,1,0.512731392933261,1
EXR,0001628280-25-009060,2025-02-28,0.0,0.5318174915336604,1,0.5192797198533127,1
F,0000037996-23-000012,2023-02-03,0.0,0.5446108932299775,1,0.4651391001631153,0
F,0000037996-24-000009,2024-02-07,0.0,0.532569667863541,1,0.483063325351614,0
F,0000037996-25-000013,2025-02-06,1.0,0.5071668698111864,1,0.43102383846111364,0
FANG,0001539838-23-000022,2023-02-23,1.0,0.4949487142165462,0,0.4807366460745309,0
FANG,0001539838-24-000019,2024-02-22,0.0,0.48616876302817896,0,0.46195827834528286,0
FANG,0001539838-25-000021,2025-02-26,1.0,0.46888655046663485,0,0.4494492255393336,0
FAST,0000815556-23-000009,2023-02-07,1.0,0.504300049382203,1,0.5355438874115528,1
FAST,0000815556-24-000009,2024-02-06,0.0,0.40025192373356433,0,0.4940547353693135,0
FAST,0000815556-25-000065,2025-02-06,1.0,0.42123310479792914,0,0.5181172228307857,1
FCX,0000831259-23-000013,2023-02-15,0.0,0.09135698742968716,0,0.41823400495885865,0
FCX,0000831259-24-000011,2024-02-16,0.0,0.5041764344623475,1,0.5341432791981078,1
FCX,0000831259-25-000006,2025-02-14,1.0,0.5144370132104504,1,0.569408903532969,1
FDS,0001013237-23-000128,2023-10-27,0.0,0.5273952044448948,1,0.5556685247054431,1
FDS,0001013237-24-000141,2024-10-29,0.0,0.578047231637672,1,0.5329575984616642,1
FDX,0000950170-23-033201,2023-07-17,0.0,0.3987432502794546,0,0.43439614514828295,0
FDX,0000950170-24-083577,2024-07-15,0.0,0.44850460735172193,0,0.47693701610634814,0
FE,0001031296-23-000014,2023-02-13,0.0,0.43541624691719377,0,0.4678118316252332,0
FE,0001031296-24-000008,2024-02-13,0.0,0.47562069430871906,0,0.5124323580579859,1
FE,0001031296-25-000006,2025-02-27,1.0,0.4573049071137379,0,0.44773168360665844,0
FFIV,0001048695-23-000039,2023-11-14,1.0,0.5091152184987482,1,0.5226479627460435,1
FFIV,0001048695-24-000185,2024-11-18,0.0,0.536304809274006,1,0.5235684449237269,1
FICO,0000814547-23-000022,2023-11-08,1.0,0.466446562900246,0,0.557426720414346,1
FICO,0001628280-24-045719,2024-11-06,0.0,0.49138602281614197,0,0.4865689039248347,0
FIS,0001136893-23-000028,2023-02-27,0.0,0.5134795183272128,1,0.501249888137374,1
FIS,0001136893-24-000015,2024-02-26,0.0,0.5120006490172647,1,0.482377074556927,0
FIS,0001136893-25-000014,2025-02-13,0.0,0.49970778689131606,0,0.48159503619593486,0
FISV,0000798354-23-000004,2023-02-23,1.0,0.5010193450560222,1,0.5394648400089471,1
FISV,0000798354-24-000037,2024-02-22,1.0,0.543049681897329,1,0.5315640126236888,1
FISV,0000798354-25-000047,2025-02-20,0.0,0.5254255638122766,1,0.5362782081438962,1
FITB,0000035527-23-000122,2023-02-24,0.0,0.616347562582958,1,0.6088611287558839,1
FITB,0000035527-24-000088,2024-02-27,1.0,0.5904726055759083,1,0.5871858415354971,1
FITB,0000035527-25-000079,2025-02-24,1.0,0.6198622700876164,1,0.5780618373156069,1
FIX,0001558370-23-001757,2023-02-22,1.0,0.5364090689635138,1,0.6069429812796198,1
FIX,0001558370-24-001529,2024-02-22,1.0,0.49160912583378286,0,0.493604680618942,0
FIX,0001558370-25-001222,2025-02-20,1.0,0.46702283843927683,0,0.49893730493076577,0
FOX,0001628280-23-029065,2023-08-11,0.0,0.4485598943080808,0,0.47703625984180886,0
FOX,0001628280-24-036123,2024-08-08,1.0,0.4780832305059425,0,0.47188248119229825,0
FOXA,0001628280-23-029065,2023-08-11,0.0,0.4485598943080808,0,0.47703625984180886,0
FOXA,0001628280-24-036123,2024-08-08,1.0,0.4780832305059425,0,0.47188248119229825,0
FRT,0000034903-23-000020,2023-02-08,0.0,0.5058872069159812,1,0.48113661749280084,0
FRT,0000034903-24-000032,2024-02-12,0.0,0.5472050417894121,1,0.5265320339279753,1
FRT,0000034903-25-000016,2025-02-13,0.0,0.5133633665196816,1,0.525402059070724,1
FSLR,0001274494-23-000002,2023-02-28,0.0,0.4829717726319007,0,0.4872279739187397,0
FSLR,0001274494-24-000004,2024-02-27,0.0,0.47661485677835314,0,0.470243967708273,0
FSLR,0001274494-25-000010,2025-02-25,1.0,0.49676653218213945,0,0.45578244615018776,0
FTNT,0001262039-23-000010,2023-02-24,0.0,0.4697488037587639,0,0.4639504746859559,0
FTNT,0001262039-24-000014,2024-02-26,1.0,0.5103710769375982,1,0.4609433625423686,0
FTNT,0001262039-25-000011,2025-02-21,0.0,0.4409613593143754,0,0.41851314880935997,0
FTV,0001659166-23-000080,2023-02-28,0.0,0.49787191596001085,0,0.5377024497283,1
FTV,0001659166-24-000046,2024-02-27,0.0,0.4345509338996589,0,0.5710881482922828,1
FTV,0001659166-25-000024,2025-02-25,0.0,0.48538813180134865,0,0.5148102527118552,1
GD,0000040533-23-000014,2023-02-07,0.0,0.45136511323511147,0,0.5058725030665321,1
GD,0000040533-24-000007,2024-02-08,0.0,0.45763348357329126,0,0.502561737335018,1
GD,0000040533-25-000008,2025-02-07,1.0,0.45578296862721296,0,0.5238972194933533,1
GDDY,0001609711-23-000031,2023-02-16,1.0,0.41475803896064234,0,0.4316434576579554,0
GDDY,0001609711-24-000022,2024-02-29,1.0,0.4223760007146703,0,0.45827544135288445,0
GDDY,0001609711-25-000023,2025-02-20,0.0,0.38829567326921527,0,0.47615733833348706,0
GE,0000040545-23-000023,2023-02-10,1.0,0.4257510207178592,0,0.54144720124339,1
GE,0000040545-24-000027,2024-02-02,1.0,0.488331602824823,0,0.5166169405596953,1
GE,0000040545-25-000015,2025-02-03,1.0,0.5226867382652266,1,0.619076810649293,1
GEHC,0001932393-23-000025,2023-02-15,0.0,0.4270174126889541,0,0.4183083726165186,0
GEHC,0001932393-24-000013,2024-02-06,0.0,0.4523119833082138,0,0.4508907597823159,0
GEHC,0001932393-25-000005,2025-02-13,0.0,0.4409415247164311,0,0.5680043158660323,1
GEN,0000849399-23-000014,2023-05-25,1.0,0.4315616812497122,0,0.44742731714280154,0
GEN,0000849399-24-000036,2024-05-16,1.0,0.4772159112830625,0,0.5143613219305193,1
GEV,0001996810-25-000011,2025-02-06,1.0,0.4516276379858361,0,0.43078644645402675,0
GILD,0000882095-23-000007,2023-02-22,0.0,0.4333306316256594,0,0.5778772587230235,1
GILD,0000882095-24-000007,2024-02-23,1.0,0.4661365176062671,0,0.4859069520449216,0
GILD,0000882095-25-000006,2025-02-28,1.0,0.4448875125289615,0,0.4827857615961783,0
GIS,0001193125-23-177500,2023-06-28,0.0,0.4314176746538938,0,0.5605417243447022,1
GIS,0001193125-24-168943,2024-06-26,0.0,0.41038485193344315,0,0.504267700518626,1
GL,0000320335-23-000008,2023-02-23,0.0,0.5133322637380012,1,0.44630392459126955,0
GL,0000320335-24-000006,2024-02-28,0.0,0.5119271658432257,1,0.45622740015160285,0
GL,0000320335-25-000013,2025-02-26,1.0,0.5571812072118126,1,0.4722560373909019,0
GLW,0001437749-23-003123,2023-02-13,0.0,0.5068447144456611,1,0.6057923908209994,1
GLW,0001437749-24-003735,2024-02-12,1.0,0.4322953607558355,0,0.5612522816665743,1
GLW,0001628280-25-005347,2025-02-13,1.0,0.468032119748541,0,0.48482278485658953,0
GM,0001467858-23-000029,2023-01-31,0.0,0.4501243436984748,0,0.43432180487017535,0
GM,0001467858-24-000031,2024-01-30,1.0,0.49209407068436817,0,0.47194557093013534,0
GM,0001467858-25-000032,2025-01-28,1.0,0.4785460151061976,0,0.45845079091291674,0
GNRC,0001437749-23-004153,2023-02-22,0.0,0.4734308832157762,0,0.43348523646822057,0
GNRC,0001437749-24-005040,2024-02-21,1.0,0.4753811070958039,0,0.44597505343368,0
GNRC,0001437749-25-004353,2025-02-19,1.0,0.4532983666427928,0,0.46084034594705753,0
GOOG,0001652044-23-000016,2023-02-03,1.0,0.45655684157094306,0,0.46444957981444496,0
GOOG,0001652044-24-000022,2024-01-31,1.0,0.4141244907314898,0,0.3821374168813583,0
GOOG,0001652044-25-000014,2025-02-05,1.0,0.4494536841897976,0,0.4552705440113234,0
GOOGL,0001652044-23-000016,2023-02-03,1.0,0.45655684157094306,0,0.46444957981444496,0
GOOGL,0001652044-24-000022,2024-01-31,1.0,0.4141244907314898,0,0.3821374168813583,0
GOOGL,0001652044-25-000014,2025-02-05,1.0,0.4494536841897976,0,0.4552705440113234,0
GPC,0000040987-23-000008,2023-02-23,0.0,0.4829477334606121,0,0.5775414002713948,1
GPC,0000040987-24-000024,2024-02-22,0.0,0.4233444862860131,0,0.48818274935534833,0
GPC,0000040987-25-000026,2025-02-21,0.0,0.44027957434491577,0,0.4541967104190649,0
GPN,0001123360-23-000009,2023-02-17,0.0,0.5580629552430919,1,0.49816620823466784,0
GPN,0001123360-24-000004,2024-02-14,0.0,0.5601646829612774,1,0.4944985826026189,0
GPN,0001123360-25-000011,2025-02-14,0.0,0.5269366806645494,1,0.44647233929962493,0
GRMN,0000950170-23-003566,2023-02-22,1.0,0.4434056142527058,0,0.5463211253454686,1
GRMN,0000950170-24-017559,2024-02-21,1.0,0.4732525697970102,0,0.538947468312765,1
GRMN,0000950170-24-131914,2024-11-29,0.0,0.7380128040436433,1,0.6084358749928048,1
GRMN,0000950170-25-022760,2025-02-19,0.0,0.5779944600627699,1,0.5169833492435715,1
GWW,0000277135-23-000014,2023-02-21,1.0,0.47673634229214473,0,0.5727201715638999,1
GWW,0000277135-24-000011,2024-02-22,0.0,0.5493853758053272,1,0.6086430506460021,1
GWW,0000277135-25-000010,2025-02-20,0.0,0.5207908584092077,1,0.5165959442298134,1
HAL,0000045012-23-000011,2023-02-07,0.0,0.5217811574096114,1,0.5778659513540526,1
HAL,0000045012-24-000007,2024-02-06,0.0,0.5208544767760012,1,0.5302337897916082,1
HAL,0000045012-25-000010,2025-02-12,1.0,0.5247393912772637,1,0.5516593412636187,1
HAS,0000046080-23-000017,2023-02-22,0.0,0.4944357593120683,0,0.5029734723583974,1
HAS,0000046080-24-000034,2024-02-28,1.0,0.516779576680421,1,0.4711650101128776,0
HAS,0000046080-25-000027,2025-02-27,1.0,0.5649429883341883,1,0.5773412383091535,1
HBAN,0000049196-23-000020,2023-02-17,0.0,0.5375661110577161,1,0.4522038968397203,0
HBAN,0000049196-24-000020,2024-02-16,1.0,0.5661946749431782,1,0.4634156109390949,0
HBAN,0000049196-25-000020,2025-02-14,0.0,0.5742696507495374,1,0.520303636979626,1
HCA,0000950170-23-003234,2023-02-17,0.0,0.4721956895100182,0,0.46265662446543604,0
HCA,0000950170-24-016524,2024-02-16,0.0,0.4680512493070697,0,0.49541658489932655,0
HCA,0000950170-25-020134,2025-02-14,1.0,0.4891019055231397,0,0.4741426138491344,0
HD,0000354950-23-000059,2023-03-15,0.0,0.45934618959177703,0,0.5016791353656989,1
HD,0000354950-24-000062,2024-03-13,0.0,0.497884091459436,0,0.5235340495214601,1
HD,0000354950-25-000085,2025-03-21,0.0,0.4529187227703485,0,0.428793775904244,0
HIG,0000874766-23-000023,2023-02-24,0.0,0.6280587858943986,1,0.6453962281363094,1
HIG,0000874766-24-000016,2024-02-23,1.0,0.6032731451149386,1,0.646082090434836,1
HIG,0000874766-25-000023,2025-02-21,1.0,0.6317537017778011,1,0.6462425488342803,1
HII,0001501585-23-000010,2023-02-09,1.0,0.45498080342744573,0,0.5169728729871188,1
HII,0001501585-24-000007,2024-02-01,0.0,0.4444218059633032,0,0.5204727579585551,1
HII,0001501585-25-000006,2025-02-06,1.0,0.47786795697342843,0,0.4778962634829468,0
HLT,0001585689-23-000036,2023-02-09,1.0,0.4509110218682322,0,0.46909388458807477,0
HLT,0001585689-24-000027,2024-02-07,1.0,0.4922624517936028,0,0.5052383689672562,1
HLT,0001585689-25-000008,2025-02-06,1.0,0.47022061179620955,0,0.48344960489190486,0
HON,0000773840-23-000013,2023-02-10,0.0,0.44744001916878284,0,0.4426050007212954,0
HON,0000773840-24-000014,2024-02-16,0.0,0.4787775104238581,0,0.4532153972379143,0
HON,0000773840-25-000010,2025-02-14,1.0,0.4635956522817307,0,0.4610321439645564,0
HOOD,0001783879-23-000045,2023-02-27,1.0,0.4303879015105984,0,0.4554431000897165,0
HOOD,0001783879-24-000054,2024-02-27,1.0,0.4813395124455975,0,0.4872096096687818,0
HOOD,0001783879-25-000049,2025-02-18,1.0,0.45716212270365886,0,0.46766864143812836,0
HPE,0001645590-23-000117,2023-12-22,1.0,0.4218344823412479,0,0.4287630949581391,0
HPE,0001645590-24-000139,2024-12-19,1.0,0.47221248772350377,0,0.47396216388480494,0
HPQ,0000047217-23-000075,2023-09-11,0.0,0.45118506269360925,0,0.5396640961111991,1
HPQ,0000047217-23-000100,2023-12-18,0.0,0.5409434209623185,1,0.5486938521477331,1
HPQ,0000047217-24-000080,2024-12-13,0.0,0.44535176362378337,0,0.48071475406550157,0
HRL,0000048465-23-000083,2023-12-06,0.0,0.4942483088132665,0,0.5151922973851913,1
HRL,0000048465-24-000051,2024-12-05,0.0,0.49819225053042826,0,0.5293238084394283,1
HSIC,0001000228-23-000011,2023-02-21,0.0,0.428250909895318,0,0.45235375760653135,0
HSIC,0001000228-24-000011,2024-02-28,0.0,0.4753142794636702,0,0.46970494867137375,0
HSIC,0001000228-25-000014,2025-02-25,0.0,0.4823270039308997,0,0.47395841623748386,0
HST,0000950170-23-003778,2023-02-22,0.0,0.48558445843087333,0,0.5125640510061938,1
HST,0001070750-24-000081,2024-02-28,0.0,0.4943236001290209,0,0.49735170837969245,0
HST,0001070750-25-000071,2025-02-26,1.0,0.46285098860798063,0,0.4571014278784302,0
HSY,0000047111-23-000012,2023-02-17,0.0,0.49806947323117384,0,0.5653017825418454,1
HSY,0000047111-24-000009,2024-02-20,0.0,0.48877751367149835,0,0.45619269014107383,0
HSY,0000047111-25-000014,2025-02-18,1.0,0.5395778815228056,1,0.5440041825830151,1
HUBB,0001628280-23-002875,2023-02-09,1.0,0.4883173963538108,0,0.5502172411681788,1
HUBB,0001628280-24-003792,2024-02-08,0.0,0.5177921438820472,1,0.49460780703664026,0
HUBB,0001628280-25-005311,2025-02-13,1.0,0.546969697400877,1,0.5810923275771314,1
HUM,0000049071-23-000011,2023-02-16,0.0,0.45465561845477437,0,0.4703422059996503,0
HUM,0000049071-24-000012,2024-02-15,0.0,0.45488335313385275,0,0.5238023802988233,1
HUM,0000049071-25-000007,2025-02-20,0.0,0.4965952635170582,0,0.581969041956289,1
HWM,0000004281-23-000004,2023-02-14,1.0,0.46033520350930907,0,0.5119716726423447,1
HWM,0000004281-24-000007,2024-02-13,1.0,0.4841302800313666,0,0.4989341643577643,0
HWM,0000004281-25-000011,2025-02-14,1.0,0.48346346307366506,0,0.5111627748086789,1
IBKR,0001381197-23-000014,2023-02-24,0.0,0.494116539583119,0,0.4779431172982181,0
IBKR,0001381197-24-000083,2024-02-27,1.0,0.5370908968951275,1,0.4886819581061086,0
IBKR,0001381197-25-000036,2025-02-27,1.0,0.5091222018866113,1,0.5456045268871409,1
IBM,0001558370-23-002376,2023-02-28,1.0,0.6547436023878304,1,0.5909310577517592,1
IBM,0000051143-24-000012,2024-02-26,1.0,0.6533810246504623,1,0.5584500885038717,1
IBM,0000051143-25-000015,2025-02-25,0.0,0.6595431447942198,1,0.5548215520535081,1
ICE,0001571949-23-000006,2023-02-02,0.0,0.5011635393090913,1,0.4485091840760267,0
ICE,0001193125-23-070799,2023-03-15,1.0,0.4328277162116789,0,0.5406469660426894,1
ICE,0001193125-23-079282,2023-03-24,1.0,0.9470352446125149,1,0.6479567311771064,1
ICE,0001571949-24-000007,2024-02-08,1.0,0.5013232791904602,1,0.4901242520043515,0
ICE,0001193125-24-078967,2024-03-27,1.0,0.8742157408449471,1,0.6219545162218008,1
ICE,0001571949-25-000003,2025-02-06,0.0,0.5087366936612712,1,0.4722918581012133,0
ICE,0001193125-25-059270,2025-03-20,0.0,0.8652390967442615,1,0.6090320492304899,1
IDXX,0000874716-23-000006,2023-02-16,0.0,0.4879302411469157,0,0.5143546886230574,1
IDXX,0000874716-24-000057,2024-02-22,0.0,0.46641370706308666,0,0.4656452598379417,0
IDXX,0000874716-25-000037,2025-02-21,1.0,0.4536918889141066,0,0.47963268350498384,0
IEX,0000832101-23-000013,2023-02-23,0.0,0.4911874535087205,0,0.5049994786748686,1
IEX,0000832101-24-000009,2024-02-22,0.0,0.4493357091282913,0,0.5114508834667765,1
IEX,0000832101-25-000010,2025-02-20,0.0,0.4597017748841758,0,0.5418816567626008,1
IFF,0000051253-23-000009,2023-02-27,0.0,0.4533601768079936,0,0.4709832071196746,0
IFF,0000051253-24-000006,2024-02-28,0.0,0.48505057085705144,0,0.46933997784396997,0
IFF,0000051253-25-000013,2025-02-28,0.0,0.49657912470688964,0,0.5123002760214403,1
INCY,0000879169-23-000008,2023-02-07,0.0,0.42963199277329106,0,0.44965018934394674,0
INCY,0000879169-24-000045,2024-02-13,0.0,0.41452961456519577,0,0.4557275234825562,0
INCY,0001628280-25-004633,2025-02-10,1.0,0.3375265746048003,0,0.4545983114754879,0
INTC,0000050863-23-000006,2023-01-27,1.0,0.40457873454540894,0,0.44699717319344623,0
INTC,0000050863-24-000010,2024-01-26,0.0,0.41308582308304315,0,0.46009477170876956,0
INTC,0000050863-25-000009,2025-01-31,1.0,0.4172369560400514,0,0.4253245384773303,0
INTU,0000896878-23-000034,2023-09-01,0.0,0.4737599203395595,0,0.48213198383361944,0
INTU,0000896878-24-000039,2024-09-04,0.0,0.5005373767437238,1,0.472693202887141,0
INVH,0001687229-23-000029,2023-02-22,0.0,0.48272115443180086,0,0.4704209617067013,0
INVH,0001687229-24-000013,2024-02-21,0.0,0.46819134423388004,0,0.43948229574057196,0
INVH,0001687229-25-000008,2025-02-27,0.0,0.48207677026030316,0,0.4263390128064707,0
IP,0000051434-23-000013,2023-02-17,0.0,0.4963347996769822,0,0.4664492331768609,0
IP,0000051434-24-000024,2024-02-16,1.0,0.44082380955853795,0,0.49257573507866426,0
IP,0000051434-25-000013,2025-02-21,0.0,0.5169470842040643,1,0.5496177870109017,1
IQV,0001478242-23-000044,2023-02-15,0.0,0.3973555524939278,0,0.47038776138062766,0
IQV,0001478242-24-000038,2024-02-15,0.0,0.4068278085449579,0,0.44351363810846794,0
IQV,0001478242-25-000045,2025-02-13,0.0,0.41912976712278005,0,0.463302330832981,0
IR,0001628280-23-004287,2023-02-21,1.0,0.4738488378916977,0,0.5295025028764211,1
IR,0001628280-24-006642,2024-02-23,0.0,0.47509946062366587,0,0.533567404139396,1
IR,0001628280-25-006391,2025-02-19,0.0,0.49654711671507173,0,0.5461328035083364,1
IRM,0001020569-23-000043,2023-02-23,1.0,0.4646099485917055,0,0.45938033807015205,0
IRM,0001020569-24-000040,2024-02-22,1.0,0.4985705539752457,0,0.5081629632930128,1
IRM,0001020569-25-000040,2025-02-14,1.0,0.4918917060532618,0,0.5191377924934835,1
ISRG,0001035267-23-000019,2023-02-10,1.0,0.4203109914289573,0,0.46327718969144654,0
ISRG,0001035267-24-000021,2024-01-31,1.0,0.4523216057562424,0,0.47772783135234914,0
ISRG,0001035267-25-000017,2025-01-31,0.0,0.42697183666184313,0,0.4923205132307307,0
IT,0000749251-23-000006,2023-02-16,1.0,0.531917379222674,1,0.5608328594604218,1
IT,0000749251-24-000006,2024-02-15,0.0,0.5426034542071747,1,0.5646056168786456,1
IT,0000749251-25-000008,2025-02-13,0.0,0.5202191943902057,1,0.5446336660841714,1
ITW,0000049826-23-000008,2023-02-10,0.0,0.5256967374649208,1,0.567933238774141,1
ITW,0000049826-24-000008,2024-02-09,0.0,0.5337051337725365,1,0.5254468625147077,1
ITW,0000049826-25-000007,2025-02-14,1.0,0.5412952221637306,1,0.5335909582345977,1
IVZ,0000914208-23-000297,2023-02-23,0.0,0.541056655950966,1,0.5751640845005371,1
IVZ,0000914208-24-000219,2024-02-21,0.0,0.6137854752743873,1,0.5140882252970226,1
IVZ,0000914208-25-000114,2025-02-25,1.0,0.5341245732219115,1,0.5270409855306133,1
J,0000052988-23-000084,2023-11-21,0.0,0.44371041314279835,0,0.48140453916567066,0
J,0000052988-24-000065,2024-11-25,0.0,0.47575289616443367,0,0.4946665432898494,0
JBHT,0001437749-23-004530,2023-02-24,0.0,0.5470602770456839,1,0.5542538773976855,1
JBHT,0001437749-24-005368,2024-02-23,0.0,0.5972218198418691,1,0.6024389146004296,1
JBHT,0001437749-25-004736,2025-02-21,1.0,0.5289674196986031,1,0.6018130629446751,1
JBL,0001193125-23-259599,2023-10-20,0.0,0.48171433484968945,0,0.47120680951186444,0
JBL,0001628280-24-043960,2024-10-28,1.0,0.4973539734604909,0,0.4779787164244331,0
JCI,0000833444-23-000048,2023-12-14,1.0,0.4392829567645337,0,0.459577302415812,0
JCI,0000833444-24-000064,2024-11-19,1.0,0.454407864896446,0,0.4690787217813295,0
JKHY,0000779152-23-000062,2023-08-24,0.0,0.48134477142132653,0,0.5170810846955337,1
JKHY,0000779152-24-000079,2024-08-26,0.0,0.5403441046707833,1,0.5461290990216757,1
JNJ,0000200406-23-000016,2023-02-16,0.0,0.3685229025103294,0,0.47304948341159786,0
JNJ,0000200406-24-000013,2024-02-16,0.0,0.4180094412831877,0,0.6004994328900574,1
JNJ,0000200406-25-000038,2025-02-13,1.0,0.4267522661464731,0,0.5210142807771857,1
KDP,0001418135-23-000003,2023-02-23,0.0,0.4454615376182718,0,0.49358450669674736,0
KDP,0001418135-24-000007,2024-02-22,0.0,0.491110003479525,0,0.5320519457841875,1
KDP,0001418135-25-000013,2025-02-25,0.0,0.4169431934569754,0,0.4572863131894342,0
KEY,0000091576-23-000026,2023-02-22,0.0,0.5869642980386126,1,0.5221527353776687,1
KEY,0000091576-24-000040,2024-02-22,1.0,0.6133193835405346,1,0.5203359495952623,1
KEY,0000091576-25-000038,2025-02-21,1.0,0.6111082727154107,1,0.5526430126234044,1
KEYS,0001601046-23-000134,2023-12-15,0.0,0.468061357260959,0,0.5347777436940478,1
KEYS,0001601046-24-000159,2024-12-17,1.0,0.430157604670271,0,0.4262582868440444,0
KHC,0001637459-23-000009,2023-02-16,0.0,0.4952159163678359,0,0.5674316342791454,1
KHC,0001637459-24-000018,2024-02-15,0.0,0.516547664778613,1,0.4959491172321852,0
KHC,0001637459-25-000011,2025-02-13,0.0,0.511017721528152,1,0.523195195515477,1
KIM,0001437749-23-004541,2023-02-24,0.0,0.464864833428421,0,0.46210080699720085,0
KIM,0001437749-24-005407,2024-02-26,1.0,0.5056099673277489,1,0.4764617438771364,0
KIM,0000950170-25-024723,2025-02-21,0.0,0.46402472123272204,0,0.39851854973990836,0
KKR,0001404912-23-000005,2023-02-27,1.0,0.77827870663279,1,0.7130037892530896,1
KKR,0001404912-24-000005,2024-02-29,1.0,0.7673895217668171,1,0.6750469538078417,1
KKR,0001404912-25-000015,2025-02-28,0.0,0.7637069771784042,1,0.6812696732567015,1
KLAC,0000319201-23-000031,2023-08-04,1.0,0.4938078427209608,0,0.5280756848324141,1
KLAC,0000319201-24-000021,2024-08-05,1.0,0.5098363282990156,1,0.5063732872284277,1
KMB,0000055785-23-000012,2023-02-09,0.0,0.4949562992410493,0,0.49165541989206984,0
KMB,0000055785-24-000018,2024-02-08,0.0,0.4863589000498185,0,0.520374506582224,1
KMB,0000055785-25-000013,2025-02-13,0.0,0.5317008508242472,1,0.5300210616639377,1
KMI,0001506307-23-000023,2023-02-08,0.0,0.4733793985394533,0,0.5207450781468591,1
KMI,0001506307-24-000011,2024-02-20,1.0,0.4782481724800664,0,0.4967307447741755,0
KMI,0001506307-25-000008,2025-02-13,1.0,0.46693657318609055,0,0.493081595064352,0
KO,0000021344-23-000011,2023-02-21,0.0,0.47363627080502935,0,0.5123392198578594,1
KO,0000021344-24-000009,2024-02-20,0.0,0.475618349492052,0,0.4999823687895717,0
KO,0000021344-25-000011,2025-02-20,1.0,0.4555089519784546,0,0.4851517853233138,0
KR,0001558370-23-004767,2023-03-28,0.0,0.4534226718250722,0,0.4726893971453458,0
KR,0001558370-24-004603,2024-04-02,1.0,0.5074286161947559,1,0.49091650699113937,0
KR,0001558370-25-004267,2025-04-01,0.0,0.4758366413318171,0,0.4675800786577927,0
KVUE,0001944048-24-000057,2024-03-01,1.0,0.4454479738216949,0,0.41865321834615393,0
KVUE,0001944048-25-000033,2025-02-24,0.0,0.45837780348639806,0,0.47560600600986686,0
L,0000060086-23-000025,2023-02-07,0.0,0.48219974484325206,0,0.4889384368152239,0
L,0000060086-24-000029,2024-02-06,0.0,0.46024257462892426,0,0.46177811049480916,0
L,0000060086-25-000036,2025-02-11,1.0,0.4962051393299519,0,0.5082154884781878,1
LDOS,0001336920-23-000015,2023-02-14,1.0,0.4818238191732665,0,0.47177348633290733,0
LDOS,0001336920-24-000008,2024-02-13,0.0,0.47018345552640733,0,0.4595404557400865,0
LDOS,0001336920-25-000006,2025-02-11,1.0,0.4874559159174868,0,0.5010307011927777,1
LEN,0001628280-23-001606,2023-01-26,1.0,0.5390044237099347,1,0.4803478708466138,0
LEN,0001628280-24-002371,2024-01-26,0.0,0.5542353279542256,1,0.487227982249089,0
LEN,0001628280-25-002404,2025-01-23,0.0,0.4407236562263613,0,0.4891059067612724,0
LH,0000920148-23-000017,2023-02-28,0.0,0.4598031448016052,0,0.48059992859540435,0
LH,0000920148-24-000014,2024-02-26,0.0,0.45469806044906486,0,0.4733889759753786,0
LH,0000920148-25-000032,2025-02-25,0.0,0.4284567775151649,0,0.5550916851326508,1
LHX,0000202058-23-000014,2023-02-24,0.0,0.5047496810313568,1,0.5738704494921637,1
LHX,0000202058-24-000029,2024-02-20,0.0,0.4939241394168921,0,0.5541353216765902,1
LHX,0000202058-25-000023,2025-02-14,1.0,0.5121402946885499,1,0.6013514255444522,1
LII,0001628280-23-004257,2023-02-21,1.0,0.47873508709927914,0,0.562570575005114,1
LII,0001628280-24-004446,2024-02-13,1.0,0.502935017895101,1,0.5198480160438435,1
LII,0001628280-25-004859,2025-02-11,0.0,0.5235658026055023,1,0.5487444290685536,1
LIN,0001628280-23-005434,2023-02-28,1.0,0.5106197498633789,1,0.5425041791170617,1
LIN,0001628280-24-007424,2024-02-28,0.0,0.5081792292965751,1,0.5025190411308849,1
LIN,0001628280-25-007990,2025-02-26,0.0,0.5175684451131675,1,0.5482249285195867,1
LITE,0001628280-23-030374,2023-08-23,0.0,0.4736422434711757,0,0.41997076631426045,0
LITE,0001628280-24-038024,2024-08-21,1.0,0.4954400909919113,0,0.4609731618211392,0
LLY,0000059478-23-000082,2023-02-22,1.0,0.4175530643979886,0,0.5411426626014518,1
LLY,0000059478-24-000065,2024-02-21,0.0,0.4445900178543055,0,0.5318595910077232,1
LLY,0000059478-25-000067,2025-02-19,1.0,0.46723425988965794,0,0.5359237426393421,1
LMT,0000936468-23-000009,2023-01-26,0.0,0.4802653162061962,0,0.603787017439716,1
LMT,0000936468-24-000010,2024-01-23,0.0,0.42231629108788543,0,0.5320848061734962,1
LMT,0000936468-25-000009,2025-01-28,1.0,0.45593524022104054,0,0.5243398349069922,1
LNT,0000352541-23-000017,2023-02-24,0.0,0.4575844803943673,0,0.43494170862962006,0
LNT,0000352541-24-000014,2024-02-16,1.0,0.47783222835530365,0,0.47523501532966167,0
LNT,0000352541-25-000014,2025-02-21,1.0,0.482897319678103,0,0.46071219622494236,0
LOW,0000060667-23-000034,2023-03-27,1.0,0.4897160134105764,0,0.49730898982425553,0
LOW,0000060667-24-000033,2024-03-25,0.0,0.5040045893719922,1,0.5303188035444207,1
LOW,0000060667-25-000049,2025-03-24,0.0,0.47108669074926,0,0.5295406056097741,1
LRCX,0000707549-23-000102,2023-08-15,1.0,0.4751685550996722,0,0.47624206779444717,0
LRCX,0000707549-24-000106,2024-08-29,1.0,0.4877374439509859,0,0.5278245496402952,1
LULU,0001397187-23-000012,2023-03-28,0.0,0.5157320900785196,1,0.5262460909604006,1
LULU,0001397187-24-000010,2024-03-21,0.0,0.4951578071642426,0,0.49097924212923827,0
LULU,0001397187-25-000013,2025-03-27,0.0,0.4568856409913146,0,0.510431271357622,1
LUV,0000092380-23-000010,2023-02-07,0.0,0.4815455103236025,0,0.4504962407113166,0
LUV,0000092380-24-000027,2024-02-06,0.0,0.45801871762008833,0,0.46482000544325947,0
LUV,0000092380-25-000024,2025-02-07,1.0,0.44459810708343217,0,0.4687888506835728,0
LVS,0001300514-23-000021,2023-02-03,0.0,0.4923341455067156,0,0.4499651501382885,0
LVS,0001300514-24-000048,2024-02-07,0.0,0.4829374583989258,0,0.47407164237753563,0
LVS,0001300514-25-000040,2025-02-07,1.0,0.494500236359241,0,0.5234038564797046,1
LYB,0001489393-23-000006,2023-02-23,0.0,0.48282825570520044,0,0.4854467848580942,0
LYB,0001489393-24-000012,2024-02-22,0.0,0.5255335015256436,1,0.5928443337766572,1
LYB,0001489393-25-000008,2025-02-27,0.0,0.48987927915046,0,0.521842755785616,1
LYV,0001335258-23-000014,2023-02-23,0.0,0.4845725001115474,0,0.5534015057107783,1
LYV,0001335258-24-000017,2024-02-22,1.0,0.4831806620408629,0,0.5001915656294419,1
LYV,0001335258-25-000028,2025-02-21,0.0,0.4999641036339339,0,0.5097951854991536,1
MA,0001141391-23-000020,2023-02-14,1.0,0.44869196921027554,0,0.46577837942489425,0
MA,0001141391-24-000022,2024-02-13,0.0,0.4612596124928157,0,0.4877985004193955,0
MA,0001141391-25-000011,2025-02-12,0.0,0.4471938992749659,0,0.5523131759575927,1
MAA,0000950170-23-002778,2023-02-14,0.0,0.4935735153969732,0,0.5302822443911688,1
MAA,0000950170-24-013275,2024-02-09,1.0,0.4967445633334207,0,0.4816395922147619,0
MAA,0000950170-25-016287,2025-02-07,0.0,0.48260476438467387,0,0.474658640148472,0
MAR,0001628280-23-003485,2023-02-14,1.0,0.5573392893674933,1,0.6286995561279214,1
MAR,0001628280-24-004372,2024-02-13,0.0,0.4747813773190067,0,0.5159981116556323,1
MAR,0001628280-25-004818,2025-02-11,1.0,0.5135672680274748,1,0.5193190535016092,1
MAS,0000062996-23-000008,2023-02-09,1.0,0.4726949115698662,0,0.577177353778085,1
MAS,0000062996-24-000006,2024-02-08,0.0,0.5272859421280878,1,0.5455174814778101,1
MAS,0000062996-25-000004,2025-02-11,0.0,0.5289728555374485,1,0.5860041290676851,1
MCD,0000063908-23-000012,2023-02-24,0.0,0.4592527654573117,0,0.5345208018125079,1
MCD,0000063908-24-000072,2024-02-22,0.0,0.45667484921544144,0,0.5142948018170622,1
MCD,0000063908-25-000012,2025-02-25,0.0,0.45663266236386796,0,0.48902749244729166,0
MCHP,0000827054-23-000080,2023-05-25,1.0,0.5032986953514323,1,0.4883761085739023,0
MCHP,0000827054-24-000098,2024-05-23,0.0,0.4930141419088814,0,0.4767697304330335,0
MCK,0000927653-23-000038,2023-05-09,1.0,0.433248943097447,0,0.5006544426951206,1
MCK,0000927653-24-000035,2024-05-08,1.0,0.46103230247768867,0,0.5962441381235765,1
MCK,0000927653-25-000036,2025-05-09,0.0,0.4614711734556483,0,0.5453012961956657,1
MCO,0001059556-23-000016,2023-02-15,0.0,0.487321827870528,0,0.5335020999138282,1
MCO,0001059556-24-000017,2024-02-14,1.0,0.47039802801973424,0,0.4597445412444491,0
MCO,0001059556-25-000025,2025-02-14,0.0,0.5120952807944263,1,0.5470937775249616,1
MDLZ,0001103982-23-000006,2023-02-03,0.0,0.4476534457282936,0,0.5702862472598204,1
MDLZ,0001103982-24-000019,2024-02-02,0.0,0.4415287607335708,0,0.5317376550132052,1
MDLZ,0001103982-25-000030,2025-02-05,0.0,0.4441596446705105,0,0.5378540843483621,1
MDT,0001613103-23-000040,2023-06-22,0.0,0.375980912606669,0,0.4384277074807626,0
MDT,0001613103-24-000072,2024-06-20,0.0,0.39426581881927747,0,0.44891326071053006,0
MET,0001099219-23-000045,2023-02-23,0.0,0.6048872035477585,1,0.6844832794552212,1
MET,0001099219-24-000035,2024-02-16,1.0,0.5528813588701759,1,0.6038093348511299,1
MET,0001099219-25-000044,2025-02-21,0.0,0.6028712301213128,1,0.6657042337219258,1
META,0001326801-25-000017,2025-01-30,0.0,0.44724157189254965,0,0.4207279506659518,0
MGM,0000789570-23-000008,2023-02-24,0.0,0.5169066389306799,1,0.5542223923465667,1
MGM,0000789570-24-000005,2024-02-23,0.0,0.5132188487296512,1,0.4892741149123731,0
MGM,0000789570-25-000008,2025-02-18,0.0,0.47424123285451664,0,0.5098364155169635,1
MKC,0000063754-23-000005,2023-01-26,0.0,0.5050980920394685,1,0.4626396732440701,0
MKC,0000063754-24-000027,2024-01-25,0.0,0.48669353677567107,0,0.5463139892471666,1
MKC,0000063754-25-000005,2025-01-23,0.0,0.5167337194517964,1,0.5590065088046284,1
MLM,0000950170-23-004361,2023-02-24,1.0,0.46082636301100927,0,0.46597974769555556,0
MLM,0000950170-24-019275,2024-02-23,0.0,0.481821617393813,0,0.5170164122379275,1
MLM,0000950170-25-024770,2025-02-21,1.0,0.41850185880995994,0,0.4720490649419593,0
MMM,0000066740-23-000014,2023-02-08,0.0,0.39013459996519895,0,0.44363395902690334,0
MMM,0000066740-24-000016,2024-02-07,1.0,0.4700978500297248,0,0.5314214300824626,1
MMM,0000066740-25-000006,2025-02-05,0.0,0.3689257992391825,0,0.40256650929310556,0
MNST,0001104659-23-027245,2023-03-01,0.0,0.4646639182358153,0,0.4441847592871005,0
MNST,0001104659-24-029425,2024-02-29,0.0,0.4859232846407624,0,0.5003528299484861,1
MNST,0001410578-25-000248,2025-02-28,1.0,0.4731609769145738,0,0.4709554797568736,0
MO,0000764180-23-000020,2023-02-27,0.0,0.33103871644236904,0,0.4422893247926498,0
MO,0000764180-24-000018,2024-02-27,1.0,0.35517233916543745,0,0.46804490058367104,0
MO,0000764180-25-000019,2025-02-26,1.0,0.37858622548884147,0,0.475509034280819,0
MOS,0001618034-23-000003,2023-02-23,0.0,0.45543971813018796,0,0.5266788596495063,1
MOS,0001618034-24-000004,2024-02-22,0.0,0.4707110109790541,0,0.5244447215519614,1
MOS,0001618034-25-000003,2025-03-03,0.0,0.47509051601237945,0,0.5218699914802004,1
MPC,0001510295-23-000012,2023-02-23,1.0,0.4711456164348685,0,0.4905159835465109,0
MPC,0001510295-24-000015,2024-02-28,0.0,0.4654270233676611,0,0.48895721484535,0
MPC,0001510295-25-000012,2025-02-27,1.0,0.4739616632155176,0,0.4513118860696401,0
MPWR,0001437749-23-004540,2023-02-24,1.0,0.5265266643262952,1,0.5177154259281763,1
MPWR,0001437749-24-006133,2024-02-29,0.0,0.533274952493053,1,0.5109124337168817,1
MPWR,0001437749-25-005903,2025-03-03,1.0,0.5203692724644883,1,0.5666315330246998,1
MRK,0001628280-23-005061,2023-02-24,0.0,0.4193501485203388,0,0.5022020998932704,1
MRK,0001628280-24-006850,2024-02-26,0.0,0.4431059492447342,0,0.5229208972793316,1
MRK,0001193125-24-093194,2024-04-11,0.0,0.9220017213189766,1,0.6100652549472405,1
MRK,0001628280-25-007732,2025-02-25,1.0,0.2958344141082008,0,0.5966675713116126,1
MRNA,0001682852-23-000011,2023-02-24,0.0,0.4253205248964802,0,0.49215278160948,0
MRNA,0001682852-24-000015,2024-02-23,0.0,0.44449959318688453,0,0.5018112485179139,1
MRNA,0001682852-25-000022,2025-02-21,1.0,0.41301574377047207,0,0.5051325590913499,1
MRSH,0000062709-23-000014,2023-02-13,0.0,0.5025873478252251,1,0.5906461499598511,1
MRSH,0000062709-24-000016,2024-02-12,0.0,0.4767852757328451,0,0.4797799550372696,0
MRSH,0000062709-25-000015,2025-02-10,0.0,0.4783574363553627,0,0.48191122462241537,0
MSCI,0001408198-23-000011,2023-02-10,0.0,0.4863448411049756,0,0.4685179312801946,0
MSCI,0001408198-24-000030,2024-02-09,0.0,0.508310433949576,1,0.47506160254719504,0
MSCI,0001408198-25-000053,2025-02-07,0.0,0.5575693371668241,1,0.522549628731417,1
MSFT,0000950170-23-035122,2023-07-27,1.0,0.42919741185049726,0,0.4751805931226667,0
MSFT,0000950170-24-087843,2024-07-30,1.0,0.41718110802052516,0,0.45466935287173127,0
MSI,0000068505-23-000015,2023-02-16,0.0,0.4526874797317551,0,0.3934630536996452,0
MSI,0000068505-24-000008,2024-02-15,1.0,0.49603237485708523,0,0.5223843101280184,1
MSI,0000068505-25-000012,2025-02-14,0.0,0.4841551204427131,0,0.4621937496365229,0
MTB,0000950170-23-003804,2023-02-22,0.0,0.5418545720649502,1,0.4770440358992147,0
MTB,0000950170-24-017990,2024-02-21,1.0,0.5919316445528717,1,0.5269878361128312,1
MTB,0001628280-25-006267,2025-02-19,1.0,0.5925827146360859,1,0.5128356353788915,1
MTD,0001037646-23-000005,2023-02-10,0.0,0.451942443105287,0,0.5164585017530137,1
MTD,0001037646-24-000007,2024-02-09,0.0,0.4692188629086215,0,0.49175123797119197,0
MTD,0001037646-25-000012,2025-02-07,0.0,0.475556595406437,0,0.5417854627952372,1
MU,0000723125-23-000054,2023-10-06,1.0,0.4734896629075951,0,0.482503024186791,0
MU,0000723125-24-000027,2024-10-04,1.0,0.5023079140802759,1,0.4876566986185364,0
NCLH,0001558370-23-002361,2023-02-28,1.0,0.46063559998556924,0,0.5106457940437275,1
NCLH,0001558370-24-001935,2024-02-28,1.0,0.4559056723405667,0,0.4815839481535093,0
NCLH,0001558370-25-001743,2025-02-27,0.0,0.4801328844482937,0,0.5255184935237596,1
NDAQ,0001120193-23-000014,2023-02-23,0.0,0.48932125674945887,0,0.4945525770363191,0
NDAQ,0001120193-24-000006,2024-02-21,1.0,0.4992994479573538,0,0.4752025085334924,0
NDAQ,0001120193-25-000008,2025-02-21,0.0,0.5035202743428276,1,0.5488392157150308,1
NDSN,0000072331-23-000242,2023-12-20,0.0,0.4323035845356118,0,0.5155570893707355,1
NDSN,0000072331-24-000177,2024-12-18,0.0,0.44841109625722914,0,0.49199220680157085,0
NEE,0000753308-23-000019,2023-02-17,0.0,0.48840655905392305,0,0.49705422315617054,0
NEE,0000753308-24-000008,2024-02-16,1.0,0.4879331040330377,0,0.5111287059622044,1
NEE,0000753308-25-000011,2025-02-14,1.0,0.484546988059375,0,0.5007380037917949,1
NEM,0001164727-23-000011,2023-02-23,0.0,0.5059609759677085,1,0.591582782299296,1
NEM,0001164727-24-000016,2024-02-29,1.0,0.5471683503666062,1,0.5562681663513621,1
NEM,0001164727-25-000011,2025-02-21,1.0,0.5691098059255497,1,0.5827973704761829,1
NFLX,0001065280-24-000030,2024-01-26,1.0,0.471136771492527,0,0.5060932911166787,1
NFLX,0001065280-25-000044,2025-01-27,0.0,0.5023794964847729,1,0.5087468535135906,1
NI,0001111711-23-000006,2023-02-22,0.0,0.4763984839892367,0,0.5393982092940792,1
NI,0001111711-24-000011,2024-02-21,1.0,0.4840919238835387,0,0.5287266969320621,1
NI,0001111711-25-000008,2025-02-12,1.0,0.5004440984002158,1,0.5505312376989566,1
NKE,0000320187-23-000039,2023-07-20,0.0,0.5018919317955384,1,0.5176563762402692,1
NKE,0000320187-24-000044,2024-07-25,0.0,0.4914857744140731,0,0.4836380632563374,0
NOC,0001133421-23-000006,2023-01-26,0.0,0.49885189273834224,0,0.5044148599799125,1
NOC,0001133421-24-000006,2024-01-25,0.0,0.48216864935807313,0,0.5276837509476247,1
NOC,0001133421-25-000006,2025-01-30,1.0,0.4430860205303396,0,0.4737562234764161,0
NOW,0001373715-23-000035,2023-01-31,1.0,0.448264905173049,0,0.4706258156850586,0
NOW,0001373715-24-000030,2024-01-25,1.0,0.4869304952628504,0,0.5156362947414214,1
NOW,0001373715-25-000010,2025-01-30,0.0,0.46091491220234787,0,0.46883102142789235,0
NRG,0001013871-23-000004,2023-02-23,1.0,0.5193461973185081,1,0.5358674922387687,1
NRG,0001013871-24-000005,2024-02-28,1.0,0.47033411517610707,0,0.4593956342098276,0
NRG,0001013871-25-000006,2025-02-26,1.0,0.49828722230714934,0,0.5122178831573434,1
NSC,0000702165-23-000010,2023-02-03,0.0,0.4170511112160673,0,0.4711627426446949,0
NSC,0000702165-24-000005,2024-02-05,0.0,0.4857293897643672,0,0.5012361923840798,1
NSC,0000702165-25-000008,2025-02-10,1.0,0.4774310375731404,0,0.51664091185438,1
NTAP,0000950170-23-027948,2023-06-14,1.0,0.45962103413875627,0,0.4853511797236655,0
NTAP,0000950170-24-071327,2024-06-10,0.0,0.45623543780628234,0,0.47618757464621003,0
NTRS,0000073124-23-000049,2023-02-28,0.0,0.6752095159983272,1,0.5846351818383301,1
NTRS,0000073124-24-000073,2024-02-27,1.0,0.6510765772933982,1,0.563570688364974,1
NTRS,0000073124-25-000105,2025-02-24,1.0,0.6289371435545322,1,0.5789594289381143,1
NUE,0001564590-23-002793,2023-03-01,0.0,0.4843794245199017,0,0.484262239147491,0
NUE,0000950170-24-021195,2024-02-27,0.0,0.5054407386519769,1,0.48967672053325856,0
NUE,0000950170-25-028427,2025-02-27,1.0,0.48920224451525346,0,0.5486668389360428,1
NVDA,0001045810-23-000017,2023-02-24,1.0,0.45991289899056015,0,0.491091364665744,0
NVDA,0001045810-24-000029,2024-02-21,1.0,0.44469429801967886,0,0.4715121154558282,0
NVDA,0001045810-25-000023,2025-02-26,1.0,0.4144148727502458,0,0.46320282938379326,0
NVR,0000906163-23-000023,2023-02-15,1.0,0.5630021439749692,1,0.5474010874981272,1
NVR,0000906163-24-000033,2024-02-14,0.0,0.5842979908768285,1,0.5566720097081966,1
NVR,0000906163-25-000011,2025-02-12,0.0,0.5455296133247913,1,0.5267454727517501,1
NWS,0001564708-23-000368,2023-08-15,1.0,0.4814528917209393,0,0.43511706727996613,0
NWS,0001564708-24-000408,2024-08-13,0.0,0.48037445227455383,0,0.4975848366566861,0
NWSA,0001564708-23-000368,2023-08-15,1.0,0.4814528917209393,0,0.43511706727996613,0
NWSA,0001564708-24-000408,2024-08-13,0.0,0.48037445227455383,0,0.4975848366566861,0
NXPI,0001413447-23-000006,2023-03-01,1.0,0.4130417170521264,0,0.4920026597179723,0
NXPI,0001413447-24-000013,2024-02-22,0.0,0.45359103400462397,0,0.4763969020586422,0
NXPI,0001413447-25-000019,2025-02-20,0.0,0.41107445195389175,0,0.5041678427886671,1
O,0000726728-23-000044,2023-02-22,0.0,0.5688583420929514,1,0.6086840820348697,1
O,0000726728-24-000047,2024-02-21,0.0,0.5340851026714336,1,0.5487054265256291,1
O,0000726728-25-000055,2025-02-25,1.0,0.5291882825007267,1,0.494120737969757,0
ODFL,0000950170-23-003783,2023-02-22,0.0,0.5386927075243865,1,0.5186032019396782,1
ODFL,0000950170-24-020176,2024-02-26,0.0,0.5285960225903058,1,0.5349655420500279,1
ODFL,0000950170-25-026661,2025-02-25,0.0,0.48432538847098205,0,0.4953487038465727,0
OKE,0001039684-23-000016,2023-02-28,0.0,0.48748588879777865,0,0.4930567522193081,0
OKE,0001039684-24-000015,2024-02-27,1.0,0.4277197318143312,0,0.38238462433554304,0
OKE,0001039684-25-000036,2025-02-25,0.0,0.4454836751525224,0,0.3975462807807536,0
OMC,0000029989-23-000005,2023-02-08,0.0,0.6184972099857526,1,0.5311909191439557,1
OMC,0000029989-24-000007,2024-02-07,0.0,0.5713116212146863,1,0.5381477052399382,1
OMC,0000029989-25-000009,2025-02-05,0.0,0.5932748044611471,1,0.4777082925119156,0
ON,0001628280-23-002350,2023-02-06,0.0,0.4637638157038979,0,0.5003891990853842,1
ON,0001628280-24-003201,2024-02-05,0.0,0.5134626735461465,1,0.49286077877759954,0
ON,0001628280-25-004557,2025-02-10,1.0,0.48063968755194897,0,0.4812291370609818,0
ORCL,0000950170-23-028914,2023-06-20,0.0,0.39395192737144535,0,0.3923546887248995,0
ORCL,0000950170-24-075605,2024-06-20,1.0,0.47014761230327295,0,0.499804257614762,0
ORLY,0000898173-23-000011,2023-02-28,1.0,0.5076634494865973,1,0.5143872183896713,1
ORLY,0000898173-24-000009,2024-02-28,1.0,0.5101491647549036,1,0.5003923473827864,1
ORLY,0000898173-25-000008,2025-02-28,0.0,0.5085485082503807,1,0.5200628359487484,1
OTIS,0001781335-23-000009,2023-02-03,0.0,0.4595935263751665,0,0.5339713856818608,1
OTIS,0001781335-24-000013,2024-02-02,0.0,0.46927528359097725,0,0.4991202953118489,0
OTIS,0001781335-25-000010,2025-02-04,0.0,0.4635825900109762,0,0.45319172440026034,0
OXY,0000797468-23-000011,2023-02-27,0.0,0.4457968769162432,0,0.47893006803478433,0
OXY,0000797468-23-000031,2023-05-09,0.0,0.5714386035636108,1,0.5753444989288319,1
OXY,0000797468-24-000034,2024-02-14,0.0,0.35536114197825625,0,0.4742534326254623,0
OXY,0000797468-25-000029,2025-02-18,0.0,0.46279918307513007,0,0.5254323325051438,1
PANW,0001327567-23-000024,2023-09-01,1.0,0.4954003371669276,0,0.505993098494055,1
PANW,0001327567-24-000029,2024-09-06,0.0,0.48553087941919376,0,0.4701463734047468,0
PAYX,0000950170-23-032988,2023-07-14,0.0,0.49863387720341146,0,0.5601219716194288,1
PAYX,0000950170-24-082958,2024-07-11,1.0,0.49178399824151076,0,0.5143979887253537,1
PCAR,0001564590-23-002203,2023-02-22,1.0,0.6353774614682659,1,0.5162152458170324,1
PCAR,0000950170-24-017900,2024-02-21,0.0,0.6388863279217215,1,0.5258505908734203,1
PCAR,0000950170-25-023145,2025-02-19,1.0,0.6525074013555874,1,0.5433094298059393,1
PCG,0001004980-23-000029,2023-02-23,0.0,0.478643719413483,0,0.5806258822395803,1
PCG,0001004980-24-000014,2024-02-22,0.0,0.488864242826636,0,0.6105262036625678,1
PCG,0001004980-25-000010,2025-02-13,1.0,0.4795522773914272,0,0.5759473931968487,1
PEG,0001628280-23-004411,2023-02-22,0.0,0.5427878706626982,1,0.5305486973070496,1
PEG,0001628280-24-006885,2024-02-26,1.0,0.5112891714835944,1,0.5060048497209787,1
PEG,0000950170-25-026874,2025-02-25,0.0,0.4860047566477774,0,0.5224945770985236,1
PEP,0000077476-23-000007,2023-02-09,0.0,0.4791192318620009,0,0.4763351946741205,0
PEP,0000077476-24-000008,2024-02-09,0.0,0.4818057603642243,0,0.4737806041588753,0
PEP,0000077476-25-000007,2025-02-04,1.0,0.42118980981546517,0,0.4289352685235564,0
PFE,0000078003-23-000024,2023-02-23,0.0,0.4153888063946689,0,0.4941878523852121,0
PFE,0000078003-24-000039,2024-02-22,0.0,0.4317742618671831,0,0.49265938480277727,0
PFE,0000078003-25-000054,2025-02-27,0.0,0.43556837623881733,0,0.5694695156092477,1
PFG,0001104659-23-022860,2023-02-16,0.0,0.5489645038672215,1,0.533910690489259,1
PFG,0001104659-24-025516,2024-02-20,0.0,0.5863517828935612,1,0.6047598035008369,1
PFG,0001410578-25-000160,2025-02-19,1.0,0.5690173377375592,1,0.6064752183646017,1
PG,0000080424-23-000073,2023-08-04,0.0,0.46554375666661607,0,0.567977807990125,1
PG,0000080424-24-000083,2024-08-05,0.0,0.4719019924354124,0,0.5183337441934347,1
PGR,0000080661-23-000006,2023-02-27,1.0,0.5209223631488021,1,0.5492040089782079,1
PGR,0000080661-24-000007,2024-02-26,1.0,0.5311840889515195,1,0.5570038635523584,1
PGR,0000080661-25-000007,2025-03-03,0.0,0.5631042736906992,1,0.604545239613052,1
PH,0000076334-23-000042,2023-08-24,1.0,0.4890944179297625,0,0.5067343175117136,1
PH,0000076334-24-000044,2024-08-22,1.0,0.5380578400518795,1,0.5958146314696945,1
PHM,0000822416-23-000007,2023-02-06,1.0,0.5254580431110412,1,0.5603782180947933,1
PHM,0000822416-24-000010,2024-02-05,0.0,0.5318529035009935,1,0.5335173622512513,1
PHM,0000822416-25-000007,2025-02-06,1.0,0.5229913160738584,1,0.5196749505970311,1
PKG,0000950170-23-003990,2023-02-23,1.0,0.5408500480743478,1,0.5755707740083612,1
PKG,0000950170-24-022794,2024-02-29,0.0,0.5495199404666737,1,0.542379129979438,1
PKG,0000950170-25-028533,2025-02-27,0.0,0.5110019108265355,1,0.5503520650601623,1
PLD,0001564590-23-001902,2023-02-14,0.0,0.5399386866788434,1,0.4708215888466311,0
PLD,0000950170-24-014539,2024-02-13,0.0,0.49568894410244735,0,0.44174477501298154,0
PLD,0000950170-25-021272,2025-02-14,1.0,0.5239115597802956,1,0.4917424256050909,0
PLTR,0001321655-23-000011,2023-02-21,1.0,0.4075901577319664,0,0.38618345843878044,0
PLTR,0001321655-24-000022,2024-02-20,1.0,0.43475481134937116,0,0.41381134515780876,0
PLTR,0001321655-25-000022,2025-02-18,0.0,0.4238635835423147,0,0.4226633567280698,0
PM,0001413329-23-000025,2023-02-10,0.0,0.3944071494894629,0,0.4445163031565466,0
PM,0001413329-24-000013,2024-02-08,1.0,0.4503876851067729,0,0.49493028347563417,0
PM,0001413329-25-000013,2025-02-06,1.0,0.48502830131379604,0,0.5633130890163955,1
PNC,0000713676-23-000020,2023-02-22,0.0,0.6128526844159534,1,0.5824243315566826,1
PNC,0000713676-24-000028,2024-02-21,1.0,0.6216318530098125,1,0.5749004559580334,1
PNC,0000713676-25-000027,2025-02-21,1.0,0.6402130415484507,1,0.5940015534701946,1
PNR,0000077360-23-000006,2023-02-21,1.0,0.4515846246556004,0,0.45180599483950373,0
PNR,0000077360-24-000007,2024-02-20,1.0,0.49697668685449936,0,0.5140063507869684,1
PNR,0000077360-25-000006,2025-02-25,0.0,0.4973357245512979,0,0.544539685159243,1
PNW,0000764622-23-000023,2023-02-27,0.0,0.44937458890877297,0,0.4209033000813296,0
PNW,0000764622-24-000016,2024-02-27,1.0,0.45484601737837216,0,0.47794902296232283,0
PNW,0000764622-25-000023,2025-02-25,0.0,0.4646241852454384,0,0.4334691469826705,0
PODD,0001145197-23-000020,2023-02-24,0.0,0.4229236488527232,0,0.464223589990748,0
PODD,0001145197-24-000011,2024-02-23,1.0,0.4878722506661868,0,0.5281638283575716,1
PODD,0001145197-25-000007,2025-02-21,0.0,0.45354505559046243,0,0.5553309943190526,1
POOL,0000945841-23-000015,2023-02-24,0.0,0.4820231632113356,0,0.5386260415926651,1
POOL,0000945841-24-000021,2024-02-27,0.0,0.4434004750497726,0,0.5025141998222001,1
POOL,0000945841-25-000032,2025-02-27,0.0,0.4670213402174006,0,0.530254524264189,1
PPG,0000079879-23-000007,2023-02-16,0.0,0.4539162648629616,0,0.46807359169216417,0
PPG,0000079879-24-000040,2024-02-15,0.0,0.48248945040609476,0,0.48835831033222005,0
PPG,0000079879-25-000034,2025-02-20,0.0,0.4880074644996811,0,0.5071407892244519,1
PPL,0000922224-23-000010,2023-02-17,0.0,0.4563359360346708,0,0.40968439059745604,0
PPL,0000922224-24-000008,2024-02-16,1.0,0.5281610374763267,1,0.5685586316206502,1
PPL,0000922224-25-000009,2025-02-13,0.0,0.491688003204718,0,0.563805768823713,1
PRU,0001137774-23-000040,2023-02-16,0.0,0.6489032525312366,1,0.7041935395666972,1
PRU,0001137774-24-000045,2024-02-21,0.0,0.6789573709669307,1,0.71127829049568,1
PRU,0001137774-25-000044,2025-02-13,0.0,0.6400352973391101,1,0.6790770209348015,1
PSA,0001393311-23-000012,2023-02-21,0.0,0.45912595503380205,0,0.49945952038407776,0
PSA,0001393311-24-000043,2024-02-20,0.0,0.5043843053608319,1,0.5092993185258754,1
PSA,0001393311-25-000036,2025-02-24,0.0,0.5198513719267361,1,0.5253931786529848,1
PSX,0001534701-23-000053,2023-02-22,1.0,0.4384466774299654,0,0.38065716266552435,0
PSX,0001534701-24-000078,2024-02-21,0.0,0.4868481151354457,0,0.4683151998316442,0
PSX,0001534701-25-000074,2025-02-21,1.0,0.5186529324591381,1,0.46206321881032136,0
PTC,0000950123-23-011049,2023-11-20,0.0,0.4933438450281895,0,0.5512151958123783,1
PTC,0000950170-24-127231,2024-11-14,0.0,0.5298219406903882,1,0.5463384359890519,1
PWR,0001050915-23-000010,2023-02-23,1.0,0.4904936652879626,0,0.574540689286972,1
PWR,0001050915-24-000009,2024-02-22,0.0,0.51519095009175,1,0.4821288574574798,0
PWR,0001050915-25-000005,2025-02-20,1.0,0.48010003803105167,0,0.43770895848251806,0
PYPL,0001633917-23-000033,2023-02-10,0.0,0.5184415025902129,1,0.4711877036992262,0
PYPL,0001633917-24-000024,2024-02-08,1.0,0.5365646955533534,1,0.4844993372914959,0
PYPL,0001633917-25-000019,2025-02-04,0.0,0.5485733156298312,1,0.5083889185264002,1
QCOM,0000804328-23-000055,2023-11-01,1.0,0.42505153168533255,0,0.46445871769099,0
QCOM,0000804328-24-000075,2024-11-06,0.0,0.4441853389022874,0,0.4615158707375056,0
RCL,0000884887-23-000006,2023-02-23,1.0,0.5295332650275829,1,0.5802698042773662,1
RCL,0000884887-24-000075,2024-02-21,1.0,0.5544645052232093,1,0.5273640048287511,1
RCL,0000884887-25-000050,2025-02-14,1.0,0.5022922427674544,1,0.5400296242350496,1
REG,0000950170-23-003160,2023-02-17,0.0,0.46577356859097385,0,0.45816258900924556,0
REG,0000950170-24-016260,2024-02-16,1.0,0.42811536967128844,0,0.43591791444692896,0
REG,0000950170-25-021359,2025-02-14,0.0,0.4536960331000096,0,0.4452634537438715,0
REGN,0001804220-23-000008,2023-02-06,0.0,0.4299549009728928,0,0.4590346293375065,0
REGN,0001804220-24-000009,2024-02-05,0.0,0.44933142660428776,0,0.5194900517329821,1
REGN,0001804220-25-000011,2025-02-05,0.0,0.42741367235931255,0,0.5172058646731478,1
RF,0001281761-23-000012,2023-02-24,0.0,0.5637873168655189,1,0.5259993019649519,1
RF,0001281761-24-000010,2024-02-23,1.0,0.5408368760839032,1,0.5027955917869946,1
RF,0001281761-25-000010,2025-02-21,1.0,0.5565708910623202,1,0.5498687261138006,1
RJF,0000720005-23-000079,2023-11-21,1.0,0.5707501740347561,1,0.5191136130448711,1
RJF,0000720005-24-000069,2024-11-26,0.0,0.5853845544544651,1,0.5379755223157823,1
RL,0001037038-23-000015,2023-05-25,1.0,0.4829379704662794,0,0.4998309956304425,0
RL,0001037038-24-000014,2024-05-23,1.0,0.4849198572934816,0,0.5268921563867853,1
RMD,0000943819-23-000011,2023-08-11,1.0,0.42235917721504923,0,0.45187614933383885,0
RMD,0000943819-24-000013,2024-08-09,1.0,0.42198577944667814,0,0.44749159721969584,0
ROK,0001024478-23-000126,2023-11-08,0.0,0.5379315639165825,1,0.5796244335600557,1
ROK,0001024478-24-000107,2024-11-12,1.0,0.5479080318685278,1,0.5272605985550243,1
ROL,0000084839-23-000006,2023-02-16,0.0,0.5011781282630992,1,0.5366232377542238,1
ROL,0000084839-24-000025,2024-02-15,0.0,0.4524840525139444,0,0.48775214004105116,0
ROL,0000084839-25-000024,2025-02-13,1.0,0.47262507863791453,0,0.5658721917618357,1
ROP,0000882835-23-000016,2023-02-27,0.0,0.5333120065068119,1,0.5203381158723805,1
ROP,0000882835-24-000008,2024-02-22,0.0,0.5484057746924577,1,0.5357019923712318,1
ROP,0000882835-25-000008,2025-02-24,0.0,0.5612356912231361,1,0.5335358817183817,1
ROST,0000745732-23-000013,2023-03-28,1.0,0.5238958469306129,1,0.5744617278530803,1
ROST,0000745732-24-000009,2024-04-02,0.0,0.5054620254374986,1,0.573073037358866,1
ROST,0000745732-25-000010,2025-04-01,1.0,0.5121030939172018,1,0.5411355273598915,1
RSG,0001060391-23-000008,2023-02-23,1.0,0.433268271115348,0,0.42242517179934397,0
RSG,0001060391-24-000142,2024-02-29,1.0,0.46111074711909733,0,0.455691195742175,0
RSG,0001060391-25-000091,2025-02-14,0.0,0.4628456510811467,0,0.5229917507291402,1
RTX,0000101829-23-000009,2023-02-07,0.0,0.47201611306975066,0,0.48077252726805264,0
RTX,0000101829-24-000008,2024-02-05,1.0,0.48692774533235184,0,0.5108247660052837,1
RTX,0000101829-25-000005,2025-02-03,1.0,0.4790486258424208,0,0.4050057330016173,0
RVTY,0000031791-23-000004,2023-03-01,0.0,0.43097387555510275,0,0.5129503698346738,1
RVTY,0000031791-24-000004,2024-02-27,0.0,0.4905607170218535,0,0.5999811824728741,1
RVTY,0000031791-25-000009,2025-02-25,0.0,0.39741576153234415,0,0.5026884352931043,1
SATS,0001415404-23-000005,2023-02-23,0.0,0.5542482944227999,1,0.5822228886660034,1
SATS,0001558370-24-002209,2024-02-29,1.0,0.4041641631956999,0,0.48177510218581177,0
SATS,0001558370-25-001663,2025-02-27,1.0,0.555469494925918,1,0.5587257013996091,1
SBAC,0001034054-23-000002,2023-03-01,0.0,0.5496152495664984,1,0.551300735228579,1
SBAC,0001034054-24-000002,2024-02-28,0.0,0.50857129145942,1,0.4639828930299595,0
SBAC,0001034054-25-000002,2025-02-26,0.0,0.5277666080511619,1,0.5334541899058177,1
SBUX,0000829224-23-000058,2023-11-17,0.0,0.5039341466298501,1,0.4994754034091982,0
SBUX,0000829224-24-000057,2024-11-20,0.0,0.5188407417502897,1,0.48107292035070176,0
SCHW,0000316709-23-000009,2023-02-24,0.0,0.5195255339061191,1,0.4576127526027167,0
SCHW,0000316709-24-000018,2024-02-23,1.0,0.5559168138942043,1,0.48027065013944753,0
SCHW,0000316709-25-000010,2025-02-26,1.0,0.5436164764227003,1,0.4543829693208467,0
SHW,0000089800-23-000007,2023-02-22,1.0,0.48559217674532185,0,0.5320166674877082,1
SHW,0000089800-24-000033,2024-02-20,0.0,0.4983383023603818,0,0.4735078725189116,0
SHW,0000089800-25-000030,2025-02-20,0.0,0.513824606288188,1,0.5598434745691435,1
SJM,0000091419-23-000072,2023-06-20,0.0,0.5389060009088787,1,0.47428510687266623,0
SJM,0000091419-24-000054,2024-06-18,0.0,0.4638893249869558,0,0.41612182357136246,0
SLB,0001564590-23-000762,2023-01-25,0.0,0.5062564719958585,1,0.6146192560519222,1
SLB,0000950170-24-006884,2024-01-24,0.0,0.3978768362346148,0,0.46421841450051177,0
SLB,0000950170-25-007638,2025-01-22,1.0,0.4390900577096106,0,0.5090218368780541,1
SMCI,0001375365-23-000036,2023-08-28,1.0,0.49323940887321005,0,0.4577924295548675,0
SMCI,0001375365-25-000004,2025-02-25,0.0,0.49951229215258103,0,0.5008932717951498,1
SNA,0000091440-23-000005,2023-02-09,0.0,0.5435609326347017,1,0.5534340527006878,1
SNA,0000091440-24-000005,2024-02-16,1.0,0.5464176311232335,1,0.5194908380426791,1
SNA,0000091440-25-000010,2025-02-13,1.0,0.5722211647614388,1,0.5468726649525376,1
SNPS,0000883241-23-000019,2023-12-12,0.0,0.45454350176635294,0,0.4636082164211005,0
SNPS,0000883241-24-000024,2024-12-19,0.0,0.49569272563310063,0,0.47023639569392517,0
SO,0000092122-23-000012,2023-02-16,0.0,0.6035892454056809,1,0.6177280166587177,1
SO,0000092122-24-000009,2024-02-15,1.0,0.6436696971022895,1,0.6024579731837608,1
SO,0000092122-25-000018,2025-02-20,0.0,0.611550327516661,1,0.6515304201435668,1
SOLV,0001964738-25-000019,2025-02-28,0.0,0.421290561206316,0,0.4370255013949265,0
SPG,0001558370-23-001840,2023-02-23,1.0,0.5708721297957156,1,0.5464962587213545,1
SPG,0001558370-24-001532,2024-02-22,1.0,0.5588171646808018,1,0.5197703027301221,1
SPG,0001558370-25-001271,2025-02-21,0.0,0.5301899905835608,1,0.47875286237352327,0
SPGI,0000064040-23-000058,2023-02-10,0.0,0.4182716912039866,0,0.3666829675626452,0
SPGI,0000064040-24-000071,2024-02-09,1.0,0.5027619852956372,1,0.4856805805307834,0
SPGI,0000064040-25-000052,2025-02-11,0.0,0.48467500285599896,0,0.5602190854589989,1
SRE,0001032208-23-000008,2023-02-28,0.0,0.5320001890599737,1,0.601481601903086,1
SRE,0001032208-24-000007,2024-02-27,0.0,0.5367854624602253,1,0.6330340794840666,1
SRE,0001032208-25-000012,2025-02-25,1.0,0.5207928503318747,1,0.5775751479100375,1
STE,0001757898-23-000005,2023-05-26,0.0,0.4519999684637453,0,0.46796955405287494,0
STE,0001757898-24-000008,2024-05-29,0.0,0.46461367475827386,0,0.4928483722042101,0
STLD,0001558370-23-002303,2023-02-28,0.0,0.46568774728056944,0,0.5225648131834192,1
STLD,0001558370-24-002152,2024-02-29,0.0,0.49834721716874597,0,0.534409471695647,1
STLD,0001558370-25-001886,2025-02-28,1.0,0.466867262861692,0,0.5433876336206495,1
STT,0000093751-25-000111,2025-02-13,1.0,0.6071515236469758,1,0.5597452562377937,1
STX,0001137789-23-000049,2023-08-04,1.0,0.4618242118582958,0,0.43501060643840095,0
STX,0001137789-24-000068,2024-08-02,1.0,0.489877322810806,0,0.4935195755275697,0
STZ,0000016918-23-000045,2023-04-20,0.0,0.47442063679891944,0,0.4233423649944776,0
STZ,0000016918-24-000054,2024-04-23,0.0,0.5166054927344438,1,0.5676938805732077,1
STZ,0000016918-25-000022,2025-04-23,0.0,0.5182608525806839,1,0.47547142375706236,0
SW,0002005951-25-000005,2025-03-07,0.0,0.4682956437275131,0,0.43626368758754697,0
SWK,0000093556-23-000007,2023-02-23,0.0,0.439578152805196,0,0.5439769271252204,1
SWK,0000093556-24-000032,2024-02-27,0.0,0.4632439170804283,0,0.48120351871408873,0
SWK,0000093556-25-000007,2025-02-18,0.0,0.46510305720530815,0,0.514334445462448,1
SWKS,0000004127-23-000005,2023-01-27,0.0,0.46948065510563325,0,0.558373488651977,1
SWKS,0000004127-23-000030,2023-11-17,0.0,0.6659315294875828,1,0.5182451553299814,1
SWKS,0000004127-24-000002,2024-01-26,0.0,0.4539503063504442,0,0.5646485455703446,1
SWKS,0000004127-24-000131,2024-11-15,0.0,0.6633497664341774,1,0.5174686408630118,1
SWKS,0000004127-25-000006,2025-01-24,0.0,0.44908727857174574,0,0.557747246364506,1
SYF,0001601712-23-000037,2023-02-09,0.0,0.5821393460124479,1,0.5615353657259328,1
SYF,0001601712-24-000047,2024-02-08,1.0,0.5480366585253398,1,0.41480296045875065,0
SYF,0001601712-25-000044,2025-02-07,0.0,0.5664546044437455,1,0.4497307213916634,0
SYK,0000310764-23-000017,2023-02-10,1.0,0.4697678171597282,0,0.4986596637374885,0
SYK,0000310764-24-000024,2024-02-14,0.0,0.5066246491453251,1,0.5311337904773641,1
SYK,0000310764-25-000023,2025-02-12,0.0,0.4703969064333323,0,0.502544891073472,1
SYY,0000096021-23-000117,2023-08-25,0.0,0.4658896971662875,0,0.499910234938251,0
SYY,0000096021-24-000128,2024-08-28,0.0,0.460175441799567,0,0.45691243931155584,0
T,0000732717-23-000011,2023-02-13,0.0,0.44420677830913596,0,0.4232375763049512,0
T,0000732717-24-000009,2024-02-23,1.0,0.4308438671163234,0,0.49724665768601994,0
T,0000732717-25-000013,2025-02-12,1.0,0.4469870862915372,0,0.49363311939575527,0
TAP,0000024545-23-000006,2023-02-21,0.0,0.5063499917316866,1,0.5583461590553305,1
TAP,0000024545-24-000005,2024-02-20,0.0,0.48090389552312174,0,0.5233974768067717,1
TAP,0000024545-25-000007,2025-02-18,0.0,0.4782873183864381,0,0.4807983579805878,0
TDG,0001260221-23-000081,2023-11-09,1.0,0.45845997282144246,0,0.4193236371458186,0
TDG,0001260221-24-000083,2024-11-07,0.0,0.49514683548034616,0,0.46973054024682653,0
TDY,0001094285-23-000053,2023-02-24,0.0,0.4972210065663311,0,0.5537545714857429,1
TDY,0001094285-24-000044,2024-02-23,0.0,0.4923673377134229,0,0.49819247925961974,0
TDY,0001094285-25-000053,2025-02-21,1.0,0.48908520859405064,0,0.5236038771777075,1
TECH,0001558370-23-015226,2023-08-23,0.0,0.4684422419586148,0,0.5096520358371831,1
TECH,0001558370-24-012430,2024-08-22,0.0,0.49349216224503295,0,0.5007536869636353,1
TEL,0001558370-23-018833,2023-11-13,0.0,0.5264362394217064,1,0.5023893732952192,1
TEL,0001558370-24-015227,2024-11-12,1.0,0.5193439986436879,1,0.5303418957662964,1
TER,0001193125-23-044711,2023-02-22,0.0,0.5023766453221334,1,0.5416667488963814,1
TER,0000950170-24-018701,2024-02-22,0.0,0.48912089103956646,0,0.48779684504999066,0
TER,0000950170-25-023784,2025-02-20,1.0,0.4905873067983138,0,0.5471741613364646,1
TFC,0000092230-23-000034,2023-02-28,0.0,0.5764268355524721,1,0.4985017978561685,0
TFC,0000092230-24-000010,2024-02-27,1.0,0.5354170616770535,1,0.47870127423164194,0
TFC,0000092230-25-000020,2025-02-25,1.0,0.5667352062301966,1,0.4965008800235736,0
TGT,0000027419-23-000015,2023-03-08,0.0,0.5620575917898043,1,0.5751056079055779,1
TGT,0000027419-24-000032,2024-03-13,0.0,0.5177483097256338,1,0.5144760816623927,1
TGT,0000027419-25-000018,2025-03-12,0.0,0.5175413131038248,1,0.5161566989922517,1
TJX,0000109198-23-000004,2023-03-29,1.0,0.4858759887043914,0,0.5432804496180934,1
TJX,0000109198-24-000014,2024-04-03,1.0,0.4959631500782522,0,0.5165329638792496,1
TJX,0000109198-25-000010,2025-04-02,1.0,0.5059541602946173,1,0.5120156534736207,1
TKO,0001562762-24-000038,2024-02-27,1.0,0.4740264885475715,0,0.44379387153969624,0
TKO,0000950170-25-027778,2025-02-26,1.0,0.5430258551665631,1,0.5554127044446989,1
TMO,0000097745-23-000008,2023-02-23,0.0,0.5096496395615479,1,0.5706233138881606,1
TMO,0000097745-24-000007,2024-02-22,0.0,0.4882016176596968,0,0.5124435923282926,1
TMO,0000097745-25-000010,2025-02-20,0.0,0.4897898891049088,0,0.5671325845010864,1
TMUS,0001283699-23-000016,2023-02-14,0.0,0.5022401003173838,1,0.4941370132445876,0
TMUS,0001283699-24-000008,2024-02-02,1.0,0.5347734823767352,1,0.5327789579681154,1
TMUS,0001283699-25-000012,2025-01-31,0.0,0.47493402692434117,0,0.4790354514418539,0
TPL,0001811074-23-000014,2023-02-22,0.0,0.5091321588179496,1,0.4854109373935112,0
TPL,0001811074-24-000015,2024-02-21,1.0,0.5328702827582625,1,0.5258670670731622,1
TPL,0001811074-25-000044,2025-02-19,0.0,0.49816110057341956,0,0.4509257209347559,0
TPR,0001116132-23-000020,2023-08-17,0.0,0.5280600536462584,1,0.5168902966044125,1
TPR,0001116132-24-000018,2024-08-15,1.0,0.4746908953714056,0,0.4625452423589621,0
TRGP,0000950170-23-003797,2023-02-22,1.0,0.4934173183183295,0,0.44012904627955424,0
TRGP,0000950170-24-015841,2024-02-15,1.0,0.4998554991657681,0,0.48279340991929376,0
TRGP,0000950170-25-023983,2025-02-20,1.0,0.47838240187663694,0,0.523984506829533,1
TRMB,0000864749-23-000012,2023-02-17,0.0,0.38335516092867394,0,0.4569446539804535,0
TRMB,0000864749-24-000047,2024-02-26,0.0,0.4311389169693011,0,0.4967461567887374,0
TRMB,0000864749-25-000011,2025-01-16,0.0,0.5020850092363505,1,0.6329680314117245,1
TRMB,0000864749-25-000090,2025-04-25,0.0,0.5967103022237663,1,0.5703588007849502,1
TROW,0001113169-23-000007,2023-02-15,0.0,0.5952906581709445,1,0.5348481562120716,1
TROW,0001113169-24-000007,2024-02-16,0.0,0.6164282296361338,1,0.5752810558292777,1
TROW,0001113169-25-000007,2025-02-14,0.0,0.549778587302469,1,0.502995515163988,1
TRV,0000086312-23-000011,2023-02-16,0.0,0.5384719958310366,1,0.6086344060296721,1
TRV,0000086312-24-000012,2024-02-15,0.0,0.5204847670446917,1,0.5566458081763919,1
TRV,0000086312-25-000012,2025-02-13,1.0,0.5166729083499134,1,0.5473366292409279,1
TSCO,0000916365-23-000045,2023-02-23,0.0,0.45790790326769654,0,0.5150861731745592,1
TSCO,0000916365-24-000046,2024-02-23,0.0,0.4708809914798806,0,0.49703072906194135,0
TSCO,0000916365-25-000076,2025-02-20,0.0,0.4901895275906281,0,0.5293979793620276,1
TSLA,0000950170-23-001409,2023-01-31,0.0,0.5804609915862876,1,0.57707847421524,1
TSLA,0001628280-24-002390,2024-01-29,1.0,0.4843466694880257,0,0.5518180933091178,1
TSLA,0001628280-25-003063,2025-01-30,0.0,0.4191742035928393,0,0.49610086474911896,0
TSLA,0001104659-25-042659,2025-04-30,1.0,0.4109355200854957,0,0.6072505433396524,1
TSN,0000100493-23-000105,2023-11-13,1.0,0.4069324663715346,0,0.4225915995986141,0
TSN,0000100493-24-000119,2024-11-12,0.0,0.4713015289225737,0,0.5248766637371411,1
TT,0001466258-23-000058,2023-02-10,1.0,0.45392114597339733,0,0.5276952529421202,1
TT,0001466258-24-000047,2024-02-08,1.0,0.4370298547024114,0,0.43882637640489,0
TT,0001466258-25-000039,2025-02-06,1.0,0.4623856834604745,0,0.5389221695314529,1
TTD,0001671933-23-000007,2023-02-15,1.0,0.427168477100865,0,0.4363070317761867,0
TTD,0001671933-24-000014,2024-02-15,0.0,0.45050586161060263,0,0.44629106404218855,0
TTD,0001671933-25-000029,2025-02-21,0.0,0.42119881559003053,0,0.39391948239250923,0
TTWO,0001628280-23-019851,2023-05-26,0.0,0.46368753253000733,0,0.4416192875473048,0
TTWO,0001628280-24-024623,2024-05-22,1.0,0.4943006873912397,0,0.4737763708602003,0
TXN,0000097476-23-000007,2023-02-03,0.0,0.48933547108601205,0,0.5473426867846245,1
TXN,0000097476-24-000007,2024-02-02,0.0,0.5193986489971814,1,0.5523147460416921,1
TXN,0000097476-25-000007,2025-02-14,1.0,0.5187369450236037,1,0.5680943968291641,1
TXT,0000217346-23-000006,2023-02-16,0.0,0.5041707103437356,1,0.5362553615344212,1
TXT,0000217346-24-000017,2024-02-12,0.0,0.5226443959498205,1,0.5408446837262549,1
TXT,0000217346-25-000017,2025-02-06,1.0,0.48518187660896533,0,0.4858971234180885,0
TYL,0000860731-23-000009,2023-02-22,1.0,0.5075235993209379,1,0.4966666992734414,0
TYL,0000860731-24-000006,2024-02-21,1.0,0.5139297634090021,1,0.5196974863233895,1
TYL,0000860731-25-000007,2025-02-19,0.0,0.27352256783331674,0,0.49470672536112914,0
UAL,0000100517-23-000048,2023-02-16,0.0,0.4453451567701397,0,0.4796055531053037,0
UAL,0000100517-24-000027,2024-02-29,1.0,0.4349682953899121,0,0.47135549991414033,0
UAL,0000100517-25-000046,2025-02-27,0.0,0.45351382509213267,0,0.49411337304185743,0
UBER,0001543151-23-000010,2023-02-21,1.0,0.470651769418842,0,0.49269445471134804,0
UBER,0001543151-24-000012,2024-02-15,0.0,0.5089212217342678,1,0.4721539405587596,0
UBER,0001543151-25-000008,2025-02-14,0.0,0.4733547584954864,0,0.49391041437939975,0
UDR,0000074208-23-000007,2023-02-13,0.0,0.5138579546858817,1,0.49787421076163507,0
UDR,0000074208-24-000011,2024-02-20,1.0,0.5306584023164667,1,0.47480261958011594,0
UDR,0000074208-25-000010,2025-02-18,0.0,0.4988630096649231,0,0.49254146112667285,0
UHS,0000950170-23-004656,2023-02-27,0.0,0.45802555177124077,0,0.44516395669184416,0
UHS,0000950170-24-021175,2024-02-27,0.0,0.47733253093762334,0,0.4907044478484613,0
UHS,0000950170-25-027785,2025-02-26,0.0,0.4559090100634967,0,0.4199187272920438,0
ULTA,0001558370-23-004581,2023-03-24,0.0,0.47343725190607777,0,0.5400350733938668,1
ULTA,0001558370-24-003941,2024-03-26,0.0,0.489261371035841,0,0.530117186653169,1
ULTA,0001558370-25-003810,2025-03-27,1.0,0.49307655763822356,0,0.5596225512303933,1
UNH,0000731766-23-000008,2023-02-24,0.0,0.46419514012745067,0,0.5537972756280529,1
UNH,0000731766-24-000081,2024-02-28,0.0,0.49750014757735117,0,0.5019769186077816,1
UNH,0000731766-25-000063,2025-02-27,0.0,0.4914265716107434,0,0.5363912223559715,1
UNP,0001437749-23-002959,2023-02-10,0.0,0.4483965616530669,0,0.5086156641065683,1
UNP,0001437749-24-003599,2024-02-09,0.0,0.49743328202908316,0,0.5280530906685124,1
UNP,0000100885-25-000042,2025-02-07,0.0,0.4782100592295105,0,0.5165261442511916,1
UPS,0001090727-23-000006,2023-02-21,0.0,0.4415195979405059,0,0.5587306341597624,1
UPS,0001090727-24-000008,2024-02-20,0.0,0.4728173824284248,0,0.4826187961572794,0
UPS,0001090727-25-000019,2025-02-18,0.0,0.4798824001839566,0,0.4791587319391469,0
URI,0001067701-23-000010,2023-01-25,1.0,0.5255627411907642,1,0.48526542468952755,0
URI,0001067701-24-000007,2024-01-24,1.0,0.5374387819545966,1,0.4975998940678923,0
URI,0001067701-25-000008,2025-01-29,0.0,0.5265189341328569,1,0.5027399827628534,1
USB,0001193125-23-050691,2023-02-27,0.0,0.52495186016241,1,0.488279913276828,0
USB,0000036104-24-000018,2024-02-20,0.0,0.7274675622107696,1,0.5363762860562623,1
USB,0000036104-25-000016,2025-02-21,1.0,0.6287920523642015,1,0.5885731921431558,1
V,0001403161-23-000099,2023-11-15,0.0,0.41881990430356336,0,0.5518657068331396,1
V,0001403161-24-000058,2024-11-13,0.0,0.421877942995371,0,0.4901096882226821,0
VEEV,0001393052-23-000025,2023-03-30,0.0,0.44192112533541167,0,0.4869070320133138,0
VEEV,0001393052-24-000013,2024-03-25,0.0,0.43428189542329043,0,0.49656134864853346,0
VEEV,0001393052-25-000022,2025-03-24,0.0,0.45250790386556994,0,0.5369508879764249,1
VICI,0001705696-23-000035,2023-02-23,0.0,0.5148774182203614,1,0.5097307273945454,1
VICI,0001705696-24-000033,2024-02-22,0.0,0.5915237862456597,1,0.5950434082948753,1
VICI,0001705696-25-000033,2025-02-20,0.0,0.5667560181526258,1,0.5365504999221098,1
VLO,0001035002-23-000027,2023-02-23,0.0,0.48254833634618394,0,0.49705315558586033,0
VLO,0001035002-24-000007,2024-02-22,0.0,0.5016894879463345,1,0.48527598566909497,0
VLO,0001035002-25-000005,2025-02-26,1.0,0.510952426180346,1,0.5137438802858701,1
VLTO,0001967680-24-000033,2024-02-28,0.0,0.46515549017372476,0,0.44615790550563666,0
VLTO,0001967680-25-000008,2025-02-25,0.0,0.48036433966346775,0,0.5213401936645249,1
VMC,0001396009-23-000007,2023-02-24,1.0,0.42650406264093127,0,0.46735177297082314,0
VMC,0001396009-24-000006,2024-02-22,0.0,0.42416578666616556,0,0.4563107783240165,0
VMC,0001396009-25-000005,2025-02-20,1.0,0.44024880089790663,0,0.47480933934526953,0
VRSK,0001437749-23-004945,2023-02-28,1.0,0.46379414392671947,0,0.5861435190483099,1
VRSK,0001437749-24-004939,2024-02-21,1.0,0.45929422169049905,0,0.44217869209203153,0
VRSK,0001437749-25-005160,2025-02-26,0.0,0.46948009122826784,0,0.5308424140062561,1
VRSN,0001014473-23-000005,2023-02-17,0.0,0.5208619308671514,1,0.6031968444350564,1
VRSN,0001014473-24-000006,2024-02-15,0.0,0.5425376738851091,1,0.5810943296840904,1
VRSN,0001014473-25-000006,2025-02-13,0.0,0.5265137300621758,1,0.5803859666709605,1
VRT,0001628280-23-005248,2023-02-27,1.0,0.47336090503567124,0,0.4980030210304321,0
VRT,0001628280-24-006498,2024-02-23,1.0,0.4692195190614768,0,0.4692355604693566,0
VRT,0001628280-25-005905,2025-02-18,1.0,0.46009863064159484,0,0.5237836433066495,1
VRTX,0000875320-23-000007,2023-02-10,1.0,0.4283931004769893,0,0.41759285632899784,0
VRTX,0000875320-24-000062,2024-02-15,0.0,0.4589111104455406,0,0.516662997976676,1
VRTX,0000875320-25-000053,2025-02-13,0.0,0.44798361511687,0,0.47470221445424216,0
VST,0001692819-23-000005,2023-03-01,1.0,0.5134377586913315,1,0.5428186894536365,1
VST,0001692819-24-000012,2024-02-29,1.0,0.45306623038870797,0,0.5048266291183835,1
VST,0001692819-25-000013,2025-02-28,1.0,0.4837409751347897,0,0.5767190781527193,1
VTR,0000740260-23-000070,2023-02-10,0.0,0.5019783233880283,1,0.43128072463010286,0
VTR,0000740260-24-000067,2024-02-15,1.0,0.5192283383065499,1,0.4550745817667843,0
VTR,0000740260-25-000052,2025-02-13,1.0,0.5190294803761671,1,0.4903883587460453,0
VTRS,0001792044-23-000008,2023-02-27,0.0,0.6253410194746665,1,0.6119022363487958,1
VTRS,0001193125-23-127172,2023-04-28,1.0,0.4429255709552758,0,0.530581164064723,1
VTRS,0001792044-24-000008,2024-02-28,0.0,0.5952530232278674,1,0.6338224104353704,1
VTRS,0001193125-24-118165,2024-04-26,0.0,0.5168489471204761,1,0.5680403941676049,1
VTRS,0001792044-25-000008,2025-02-27,1.0,0.5707337274114834,1,0.6390103351667777,1
VTRS,0001140361-25-016679,2025-04-30,1.0,0.5319988961531065,1,0.6020712485998312,1
VZ,0000732712-24-000010,2024-02-09,0.0,0.5198117259551757,1,0.45585094917049135,0
VZ,0000732712-25-000006,2025-02-12,1.0,0.5402365515436457,1,0.5450708984365901,1
WAB,0001628280-23-003675,2023-02-15,1.0,0.46987305296621584,0,0.5212418020307837,1
WAB,0001628280-24-004774,2024-02-14,1.0,0.42455588719464665,0,0.48905328075870796,0
WAB,0001628280-25-005100,2025-02-12,1.0,0.44745829478177296,0,0.47377918626137405,0
WAT,0001193125-23-050827,2023-02-27,0.0,0.5124061902747116,1,0.5151298227298099,1
WAT,0001193125-24-047491,2024-02-27,0.0,0.4816363063203058,0,0.4724336893414835,0
WAT,0001193125-25-034579,2025-02-25,0.0,0.48853563564190916,0,0.5073924128838476,1
WBD,0001437107-23-000019,2023-02-24,0.0,0.4827254729544879,0,0.4554439519796414,0
WBD,0001437107-24-000017,2024-02-23,1.0,0.535946083035633,1,0.5249952850534876,1
WBD,0001437107-25-000031,2025-02-27,1.0,0.495551467876033,0,0.48031879369463487,0
WDAY,0001327811-23-000024,2023-02-27,1.0,0.46668752951652737,0,0.4713648243926512,0
WDAY,0001327811-24-000044,2024-03-08,0.0,0.4772413441096041,0,0.5082445333882516,1
WDAY,0001327811-25-000056,2025-03-11,0.0,0.43432257808627206,0,0.4895855523606168,0
WDC,0000106040-23-000024,2023-08-22,1.0,0.45038714065785784,0,0.45305574763296214,0
WDC,0000106040-24-000031,2024-08-20,1.0,0.4815731867953285,0,0.4605713754729232,0
WEC,0000107815-23-000100,2023-02-23,0.0,0.49525788318329456,0,0.44785822485111576,0
WEC,0000107815-24-000095,2024-02-22,1.0,0.5118902893655339,1,0.5001236902181762,1
WEC,0000107815-25-000103,2025-02-21,0.0,0.518329985226792,1,0.5420645243245671,1
WELL,0000766704-23-000010,2023-02-21,0.0,0.45268095467996045,0,0.522331405151886,1
WELL,0000766704-24-000008,2024-02-15,1.0,0.4545587954116301,0,0.49290178609362073,0
WELL,0000766704-25-000009,2025-02-12,1.0,0.4533026905904755,0,0.538207994690632,1
WFC,0000072971-25-000066,2025-02-25,0.0,0.678804793890289,1,0.46907122737648765,0
WM,0001558370-23-000964,2023-02-07,1.0,0.3338537271334797,0,0.49814760636419075,0
WM,0001558370-24-001049,2024-02-13,0.0,0.4944606063260184,0,0.46905258523488075,0
WM,0001558370-25-001132,2025-02-19,0.0,0.47961188683553996,0,0.4332634262387851,0
WMB,0000107263-23-000007,2023-02-27,0.0,0.45751623214906784,0,0.5029969880870013,1
WMB,0000107263-24-000019,2024-02-21,1.0,0.47941633962785063,0,0.4757963659848529,0
WMB,0000107263-25-000031,2025-02-25,1.0,0.4326883796540217,0,0.36587514725157716,0
WMT,0000104169-23-000020,2023-03-17,0.0,0.4242638689366169,0,0.46004800636787146,0
WMT,0000104169-24-000056,2024-03-15,1.0,0.3995475080162723,0,0.421457342974713,0
WMT,0000104169-25-000021,2025-03-14,1.0,0.4036892546410104,0,0.5388915160077669,1
WRB,0000011544-23-000004,2023-02-24,1.0,0.5919202006350369,1,0.5375163723646879,1
WRB,0000011544-24-000005,2024-02-23,0.0,0.6001698515124816,1,0.5192249802244074,1
WRB,0000011544-25-000005,2025-02-24,1.0,0.5901157701756925,1,0.5330552195990006,1
WSM,0001628280-23-009175,2023-03-24,1.0,0.47127998964776785,0,0.5063189172381433,1
WSM,0001628280-24-012221,2024-03-20,1.0,0.4675386478198418,0,0.48731380024109977,0
WSM,0001628280-25-015037,2025-03-27,0.0,0.4884653483797033,0,0.5533660016735931,1
WST,0000105770-23-000012,2023-02-21,0.0,0.46821464437408516,0,0.548408496669195,1
WST,0000105770-24-000015,2024-02-20,0.0,0.5304945674815621,1,0.5225329873916036,1
WST,0000105770-25-000013,2025-02-18,1.0,0.4941551677060817,0,0.5431280205544172,1
WTW,0000950170-23-004303,2023-02-24,0.0,0.48503345641349516,0,0.48599994509638833,0
WTW,0000950170-24-018575,2024-02-22,1.0,0.48107698533267484,0,0.5018974415713422,1
WTW,0000950170-25-026278,2025-02-25,0.0,0.4694841263713241,0,0.46712870156124997,0
WY,0000950170-23-003217,2023-02-17,0.0,0.43691759591606544,0,0.44133377394568496,0
WY,0000950170-24-016434,2024-02-16,0.0,0.45505178476312036,0,0.5006442077072073,1
WY,0000950170-25-021254,2025-02-14,0.0,0.44648604708881995,0,0.44396436352015306,0
WYNN,0001174922-23-000048,2023-02-27,0.0,0.47734252493224716,0,0.4998516896630913,0
WYNN,0001174922-24-000046,2024-02-23,0.0,0.48685041713523763,0,0.47511406438462067,0
WYNN,0001174922-25-000039,2025-02-13,1.0,0.4925803598194731,0,0.4960068831136045,0
XEL,0000072903-23-000007,2023-02-23,0.0,0.4639537547886106,0,0.5489631357825316,1
XEL,0000072903-24-000034,2024-02-21,1.0,0.4621050979791881,0,0.4734739919952081,0
XEL,0000072903-25-000029,2025-02-27,1.0,0.49378826293892714,0,0.47549879331026496,0
XOM,0000034088-23-000020,2023-02-22,0.0,0.4670089379171096,0,0.49711917354131857,0
XOM,0000034088-24-000018,2024-02-28,0.0,0.49107607430937056,0,0.45960170218299906,0
XOM,0000034088-25-000010,2025-02-19,1.0,0.4548359684422202,0,0.43353259034549135,0
XYL,0001524472-23-000009,2023-02-24,0.0,0.4726715990510518,0,0.5393027888578361,1
XYL,0001524472-24-000006,2024-02-28,0.0,0.3889879550833723,0,0.395523828271126,0
XYL,0001524472-25-000013,2025-03-03,0.0,0.46340754548717494,0,0.4663657637844855,0
XYZ,0001628280-23-004840,2023-02-23,0.0,0.49706599573885957,0,0.4396351083821594,0
XYZ,0001628280-24-006354,2024-02-22,0.0,0.5096259201214057,1,0.45999441933094604,0
XYZ,0001628280-25-007376,2025-02-24,0.0,0.49109624634832405,0,0.449755986532317,0
YUM,0001041061-23-000009,2023-02-27,0.0,0.4933545010937736,0,0.5758836447504567,1
YUM,0001041061-24-000011,2024-02-20,0.0,0.467309080568038,0,0.5347398550586125,1
YUM,0001041061-25-000013,2025-02-19,0.0,0.39477661440842504,0,0.4389453004850634,0
ZBH,0000950170-23-004264,2023-02-24,0.0,0.4815259539422068,0,0.5294683380018345,1
ZBH,0000950170-24-019353,2024-02-23,0.0,0.46844241511320506,0,0.5462476490597283,1
ZBH,0000950170-25-026604,2025-02-25,0.0,0.4725168763138347,0,0.5179071845126287,1
ZBRA,0000877212-23-000025,2023-02-16,0.0,0.4654197043102442,0,0.49796530758561697,0
ZBRA,0000877212-24-000029,2024-02-15,0.0,0.4726085355679157,0,0.5258639787786623,1
ZBRA,0000877212-25-000027,2025-02-13,0.0,0.5032685051108907,1,0.5425408028662293,1
ZTS,0001555280-23-000074,2023-02-14,0.0,0.3933302600236359,0,0.49268208487731857,0
ZTS,0001555280-24-000143,2024-02-13,0.0,0.42532287339605135,0,0.49428078880403603,0
ZTS,0001555280-25-000102,2025-02-13,0.0,0.43124179793720424,0,0.4938407958598918,0
