ticker,accession_number,filing_date,excess_return_252d,ridge_regression_prediction,random_forest_regressor_prediction
A,0001090872-23-000020,2023-12-20,-0.2985921439302861,-0.02291630483734279,-0.0032117596187042057
A,0001090872-24-000049,2024-12-20,-0.1449072994524192,-0.0049797796961721305,0.0175113472568673
AAPL,0000320193-23-000106,2023-11-03,-0.073229134036123,0.09228413954450262,0.08043491682276231
AAPL,0000320193-24-000123,2024-11-01,0.0165215799136837,0.07163048736500417,0.060368568217450104
ABBV,0001551152-23-000011,2023-02-17,-0.0351125960888936,0.009805090422594007,0.03912783298032374
ABBV,0001551152-24-000011,2024-02-20,-0.0314975301996192,0.00530104358694726,0.027644248338743953
ABBV,0001551152-25-000020,2025-02-14,0.0868208701094395,0.002872044873874338,0.025786726257562165
ABNB,0001559720-23-000003,2023-02-17,-0.1053791178977334,0.05089725532859651,0.006614464637928257
ABNB,0001559720-24-000006,2024-02-16,-0.2192724582484853,0.0627764596983286,0.05712621668138406
ABNB,0001559720-25-000010,2025-02-13,-0.2522593628247203,0.09113247846924505,0.1622439356060808
ABT,0001628280-23-004026,2023-02-17,-0.1127186512149189,-0.03051350717828754,0.0007352268713779121
ABT,0001628280-24-005348,2024-02-16,-0.0457726263411082,0.000982980458803441,0.03231954090261877
ABT,0001628280-25-007110,2025-02-21,-0.2939730859476944,-0.005917779146056769,0.02664132002440561
ACGL,0000947484-23-000015,2023-02-24,-0.0373852021578231,0.08566530622654626,0.07604832828249643
ACGL,0000947484-24-000020,2024-02-23,-0.1066114374080628,0.07097385164885497,0.06508502360354912
ACGL,0000947484-25-000017,2025-02-27,-0.0896906102953865,0.08424198157080187,0.06553404578806467
ACN,0001467373-23-000324,2023-10-12,-0.1484548831327659,0.007816266677379238,0.03310529576575384
ACN,0001467373-24-000278,2024-10-10,-0.4774407199690097,0.009642220780452335,0.026991366048401386
ADBE,0000796343-23-000007,2023-01-17,0.5078578446828657,0.043991792901753424,0.05336910089562641
ADBE,0000796343-24-000006,2024-01-17,-0.5601735639283596,0.03287956125597738,0.06571614962363365
ADBE,0000796343-25-000004,2025-01-13,-0.4561110399956857,0.03435146745380126,0.02390312993458392
ADI,0000006281-23-000203,2023-11-21,-0.1263952086001534,0.05431900958362776,0.038139932755861125
ADI,0000006281-24-000204,2024-11-26,0.0912673190022403,0.0512171938816043,0.08004039645386161
ADM,0000007084-23-000010,2023-02-14,-0.5529078083224834,-0.013808757615633688,0.013893143451156359
ADM,0000007084-24-000009,2024-03-12,-0.2450375517327037,-0.001336990842471221,0.013544363256441582
ADM,0000007084-24-000051,2024-11-18,0.0285411574970528,-0.02082636467992168,-0.0006273309177575651
ADM,0000007084-25-000011,2025-02-20,0.3743185737188195,0.023700549347585486,0.05046295291218111
ADP,0000008670-23-000030,2023-08-03,-0.1042096789930546,0.05916909521988292,0.055946759637894514
ADP,0000008670-24-000024,2024-08-07,-0.0439763921601192,0.03953243586676434,0.054042836092863075
ADSK,0000769397-23-000036,2023-03-14,-0.0368217479212809,0.035108485113698844,0.0184345723585803
ADSK,0000769397-24-000090,2024-06-10,0.2268724001703845,-0.010440991739890666,-0.04052933783521924
ADSK,0000769397-25-000019,2025-03-06,-0.1968417334754622,0.1361548004569757,0.13324323113173672
AEE,0001002910-23-000053,2023-02-22,-0.4296494153788562,-0.04882185649020259,0.0003050779353731687
AEE,0001002910-24-000056,2024-02-29,0.3031180010460856,-0.034817941307591756,0.019486406185695547
AEE,0001002910-25-000055,2025-02-18,0.01677370146019,-0.02010359482058651,0.05588708188555808
AEP,0000004904-23-000011,2023-02-23,-0.3533405582827732,-0.01100014169989344,0.0565686366862624
AEP,0000004904-24-000020,2024-02-26,0.1810335292914151,0.03499962017189943,0.12427613510296093
AEP,0000004904-25-000027,2025-02-13,0.199589048942794,-0.04693747389163986,0.03668667626367967
AES,0000874761-23-000010,2023-03-01,-0.6677324871999483,0.07646565469942114,0.031149769604897858
AES,0000874761-24-000011,2024-02-26,-0.4722772566733548,0.08125073827040197,0.010664145848555467
AES,0000874761-25-000013,2025-03-11,0.0416493054724429,0.09022201432173832,0.04591724597939667
AFL,0000004977-23-000055,2023-02-24,-0.1007412390626198,0.016674564188601547,0.021224419493457606
AFL,0000004977-24-000053,2024-02-22,0.1819260346506042,-0.0020619196723792033,0.020976140311160282
AFL,0000004977-25-000047,2025-02-26,-0.0769349300762249,0.03341638735538739,0.03452169621421974
AIG,0000005272-23-000007,2023-02-17,-0.0821715778758616,0.07726983210988131,0.13110853171191186
AIG,0000005272-24-000023,2024-02-14,-0.127957209201218,0.005938586684275701,0.00409767706041274
AIG,0000005272-25-000012,2025-02-13,-0.0715716605295302,0.12130048374167268,0.0985534416298827
AIZ,0001267238-23-000007,2023-02-17,0.1091513539584103,0.030827128035857767,0.020733855264301475
AIZ,0001267238-24-000008,2024-02-15,-0.0587559574958151,0.04325265252900028,0.028052853167450216
AIZ,0001267238-25-000008,2025-02-20,-0.0272696824738303,0.044645939707304336,0.03627599603944869
AJG,0000950170-23-002456,2023-02-10,-0.0051786637724753,0.01481009181236946,0.012615306015720962
AJG,0000950170-24-013370,2024-02-09,0.1519126801090466,0.01017686786306735,0.0004105836250661625
AJG,0000950170-25-021775,2025-02-18,-0.4574190965436139,0.04822296090299129,0.03529567829884993
AKAM,0001086222-23-000078,2023-02-28,0.2261479428550759,0.04848496397939199,0.03385129551794939
AKAM,0001086222-24-000040,2024-02-28,-0.4188652739821894,0.03612107074101264,0.0322199315604989
AKAM,0001086222-25-000028,2025-02-24,0.1140684695638518,0.05498242381364416,0.03043825803000057
ALB,0000915913-23-000025,2023-01-26,-0.787507744086767,0.1350698904038581,0.050052636515796264
ALB,0000915913-23-000039,2023-02-15,-0.7716400816100795,0.0772755036616346,0.06838313232433717
ALB,0000915913-24-000016,2024-02-15,-0.513475121648293,0.015884466341262365,0.05641944877421737
ALB,0000915913-24-000094,2024-03-28,-0.5311358350714761,0.4134428582704219,0.15989102164072205
ALB,0000915913-25-000026,2025-02-12,1.0735413929432738,-0.014802891604705055,0.0700547372368486
ALB,0000915913-25-000077,2025-03-31,1.3367877612861887,0.43604817673518914,0.16102335068833762
ALGN,0001097149-23-000013,2023-02-27,-0.299605377438535,0.014235742174403047,0.04235594335650424
ALGN,0001097149-24-000011,2024-02-28,-0.5888738845499557,0.01855111525319392,0.027573358962002872
ALGN,0001097149-25-000012,2025-02-28,-0.1819078233956883,0.04600383631647356,0.02302358650271864
ALL,0000899051-23-000020,2023-02-16,-0.0347875095741474,0.02983643275760161,0.029438879952690455
ALL,0000899051-24-000013,2024-02-21,-0.0058863991761104,0.004111331442859481,0.02107442296465285
ALL,0000899051-25-000015,2025-02-24,-0.0434750416938747,0.02217547640493177,0.04321045933704644
ALLE,0001579241-23-000006,2023-02-22,-0.1341172345992916,0.005911725671255353,0.013394371529518582
ALLE,0001579241-24-000006,2024-02-20,-0.2462382521537707,0.04118644064286164,0.06704615968965662
ALLE,0001579241-25-000008,2025-02-18,0.1582062807591735,0.03623310343818757,0.041692189287790435
AMAT,0000006951-23-000041,2023-12-15,-0.2396806567531417,0.04224435940397643,0.072238343337553
AMAT,0000006951-24-000044,2024-12-13,0.3559797260383779,0.07297623974257396,0.08606973059003468
AMCR,0001748790-23-000030,2023-08-17,-0.1307688470410624,0.04023726545244481,0.0364067807809306
AMCR,0001748790-24-000022,2024-08-16,-0.3032172006987863,0.03478295385763156,0.024262819871118467
AMD,0000002488-23-000047,2023-02-27,0.9489889812400528,0.007211926306860364,0.007000432827993224
AMD,0000002488-24-000012,2024-01-31,-0.5723699025058199,0.07380435257285933,0.04545304686374689
AMD,0000002488-25-000012,2025-02-05,0.7044885914785237,0.07863105897156192,0.061974800482468166
AME,0001037868-23-000012,2023-02-21,-0.0363815954431179,0.03538261408678971,0.046047313660606305
AME,0001037868-24-000009,2024-02-22,-0.1302812170841039,0.007662993115659718,0.03941544844533923
AME,0001037868-25-000012,2025-02-20,0.103179237075706,0.01722083543721971,0.0344904480611744
AMGN,0000318154-23-000017,2023-02-09,0.0199708545490568,0.04483975406617235,0.061491795846396746
AMGN,0000318154-24-000011,2024-02-14,-0.1939066250008492,0.041564176506440315,0.045914156962936784
AMGN,0000318154-25-000010,2025-02-14,0.2062757548742408,0.0744797381266261,0.07241980739164006
AMP,0000820027-23-000014,2023-02-23,-0.0594564390592831,-0.014597001240208962,0.035682779084810774
AMP,0000820027-24-000015,2024-02-22,0.1251155932192493,-0.07519511499179732,-0.05599691924333647
AMP,0000820027-25-000013,2025-02-20,-0.2814258332925665,-0.016487223673905656,0.04304350264253329
AMT,0001053507-23-000023,2023-02-23,-0.3209096661947679,0.04618688568288731,0.04325672186525806
AMT,0001053507-24-000011,2024-02-27,-0.0483928226014747,0.030297536806943977,0.009083567404708538
AMT,0001053507-25-000025,2025-02-25,-0.2336988386750559,0.03647907339415972,0.02177512636835226
AMZN,0001018724-23-000004,2023-02-03,0.4198678310239194,0.0542722158824899,0.057589021341752575
AMZN,0001018724-24-000008,2024-02-02,0.1366703511080735,0.04295643756523718,0.06684500805254842
AMZN,0001018724-25-000004,2025-02-07,-0.2624195470663047,0.04227205501345701,0.06234814817999954
ANET,0001596532-23-000016,2023-02-14,0.6488532466899075,0.05601721592962604,0.029641738345363513
ANET,0001596532-24-000043,2024-02-13,0.3601936755334407,0.05666671411472063,0.03580358062825078
ANET,0001596532-25-000028,2025-02-19,0.1397906286282517,0.062467471199441654,0.02711462614332086
AON,0001628280-23-004087,2023-02-17,-0.2282820610443248,0.01823599481177103,0.04955673911161376
AON,0001628280-24-005392,2024-02-16,0.0355872338456322,0.012622160448464134,0.016930793721982057
AON,0001193125-24-099218,2024-04-17,0.1376835333379806,-0.05432590841175453,0.09200909854368974
AON,0001628280-25-006093,2025-02-18,-0.2997993183458772,0.12648475116925076,0.3215934631546665
AOS,0000091142-23-000025,2023-02-14,-0.0139016107277478,0.07336414651582555,0.04219372107052529
AOS,0000091142-24-000041,2024-02-13,-0.3997954231013455,0.0534492194972334,0.033888251163686434
AOS,0000091142-25-000036,2025-02-11,0.092885311834242,0.05464916557727868,0.04337119849535378
APA,0001784031-23-000007,2023-02-23,-0.5041800782183405,0.06600816511799716,0.06021834331965653
APA,0001784031-24-000003,2024-02-22,-0.4180744328733012,0.06165249036064724,0.07008325822597916
APA,0002040266-25-000007,2025-02-28,0.4597313320660539,0.030261798899429752,0.004775529027586902
APD,0000002969-23-000047,2023-11-16,-0.0933183511425435,0.0185667773825415,0.03250368690335114
APD,0000002969-24-000056,2024-11-21,-0.3434835748158482,0.022231083269969393,0.03653363479556455
APH,0001558370-23-001036,2023-02-08,0.0693347635074472,0.04740458544986986,0.05645927929642755
APH,0001558370-24-000866,2024-02-07,0.1590674821736253,0.041114739352590086,0.057022359798535656
APH,0001558370-25-000714,2025-02-07,0.9153531495594482,0.025687179456750697,0.026224969788366036
APO,0001858681-23-000007,2023-03-01,0.2566861649505483,0.08478386403415963,0.04081532283134706
APO,0001858681-24-000031,2024-02-27,0.1786503517021649,0.08973407964493502,0.08270978197010223
APO,0001858681-25-000034,2025-02-24,-0.3694782008545324,0.05450404599074089,0.05574801047693464
APP,0001751008-23-000006,2023-02-28,3.1220280386311057,0.05727415754096715,0.05761777139948817
APP,0001751008-24-000012,2024-02-26,4.2618749246095415,0.0653540231388682,0.05496295952219626
APP,0001751008-25-000018,2025-02-27,0.1640177050623033,0.06472277235109727,0.047544083864740044
APTV,0001521332-23-000013,2023-02-08,-0.5307028781940705,0.0012104707036343018,0.006103890211449047
APTV,0001521332-24-000011,2024-02-06,-0.470410103792773,0.03083801576335797,0.04493649527924955
APTV,0001521332-24-000026,2024-03-28,-0.3434825653480369,0.588557832320092,0.18355922934755634
APTV,0001521332-25-000010,2025-02-07,0.1628097242675321,-0.0713036835627186,0.00513603027246713
ARE,0001035443-23-000099,2023-01-30,-0.4214196861932062,0.07974244559142174,0.0681573366056182
ARE,0001035443-24-000072,2024-01-29,-0.4537081814536671,0.07115426385194862,0.03102222597375188
ARE,0001035443-25-000067,2025-01-27,-0.6045802256462212,0.058284899400824555,0.035843725732475615
ARES,0001628280-23-005081,2023-02-24,0.3841602050235104,0.06757422549366796,0.05179478348607387
ARES,0001628280-24-007014,2024-02-27,0.1556930268830285,0.06441063986174045,0.05120854913066406
ARES,0001628280-25-008665,2025-02-27,-0.4899212925502819,0.06816031077108747,0.07720441053146913
ATO,0000731802-23-000028,2023-11-14,-0.0403022794824334,0.04401687556445739,0.0533242706543908
ATO,0000731802-24-000030,2024-11-18,0.0930869310504072,0.03423880960838461,0.038177561370746876
AVB,0000915912-23-000004,2023-02-24,-0.2639043149951587,0.048973499341404124,0.025598365682263247
AVB,0000915912-24-000004,2024-02-23,0.1200421155874171,0.05556913442683936,0.06598432360978186
AVB,0000915912-25-000005,2025-02-27,-0.3553783775896539,0.048601220482004985,0.02391841647111988
AVGO,0001730168-23-000096,2023-12-14,0.9912827958310222,0.05629474686956319,0.0676037074398354
AVGO,0001730168-24-000139,2024-12-20,0.4232617269194769,-0.004852782006760391,0.0009162612268323385
AVY,0000008818-23-000002,2023-02-22,-0.0962005814907789,-0.04575066296060095,-0.003556325615200538
AVY,0000008818-24-000003,2024-02-21,-0.3275860183688853,0.02565193428974658,0.030383309401575402
AVY,0000008818-25-000003,2025-02-26,-0.0877032447460106,0.044599931102251605,0.041530933460230735
AWK,0001410636-23-000020,2023-02-15,-0.3842909450323832,0.015463879737194076,0.02243825722171533
AWK,0001410636-24-000050,2024-02-14,-0.1622154787130802,0.007705207665296591,0.010967168075542995
AWK,0001410636-25-000022,2025-02-19,-0.1007474792921345,0.012228620640577968,0.007074941660970156
AXON,0001558370-23-002413,2023-02-28,0.2327958078989673,0.06697061202129095,0.05505063529257954
AXON,0001069183-24-000006,2024-02-27,0.7569678689897321,0.07806532761868681,0.04134493621591961
AXON,0001069183-25-000019,2025-02-28,-0.0626082109471073,0.058825132475511584,0.03845152022271934
AXON,0001069183-25-000075,2025-05-07,-0.6590149988897414,0.03591639731497779,0.0022079851603553544
AXP,0000004962-23-000006,2023-02-10,-0.0425369269839637,0.07188257697747642,0.026522009208270865
AXP,0000004962-24-000013,2024-02-09,0.2388013003733584,0.06285903153751245,0.022507659102648757
AXP,0000004962-25-000016,2025-02-07,-0.0068087693188332,0.058874182466732025,0.015336000365437315
AZO,0001558370-23-016668,2023-10-24,-0.0809533338252967,0.06864653546416274,0.06172715422385809
AZO,0001558370-24-013758,2024-10-28,0.0084067527000419,0.062056201267971275,0.06043274000138317
BA,0000012927-23-000007,2023-01-27,-0.2792456596561807,0.05050291272394192,0.0728112239760742
BA,0000012927-24-000010,2024-01-31,-0.4204567241280597,0.051366368575308734,0.04177858969133442
BA,0000012927-25-000015,2025-02-03,0.1802194079050851,0.029869486571216505,0.01272107457230738
BALL,0000009389-23-000011,2023-02-21,-0.1948026143730485,0.0218289237364273,0.024116729145266486
BALL,0001558370-24-001349,2024-02-20,-0.3829818365484929,0.028216253370164236,0.040599860756003955
BALL,0001558370-25-001190,2025-02-20,0.2203655643315398,0.03252514644090177,0.06323396614668031
BAX,0001628280-23-002864,2023-02-09,-0.215374100081183,0.023595258028046986,0.028806624582131502
BAX,0001628280-24-003932,2024-02-08,-0.4521461636236783,-0.010904603516969917,-0.04971475239916983
BAX,0001628280-25-007201,2025-02-21,-0.5381230469226759,0.060615839223404244,0.044669428030771216
BBY,0000764478-23-000006,2023-03-17,-0.270586861143137,0.06116155694941884,0.09970787073395666
BBY,0000764478-24-000010,2024-03-15,-0.1364391893058741,0.04561526895914271,0.06314802955782478
BBY,0000764478-25-000007,2025-03-19,-0.2633691988091513,0.05329854709208402,0.08195234672293221
BDX,0000010795-23-000098,2023-11-21,-0.3572532927576919,-0.0073280881409372375,0.022011635954149116
BDX,0000010795-24-000084,2024-11-27,-0.2759302439228023,-0.023187714555390655,-0.002739904926262276
BEN,0000038777-23-000169,2023-11-14,-0.391702554486498,0.037920565468816655,0.0655412449345582
BEN,0000038777-24-000206,2024-11-12,-0.043085753046417,0.019566948382388726,0.03227303147389878
BF-B,0000014693-23-000074,2023-06-16,-0.5850322861203554,0.004868068113452896,0.03379521312115715
BF-B,0000014693-24-000086,2024-06-14,-0.5127793907828524,0.015724376454756467,0.032867075002200145
BG,0001996862-24-000007,2024-02-22,-0.3730700297323231,0.05163835505701668,0.015863015474982253
BG,0001996862-25-000008,2025-02-20,0.6239348254133097,0.07003607531326014,0.04033218779744488
BIIB,0000875045-23-000009,2023-02-15,-0.4396536695806797,0.05045701313585807,0.038801004534247334
BIIB,0000875045-24-000009,2024-02-14,-0.623528360689916,0.03779339445281225,0.018443130994372905
BIIB,0000875045-25-000009,2025-02-12,0.3296409277452878,0.05205231138767756,0.064666997282629
BK,0001390777-23-000033,2023-02-27,-0.1577513250068518,0.043833135271621804,0.03391465082357626
BK,0001390777-24-000051,2024-02-28,0.4625392709742113,0.08428261747815402,0.044693564578923074
BK,0001390777-25-000046,2025-02-27,0.2169229718615366,0.07979363871456428,0.02567445743450949
BKNG,0001075531-23-000016,2023-02-23,0.1602246516250662,0.04401892286090245,0.05115312252611734
BKNG,0001075531-24-000014,2024-02-22,0.1155699216067029,0.07073908597185946,0.09306749517329825
BKNG,0001075531-25-000010,2025-02-20,-0.3540192562052557,0.061646439396751816,0.10143311883672933
BKR,0001701605-23-000044,2023-02-14,-0.3124014610143351,0.038780801923478055,0.022664891917177802
BKR,0001701605-24-000033,2024-02-05,0.4266411653213036,0.056802383038287586,0.05101856776204554
BKR,0001701605-25-000035,2025-02-04,0.0823147425380519,0.048811862064311345,0.0400436860099654
BLDR,0000950170-23-004939,2023-02-28,1.0005181049210423,0.026636903639102344,0.029480278552461422
BLDR,0000950170-24-018584,2024-02-22,-0.4385768332618365,0.04261868452258266,0.05309552556666894
BLDR,0000950170-25-023953,2025-02-20,-0.388116580495892,0.04378772092984699,0.040794237662960156
BMY,0000014272-23-000046,2023-02-14,-0.5237945323459596,0.01810857563578899,0.061180498689319074
BMY,0000014272-24-000044,2024-02-13,-0.0879922004949573,-0.00527070735437371,0.04298556457521679
BMY,0000014272-25-000039,2025-02-12,-0.0067997225967433,0.009441558826848894,0.03880258890927257
BR,0001383312-23-000037,2023-08-08,0.0427355340516439,0.041622053148189384,0.046722983787914084
BR,0001383312-24-000039,2024-08-06,0.0003267181036312,0.029859676449860165,0.01704799414798716
BRK-B,0000950170-23-004451,2023-02-27,0.0605671338905648,0.03417082413118951,0.01856259916061032
BRK-B,0000950170-24-019719,2024-02-26,0.0568864490534919,0.03882234021185234,0.05288322644946205
BRK-B,0000950170-25-025210,2025-02-24,-0.183164787998581,0.05458853077565486,0.053986646812556896
BRO,0000950170-23-004717,2023-02-27,0.2334029652482956,0.05253678575841038,0.041279035598460426
BRO,0000950170-24-018890,2024-02-22,0.1862121344056184,0.058650815743812056,0.04781211715752036
BRO,0000950170-25-019039,2025-02-13,-0.5080339666845172,0.06785616611176823,0.08968090212221141
BSX,0000885725-23-000008,2023-02-23,0.1310133121590064,0.024591034534277845,0.060366404762056465
BSX,0000885725-24-000017,2024-02-20,0.3547245026451222,0.002995022458806,0.02199037933275829
BSX,0000885725-25-000011,2025-02-18,-0.4137620609018574,-0.013049274815468082,0.0017733158020834842
BX,0001193125-23-048733,2023-02-24,0.1732420633999833,0.0836659397116609,0.058812195165044795
BX,0001193125-24-044485,2024-02-23,0.1226541064575437,0.08528384823279045,0.08041180590873204
BX,0001193125-25-042469,2025-02-28,-0.4467434647455675,0.07406574144253684,0.06455760090113288
BXP,0001656423-23-000013,2023-02-27,-0.259641988194369,0.048475925059063826,0.01149694809419224
BXP,0001656423-24-000007,2024-02-27,-0.0295236039217148,0.0023486655385857105,-0.013782554809393475
BXP,0001656423-25-000009,2025-02-27,-0.3441343175766733,0.033328972097642115,0.0400336974662768
CAG,0001437749-23-019879,2023-07-13,-0.3628063004977708,0.038427951113591076,0.10090918870698319
CAG,0001558370-24-009764,2024-07-11,-0.4269347901792243,0.026363688171025745,0.045198285187420396
CAH,0000721371-23-000060,2023-08-15,-0.0502115472347934,-0.011221219170704282,0.0655710891336759
CAH,0000721371-24-000056,2024-08-14,0.2320868472333528,-0.04129410105456111,0.003917278414864722
CARR,0001783180-23-000012,2023-02-07,0.041453542637639,0.013424994146233236,0.027579707855353987
CARR,0001783180-24-000009,2024-02-06,-0.0358902484239083,0.019144417141286518,0.023446890267556024
CARR,0001783180-25-000008,2025-02-11,-0.1285198768147184,0.009574474532693906,0.016876322382568622
CASY,0000726958-23-000059,2023-06-23,0.4310605554691855,0.06272192214409354,0.08119684249243429
CASY,0000726958-24-000046,2024-06-24,0.1884766566266238,0.04351957181589941,0.07527989575675066
CAT,0000018230-23-000011,2023-02-15,0.0957471549715218,-0.009838009605369818,0.015055037742552117
CAT,0000018230-24-000009,2024-02-16,-0.1366768430832521,-0.022321697434785667,0.010076570045963004
CAT,0000018230-25-000008,2025-02-14,1.0187442994880191,-0.0007837551236153165,0.02376497123781614
CB,0000896159-23-000007,2023-02-24,-0.0692856793998089,0.035049138448267396,-0.03106490668830149
CB,0000896159-24-000003,2024-02-23,-0.1025247684932946,0.04252106453862542,0.03373460806605494
CB,0000896159-25-000004,2025-02-27,0.0377787020045501,0.06264499521382835,0.058578370864247636
CBOE,0001558370-23-001489,2023-02-17,0.2529400203328176,0.023527663709151637,0.024100588162312607
CBOE,0001558370-24-001277,2024-02-16,-0.1051899701062692,0.051206528272844595,0.04360150537300473
CBOE,0001628280-25-006984,2025-02-21,0.2377420849667877,0.03849040157979943,0.011586081899867316
CBRE,0001138118-23-000009,2023-02-27,-0.221671491083216,0.05360176468649941,0.03336167578389939
CBRE,0001138118-24-000006,2024-02-20,0.2693824240419995,0.06571622516702394,0.053703233551224895
CBRE,0001138118-25-000005,2025-02-14,-0.0812293845695546,0.03596947371119447,0.030862620514989333
CCI,0001051470-23-000041,2023-02-24,-0.4470506328490331,0.07311735914153795,0.06394933003596097
CCI,0001051470-24-000062,2024-02-23,-0.2911540417314748,0.06365524788133275,0.07272526499278789
CCI,0001051470-25-000089,2025-03-14,-0.313824163948452,0.05865012345032632,0.07101371154535813
CCL,0000815097-23-000012,2023-01-27,0.2661216925467977,0.020673309409665632,0.05269823117093763
CCL,0000815097-24-000011,2024-01-26,0.5125598456176028,0.02384766578194139,0.02517509297018947
CCL,0000815097-25-000007,2025-01-27,-0.0554964376821647,0.036557232021950756,0.07098476837837041
CDNS,0000813672-23-000011,2023-02-13,0.3934499053265829,0.03460421219134629,-0.0013975090384419698
CDNS,0000813672-24-000034,2024-02-14,-0.2432508345676323,0.053728433254767005,0.041017932529577965
CDNS,0000813672-25-000024,2025-02-21,-0.0341615680160707,0.07890994127290937,0.02907734974454201
CDW,0001402057-23-000052,2023-02-24,-0.078015098275457,0.06167976579121251,0.07289569878927767
CDW,0001402057-24-000015,2024-02-26,-0.4352070251499741,0.05346633947835899,0.05209608724928326
CDW,0001402057-25-000018,2025-02-21,-0.4759196512452773,0.07063764841678935,0.06455824113499507
CEG,0001868275-23-000014,2023-02-16,0.3227215483693493,0.06029444425281648,0.07134816028423549
CEG,0001868275-24-000014,2024-02-27,0.4325508710553887,0.036929981674187755,0.04771314204413402
CEG,0001868275-25-000023,2025-02-18,-0.231728961907759,0.06678801884770276,0.048756924345570454
CF,0001324404-23-000006,2023-02-23,-0.3285320272531065,0.02434709630926757,0.0027536841671803444
CF,0001324404-24-000008,2024-02-22,-0.1772281765950745,0.039293347205016024,0.022165581167332173
CF,0001324404-25-000006,2025-02-20,0.085807066303537,0.09162089729624914,0.04939989243389678
CFG,0000759944-23-000029,2023-02-17,-0.4737791566031308,0.06097458783673411,0.0399475065714286
CFG,0000759944-24-000039,2024-02-16,0.2861897459333271,0.06380587975306751,0.01640793190000047
CFG,0000759944-25-000013,2025-02-13,0.3163146172633428,0.07692551468304931,0.03540786385742257
CHD,0000950170-23-003066,2023-02-16,-0.0370698103687521,0.04681372291301211,0.03725984405783373
CHD,0000950170-24-015810,2024-02-15,-0.1533363179403248,0.05024192517892144,0.04577104438583667
CHD,0000950170-25-019801,2025-02-13,-0.1894486627950571,0.04169764080088706,0.048969680773747665
CHRW,0001043277-23-000005,2023-02-17,-0.5034857824234751,0.03314346266863503,0.02419678864902747
CHRW,0001043277-24-000011,2024-02-16,0.1905118174598892,0.03639050326068595,0.0445278515145652
CHRW,0001043277-25-000012,2025-02-14,0.770284977784925,0.053392947430917735,0.06414705589327273
CHTR,0001091667-23-000024,2023-01-27,-0.2726261100570453,0.048014747884166833,0.05405933294921246
CHTR,0001091667-24-000028,2024-02-02,-0.1569796708132831,0.02982066484593263,-0.0006310571427242064
CHTR,0001091667-25-000034,2025-01-31,-0.5434329278293897,0.04156852901207977,0.0028084964550282635
CI,0001739940-23-000008,2023-02-23,-0.0991027218432909,0.01407025430102022,0.061598377339740495
CI,0001739940-24-000005,2024-02-29,-0.2159925993562278,0.012714088917023993,0.043200483150524875
CI,0001739940-25-000009,2025-02-27,-0.2070864033629097,0.048381870401221265,0.14212337488749696
CIEN,0000936395-23-000044,2023-12-15,0.7269724832836484,0.04985623592202282,0.018750363494999436
CIEN,0000936395-24-000044,2024-12-20,1.5682548273979289,0.05764425611842261,0.04331335552619789
CINF,0000020286-23-000008,2023-02-23,-0.3426574498546856,0.03744244551448923,0.01881887654370408
CINF,0000020286-24-000014,2024-02-26,0.1500800777415762,0.0014423222636339855,-0.02146738023053635
CINF,0000020286-25-000009,2025-02-24,0.0473782082014051,0.02165011255568306,0.027883225672297313
CL,0000021665-23-000007,2023-02-16,-0.042821326099101,-0.03971551511925015,0.010946237319498313
CL,0000021665-24-000003,2024-02-15,-0.1677979983457083,-0.029726576995858324,0.01903859319510906
CL,0000021665-25-000008,2025-02-13,-0.0161848529526764,-0.014616851542422822,0.04920789074202369
CLX,0000021076-23-000037,2023-08-10,-0.305316489349148,-0.010441404506974977,0.05479042283379527
CLX,0000021076-24-000030,2024-08-08,-0.3471185493529762,-0.016775159273653625,0.053008604636285754
CMCSA,0001166691-23-000010,2023-02-03,-0.0734652842353411,0.06086187268359298,0.07688849951964832
CMCSA,0001166691-24-000011,2024-01-31,-0.5179439624139062,0.06437972062862835,0.05473255878984508
CMCSA,0001166691-25-000011,2025-01-31,-0.1769648009343354,0.06619303804502322,0.06488756226040812
CME,0001156375-23-000020,2023-02-27,-0.0346771804414194,0.04953830091711766,0.04592805897434509
CME,0001156375-24-000010,2024-02-28,0.0495241992896469,0.05155126486354346,0.048804313688691196
CME,0001156375-25-000021,2025-02-27,0.1445406820477508,0.039782975148409484,0.023705761576011106
CMG,0001058090-23-000010,2023-02-09,0.3737928730834901,0.03056504717348831,0.05258535090683572
CMG,0001562762-24-000023,2024-02-08,-0.1583415884506824,0.026845939784244845,0.06061994691709447
CMG,0001058090-25-000014,2025-02-05,-0.4714923007839341,0.027673179233163495,0.048886497414881235
CMI,0000026172-23-000005,2023-02-14,-0.1343134109577168,0.02648350695231469,0.017344130952679844
CMI,0000026172-24-000012,2024-02-12,0.2389292652481207,0.06348671173107158,0.022816144090869257
CMI,0000026172-25-000007,2025-02-11,0.4733513056898129,0.05650391946733142,0.039443544990923486
CMS,0000811156-23-000014,2023-02-09,-0.2672627461947273,0.028249974563602433,0.031734820584632076
CMS,0000811156-24-000044,2024-02-08,0.0450931945456047,0.017934564802287622,0.03211510033933309
CMS,0000811156-25-000036,2025-02-11,-0.0297322178691363,0.012639159662493772,0.019666097973486646
CNC,0001071739-23-000047,2023-02-21,-0.1830416205658342,0.032174062469842654,0.049399684293356574
CNC,0001071739-24-000037,2024-02-20,-0.4957413449404551,0.009893452869508573,0.03110738090680103
CNC,0001071739-25-000027,2025-02-18,-0.3515328951260154,0.02261679346889836,0.04470433428167844
CNP,0001130310-23-000013,2023-02-17,-0.2438629798682555,0.021882135872428106,0.04188393703572877
CNP,0001130310-24-000010,2024-02-20,0.0453576660830123,0.023300079679365156,0.02569548983570593
CNP,0001130310-25-000040,2025-02-20,0.1698340579230008,0.03834392796082784,0.04090284142141657
COF,0000927628-23-000117,2023-02-24,-0.0221464451398192,0.05428907506280568,0.0454821671003754
COF,0000927628-24-000094,2024-02-23,0.2880301303254236,0.05696740329405771,0.04063821605478565
COF,0000927628-25-000092,2025-02-20,-0.1933520035397743,0.06203210260249255,0.036322191824683714
COHR,0000820318-23-000016,2023-08-18,0.982258967018073,0.07701776310234053,0.03224877717422372
COHR,0000820318-24-000016,2024-08-16,-0.0360636892234782,0.08566634634438776,0.041895074700932636
COIN,0001679788-23-000031,2023-02-21,1.4625339119169485,0.06513873114314776,0.06709720673996498
COIN,0001679788-24-000022,2024-02-15,0.3247437826539716,0.06663417864345986,0.05330931474806162
COIN,0001679788-25-000022,2025-02-13,-0.576164816647061,0.056607084203411484,0.04145620885326827
COO,0000711404-23-000072,2023-12-08,-0.1445330162905935,0.06055652645710176,0.17781490167986466
COO,0000711404-24-000074,2024-12-06,-0.3269436943811621,0.05229041606675742,0.04286171674957444
COP,0001163165-23-000006,2023-02-16,-0.1843296666266993,0.06082904379878662,0.094736237225038
COP,0001163165-24-000010,2024-02-15,-0.3135655404612409,0.060251823255784535,0.027952851509812013
COP,0001163165-25-000012,2025-02-18,0.0518126805307646,0.04644415926471698,0.030237182431909086
COR,0001140859-23-000197,2023-11-21,-0.0808062796775823,0.013519237175209843,0.049884976025854934
COR,0001140859-24-000177,2024-11-26,0.3143263031388019,0.041444134447162925,0.04225454729378887
COST,0000909832-23-000042,2023-10-11,0.2717153176687215,0.02650322338904171,0.05722307374527805
COST,0000909832-24-000049,2024-10-09,-0.1284173980510126,0.015898118653332464,0.05432192114811953
CPAY,0001628280-23-005444,2023-02-28,-0.0014755704629587,-0.02560156084979697,-0.016086901368120996
CPAY,0001628280-24-008060,2024-02-29,0.1007173275214365,0.03884320517271306,0.0202054372994235
CPAY,0001628280-25-008746,2025-02-27,-0.2760369654500246,0.07937089738967198,0.06933665828850609
CPB,0000016732-23-000109,2023-09-21,-0.1215557444004715,0.017611634147359133,0.044933611653746555
CPB,0000016732-24-000130,2024-09-19,-0.4887644813837892,-0.03733369830964565,-0.020039474493916562
CPRT,0000900075-23-000034,2023-09-28,-0.1505003741825192,0.0744068835630483,0.08342078985826283
CPRT,0000900075-24-000024,2024-09-30,-0.3299838220432616,0.08228481687757881,0.053582860503231536
CPT,0000906345-23-000008,2023-02-23,-0.4660297860168224,0.05028217226525831,0.000891713263622746
CPT,0000906345-24-000007,2024-02-22,0.1508513945514547,0.05562728958379061,0.056168644528694606
CPT,0000906345-25-000008,2025-02-20,-0.2012022921135544,0.05828236133757346,0.057379986353761535
CRH,0001628280-24-007773,2024-02-29,0.0107952893672926,0.01859910051678891,0.012021145812814741
CRH,0001628280-24-011326,2024-03-15,0.0798103082788213,0.06230483986546151,0.13293308156760478
CRH,0001628280-25-008179,2025-02-26,0.0143137143260059,0.06480595383625243,0.039188588348526655
CRL,0001100682-23-000006,2023-02-22,-0.1630120713259211,0.05862197560756047,0.0383219118765944
CRL,0001100682-24-000007,2024-02-14,-0.6123652768661164,0.03921694843710274,0.005290180658926175
CRL,0001100682-25-000011,2025-02-19,-0.1142616183538183,0.04725957628008309,0.03099502903242688
CRM,0001108524-24-000005,2024-03-06,-0.2104272880196774,0.020613607881862204,0.008666245260353412
CRM,0001108524-25-000006,2025-03-05,-0.4699861205328983,0.03095891320709785,0.036373352055874324
CRWD,0001535527-23-000008,2023-03-09,1.2826375866706736,0.06357226492911298,0.06206380644154028
CRWD,0001535527-24-000007,2024-03-07,-0.0934939358613873,0.06199265635375806,0.03954699638742747
CRWD,0001535527-25-000009,2025-03-10,0.2105159689241047,0.0674563059328479,0.029947028623830706
CSCO,0000858877-23-000023,2023-09-07,-0.3603927455558305,0.04554722465802593,0.056504355056331015
CSCO,0000858877-24-000017,2024-09-05,0.2102423257168004,0.030481061164972116,0.021015860240297203
CSGP,0001057352-23-000030,2023-02-22,-0.1181268821766508,0.07800990967440041,0.07670446310101971
CSGP,0001057352-24-000013,2024-02-22,-0.2449875762595194,0.06501648345641253,0.042960325077553964
CSGP,0001057352-25-000016,2025-02-20,-0.5199719560254585,0.07361355723956936,0.07790773838300494
CSX,0000277948-23-000006,2023-02-15,-0.0489254062937698,0.01044412894606219,0.028276675088269608
CSX,0000277948-24-000010,2024-02-14,-0.3205777934042984,0.019440249377247643,0.024150826496792396
CSX,0000277948-25-000008,2025-02-27,0.1877834754730067,-0.0006008155314202804,0.0029100164002095192
CTAS,0000723254-23-000025,2023-07-27,0.3095899665968555,0.06392277288692028,0.07485101502372725
CTAS,0000723254-24-000036,2024-07-25,-0.0056079020433141,0.026072719272188793,0.027022702616738458
CTSH,0001058290-23-000027,2023-02-15,-0.053338401111364,0.0024049785210838517,0.0314452448572962
CTSH,0001058290-24-000017,2024-02-14,-0.0627764821503071,0.021900408879208483,0.030005691288836078
CTSH,0001058290-25-000017,2025-02-12,-0.3754104110126768,0.02748420756272326,0.03312529630421533
CTVA,0001755672-23-000005,2023-02-09,-0.3596719539505537,0.0416449328905986,0.04694478548006624
CTVA,0001755672-24-000004,2024-02-08,-0.0338118902016602,-0.0011632243921987986,-0.011127429975128951
CTVA,0001755672-25-000005,2025-02-14,0.0709154637422724,0.004498144895901578,0.02450983514784906
CVNA,0001690820-23-000052,2023-02-23,5.650454077224706,0.03155570756044475,-0.0049013866098449495
CVNA,0001690820-24-000093,2024-02-22,3.043791102515245,0.008362671612077873,-0.01229753966231685
CVNA,0001690820-25-000074,2025-02-19,0.0564311646022694,0.028124152044137533,0.09870025743693599
CVS,0000064803-23-000009,2023-02-08,-0.3515216128457946,0.027925232698694173,0.04491431302762017
CVS,0000064803-24-000007,2024-02-07,-0.4834834767223707,0.019405410899202273,0.037974597687527784
CVS,0000064803-25-000007,2025-02-12,0.1455454929732709,0.04956912354534587,0.05373441355136465
CVX,0000093410-23-000009,2023-02-23,-0.288766782303303,0.036131776640396844,0.02436028476616424
CVX,0000093410-24-000013,2024-02-26,-0.1128172386690227,0.0537447277902942,0.03158550054666147
CVX,0000093410-25-000009,2025-02-21,0.075111634147303,0.05218715583367898,0.023706760470846706
D,0000950170-23-003287,2023-02-21,-0.4628694401323283,-0.02166610421481749,0.024366662928013677
D,0000950170-24-019110,2024-02-23,0.068363839379979,-0.03907692909324604,0.03467143132806628
D,0000950170-25-028387,2025-02-27,-0.0049625546873179,-0.010784421671881587,0.05778035272848841
DAL,0000027904-23-000003,2023-02-10,-0.1759182480166412,0.04690938074001116,0.03601407437300953
DAL,0000027904-24-000003,2024-02-12,0.3629159359708582,0.041640602856193906,0.030736927139071845
DAL,0000027904-25-000004,2025-02-11,-0.0524579869677279,0.05510066770829222,0.060864012756110135
DASH,0001628280-23-005131,2023-02-27,0.9672379558021048,0.0023345338770067656,0.005946767411378549
DASH,0001628280-24-005600,2024-02-20,0.5081845143804273,0.025433186712260913,0.044460004816992325
DASH,0001628280-25-005715,2025-02-14,-0.3262963818726841,0.011124335196400856,0.021733332089844536
DD,0001666700-23-000008,2023-02-15,-0.3101931663224017,0.022961408349518306,0.024136161484116125
DD,0001666700-24-000008,2024-02-15,-0.0091375089664467,0.02487582500888101,0.012875150916175804
DD,0001666700-25-000005,2025-02-14,0.3671931915251669,0.0340302933711164,0.04693899071158656
DDOG,0001561550-23-000006,2023-02-24,0.409632726514054,0.040054497237221834,0.02570631491793208
DDOG,0001561550-24-000009,2024-02-23,-0.3103404001117199,0.05007854093241123,0.033056117501646845
DDOG,0001561550-25-000025,2025-02-20,-0.3182478560042293,0.04039701361022188,0.02800927240979261
DE,0001558370-23-019812,2023-12-15,-0.133587219485493,0.045694706452031504,0.13550690048806519
DE,0001558370-24-016169,2024-12-12,-0.0168974548347147,0.015857805412108184,0.04642874323361853
DECK,0000910521-23-000016,2023-05-26,1.0185664522314946,0.06227213952915392,0.04132004122597853
DECK,0000910521-24-000017,2024-05-24,-0.505544573675916,0.07567090685780278,0.04777826710142657
DELL,0001571996-23-000007,2023-03-30,1.7447451693292724,0.03693206901049127,0.02541864712230476
DELL,0001571996-24-000036,2024-03-25,-0.2327256655629076,0.05046723685074808,0.047082756191632956
DELL,0001571996-25-000034,2025-03-25,0.6776413013971772,0.059340271657613325,0.0381803979942305
DG,0001558370-23-004574,2023-03-24,-0.5859565661398174,0.007808522132957414,0.0314605530884895
DG,0001558370-24-003813,2024-03-25,-0.5107696597526302,0.03775725890565962,0.06314045685758315
DG,0001558370-25-003413,2025-03-21,0.2686593952585565,0.03772952909466978,0.05417715516961429
DGX,0001022079-23-000018,2023-02-21,-0.3993405342233812,0.032099201425936155,0.04203463203975251
DGX,0001022079-24-000041,2024-02-22,0.2430913344533911,0.034780589252501104,0.016792086801353495
DGX,0001022079-25-000044,2025-02-20,0.0962864127075606,0.0216265973267078,-0.0003029888923878296
DHI,0000882184-23-000115,2023-11-17,-0.046359925867184,0.07342815033946558,0.06447118482441191
DHI,0000882184-24-000057,2024-11-19,-0.2153151203981524,0.05409652261045625,0.03932679171646683
DHR,0000313616-23-000087,2023-02-22,-0.1436474744807081,0.009966511337309424,0.021962248769883036
DHR,0000313616-24-000052,2024-02-21,-0.3705264475706092,0.019668549741423503,0.01935727899775867
DHR,0000313616-25-000043,2025-02-20,-0.1104503825128575,0.027026722387780824,0.033322335649156175
DIS,0001193125-23-014219,2023-01-24,-0.3401771384367695,0.10993482989778211,0.11411969657429505
DIS,0001744489-23-000216,2023-11-21,-0.1032689152770447,0.06930877783587154,0.034962842108458014
DIS,0001744489-24-000064,2024-01-24,-0.0274799394417228,0.029286084116282085,0.02219797388752175
DIS,0001744489-24-000276,2024-11-14,-0.1435267954671064,0.10891256193349072,0.0378814984702392
DLR,0001558370-23-002087,2023-02-27,0.1267612065267325,0.04761739833831627,0.013343428495728556
DLR,0001558370-24-001575,2024-02-23,0.0067945033806433,0.05247693420440921,0.01694801115380052
DLR,0001558370-25-001424,2025-02-25,-0.0240805211755936,0.0638395547193853,0.029862097584069425
DLTR,0000935703-23-000016,2023-03-10,-0.292469613818517,0.03952087617334678,0.08080653698165897
DLTR,0000935703-24-000011,2024-03-20,-0.5726017351482154,0.056029283690913076,0.08228382862100761
DLTR,0000935703-25-000015,2025-03-26,0.4180379716454796,0.015626309221846272,0.01303019781376921
DOC,0001628280-23-002794,2023-02-08,-0.5597194623340925,0.04599817157680315,0.03852891673099465
DOC,0001628280-24-004094,2024-02-09,-0.0266695966731125,0.03264810438658846,0.015706897938995514
DOC,0001628280-25-003748,2025-02-04,-0.2447751307449228,0.011193813228546113,-0.03865410984206999
DOV,0000029905-23-000008,2023-02-10,-0.1713785233270544,-0.03821481313325909,0.027654329906878914
DOV,0000029905-24-000008,2024-02-09,0.047360529829906,-0.0318743888562446,0.022368629475951116
DOV,0000029905-25-000006,2025-02-14,0.0210711553502427,-0.00140377560308734,0.028203046470956068
DOW,0001751788-23-000014,2023-02-01,-0.2867044143565314,0.058910986518908824,0.05978585115038925
DOW,0001751788-24-000010,2024-01-31,-0.5179608483187025,0.03892393150957538,0.031258093482704516
DOW,0001751788-25-000012,2025-02-04,-0.2861375781690221,0.02443081060404903,0.0271989657089291
DPZ,0000950170-23-003938,2023-02-23,0.2300050655986478,0.07075487228892394,0.04887978705877052
DPZ,0000950170-24-019725,2024-02-26,-0.1064166686461367,0.040527460783137875,0.026994231125348087
DPZ,0000950170-25-025223,2025-02-24,-0.273599803189254,0.03890497348593792,0.026348395063855015
DRI,0000940944-23-000037,2023-07-21,-0.3889893595295101,0.03628094081646726,0.06206212191116253
DRI,0000940944-24-000035,2024-07-19,0.3353452339038574,0.03710279201159869,0.035371458837183
DTE,0000936340-23-000073,2023-02-23,-0.3026733819464516,0.00296497041884896,0.040710318333128145
DTE,0000936340-24-000076,2024-02-08,0.0114384891225605,-0.0014898351800958012,0.02240680291282158
DTE,0000936340-25-000065,2025-02-13,0.0372109782198659,-0.005541144745901942,0.03972139951727447
DUK,0001326160-23-000073,2023-02-27,-0.3023176635859911,0.004037379371203888,0.058970035978858866
DUK,0001326160-24-000037,2024-02-23,0.1170824108272017,-0.01855209646908875,0.04543597625953151
DUK,0001326160-25-000072,2025-02-27,-0.0109385888731636,-0.008623511307195596,0.005415755533123325
DVA,0000927066-23-000011,2023-02-22,0.1736167711653704,0.041277020155820764,0.023178235864682064
DVA,0000927066-24-000013,2024-02-14,0.0141611039732618,0.04155825046011721,0.020989089885308263
DVA,0000927066-25-000012,2025-02-13,-0.2835872997207364,0.05206683920677427,0.030486198577419597
DVN,0000950170-23-002852,2023-02-15,-0.4188774499777074,0.060877461169033635,0.059538226093374495
DVN,0000950170-24-021781,2024-02-28,-0.3589271712634702,0.05873461845397157,0.07847081686194646
DVN,0000950170-25-022844,2025-02-19,0.0764358642653846,0.04935926385280003,0.04662903637102998
DXCM,0001093557-23-000024,2023-02-09,-0.1450888875344187,0.05554290377960759,0.053927140169729965
DXCM,0001093557-24-000021,2024-02-08,-0.5503928577308906,0.06792296084812285,0.0632234830729484
DXCM,0001093557-25-000036,2025-02-18,-0.3342102364732487,0.0607678739317636,0.05589761313546144
EA,0000712515-23-000028,2023-05-24,-0.2232478149145322,0.058809286611219674,0.12217572255826108
EA,0000712515-24-000023,2024-05-22,-0.0370533143228144,0.07326516925337445,0.07971938087685362
EA,0000712515-25-000022,2025-05-13,0.0632222675177087,0.08314725512257617,0.09165984084253587
EBAY,0001065088-23-000006,2023-02-23,-0.2918043496584008,0.07679235792168926,0.024820100616448522
EBAY,0001065088-24-000036,2024-02-28,0.2204195721642523,0.06615898270593645,0.03745975499754771
EBAY,0001065088-25-000037,2025-02-27,0.2329527836445264,0.057199535618975804,0.014964193644460813
ECL,0001558370-23-001969,2023-02-24,0.1193898764542678,0.007406881803576487,0.01542860382443059
ECL,0001558370-24-001581,2024-02-23,0.0244908255606424,0.0028931523820586863,0.025523224576213678
ECL,0001558370-25-001263,2025-02-21,0.0170538087598006,0.0063874125333356555,0.038500485318517394
ED,0001047862-23-000038,2023-02-16,-0.2448184846242539,-0.024334519240317418,-0.04321837155843305
ED,0001047862-24-000012,2024-02-15,-0.119193755674211,0.032755955163529735,0.08473474699862556
ED,0001047862-25-000011,2025-02-20,0.0790412413015133,0.010316945416351402,0.008697128916030208
EFX,0000033185-23-000012,2023-02-23,0.0238744044410883,0.00687390714816671,0.038702864639824926
EFX,0000033185-24-000017,2024-02-22,-0.254954374983664,0.01210801160110751,0.01117015359029006
EFX,0000033185-25-000025,2025-02-20,-0.3437607834890496,0.0314466376745052,0.03954517948874209
EG,0001095073-23-000007,2023-02-24,-0.3286594380424069,0.10296025287288138,0.038547093643828516
EG,0001095073-24-000009,2024-02-28,-0.1869083408811099,0.05120676480279518,0.055693093606239565
EG,0001095073-25-000015,2025-02-27,-0.1981353654800272,0.08696637798389525,0.033022272181250374
EIX,0000827052-23-000010,2023-02-23,-0.2265932163561559,0.029831983565871086,0.03668266471965997
EIX,0000827052-24-000013,2024-02-22,-0.3790651365284152,0.035243759413815884,0.04510315107631271
EIX,0000827052-25-000022,2025-02-27,0.3536920570103921,0.006498965382657252,0.0240602445483574
EL,0001001250-23-000112,2023-08-18,-0.7059649080044751,0.008315649578923858,0.0131246184731285
EL,0001001250-24-000116,2024-08-19,-0.1841063614572806,0.02503986022950971,0.03953144478235778
ELV,0001156039-23-000007,2023-02-15,-0.1590491329852643,-0.014239791420546384,0.018544600865330316
ELV,0001156039-24-000015,2024-02-21,-0.450034856783433,-0.022072039454004294,0.03234670992600826
ELV,0001156039-25-000010,2025-02-20,-0.2543580655085077,-0.005145973552127814,0.027668790008612026
EME,0000105634-23-000005,2023-02-23,0.4198750237455004,0.03565220398455182,0.05464842114876105
EME,0000105634-24-000006,2024-02-28,0.130815993612001,0.012637263636359392,0.01838860627170318
EME,0000105634-25-000015,2025-02-26,0.5578812194673886,0.03202981371291387,0.05543994687905992
EMR,0000032604-23-000044,2023-11-13,0.1591868173261603,0.013263185508438045,0.057638880459743594
EMR,0000032604-24-000041,2024-11-12,-0.1246930947530522,-0.010035621474794254,0.03392967279180234
EOG,0000821189-23-000015,2023-02-23,-0.2970760464544308,0.07240754776554009,0.03707126311692727
EOG,0000821189-24-000011,2024-02-22,-0.025778801982329,0.08055026063570772,0.08423274200697003
EOG,0000821189-25-000011,2025-02-27,-0.1654709764786233,0.0808297246287453,0.08834317180626376
EPAM,0001352010-23-000013,2023-02-24,-0.295036131245119,0.03197691802501827,0.02037760580940826
EPAM,0001352010-24-000008,2024-02-22,-0.4947066575065362,0.0470704347171859,0.04085990386004939
EPAM,0001352010-25-000007,2025-02-28,-0.4755502158405604,0.02833510014315936,0.0060387765424919
EQIX,0001628280-23-004039,2023-02-17,-0.0089340238583961,0.05733625838479426,0.03964541045107568
EQIX,0001628280-24-005350,2024-02-16,-0.1171946428883434,0.005157499919790982,0.021538887035335293
EQIX,0001628280-25-005126,2025-02-12,-0.0972985564843704,0.06702062100339577,0.034127552055884226
EQR,0000950170-23-003060,2023-02-16,-0.2830235786968378,0.031567635881343155,0.019048214806712482
EQR,0000950170-24-015907,2024-02-15,-0.0116744189334712,0.05902447829408708,0.027851777505388108
EQR,0000950170-25-019894,2025-02-13,-0.2077986321557219,0.054327550588516585,0.03084684187908198
EQT,0000033213-23-000008,2023-02-16,-0.1527440061521496,0.07427386125048559,0.061029168774927346
EQT,0000033213-24-000008,2024-02-14,0.4236986463737131,0.0653322926675507,0.047293973004129075
EQT,0000033213-25-000011,2025-02-19,-0.0093716120922944,0.03326404461478823,0.02279338527998508
ERIE,0000922621-23-000007,2023-03-01,0.4389049786751418,0.057669299171268965,0.032420821196601654
ERIE,0000922621-24-000006,2024-02-26,-0.0140658657384569,0.047224381314681395,0.033440973884569694
ERIE,0000922621-25-000004,2025-02-27,-0.5170460203776376,0.030094863215547288,0.025992501089159886
ES,0000072741-23-000004,2023-02-15,-0.4583615283390594,0.011466141342554182,0.03311973782459486
ES,0000072741-24-000005,2024-02-14,-0.1122116595286923,0.03391612398714851,0.10241982551935938
ES,0000072741-25-000007,2025-02-14,0.0824559697172249,-0.002797178031007576,0.03983353170330805
ESS,0000920522-23-000005,2023-02-23,-0.2685035728423095,0.07601371946345951,0.126653122091555
ESS,0000920522-24-000033,2024-02-23,0.1777943747249901,0.04652848360297508,0.03361406260566734
ESS,0000920522-25-000024,2025-02-21,-0.2493559169828331,0.04037594132078071,0.027063836059267585
ETN,0001551182-23-000004,2023-02-23,0.3932399392687435,0.01669849443248696,0.05687860614602786
ETN,0001551182-24-000006,2024-02-29,-0.1718376899512352,0.012694944748764661,0.023411602155668662
ETN,0001551182-25-000006,2025-02-27,0.1294392501226986,0.033950491371347445,0.068478438867127
ETR,0000065984-23-000014,2023-02-24,-0.31656798415004,0.021466956876846053,0.016282759932905688
ETR,0000065984-24-000012,2024-02-23,0.5563424072767247,0.0736677798852978,0.025270103967377208
ETR,0000065984-25-000012,2025-02-18,0.0821757939994591,0.06939054688400323,0.0883889504849211
EVRG,0001711269-23-000011,2023-02-24,-0.4326943536527998,-0.01609650103812517,0.01666248773209386
EVRG,0001711269-24-000007,2024-02-29,0.2804308705136251,0.0027394901435236763,0.03366818062375911
EVRG,0001711269-25-000004,2025-02-27,0.0869302187037273,-0.011967804136401722,0.015922474472476786
EW,0001099800-23-000005,2023-02-13,-0.1174238496447903,0.019920159931214414,0.041529252776421964
EW,0001099800-24-000004,2024-02-12,-0.3603262803864006,0.00035348106698186027,0.005425440909129114
EW,0001099800-25-000005,2025-02-28,0.0322931277171909,0.013610464303352852,0.017666777849808333
EXC,0001109357-23-000018,2023-02-14,-0.3757767794186636,-0.01961302213005544,0.01329837257915954
EXC,0001109357-24-000053,2024-02-21,0.0421616683298817,-0.0591937848293509,0.005605142669162004
EXC,0001109357-25-000043,2025-02-12,0.0282328389368924,-0.06078225666765225,0.019285836604444544
EXE,0000895126-23-000022,2023-02-22,-0.2190485287906407,0.020228408841543154,0.01598108391233894
EXE,0000895126-24-000013,2024-02-21,0.0588714972471948,0.08859680940321589,0.06129171521126216
EXE,0000895126-25-000021,2025-02-26,-0.0805558230546714,0.053407154912961635,0.05945987864673092
EXPD,0000950170-23-005412,2023-03-01,-0.1605545295830439,0.05019565992140784,0.058917938378174245
EXPD,0000950170-24-019394,2024-02-23,-0.1967340542072087,0.04294805689150344,0.06950690483628069
EXPD,0000950170-25-024750,2025-02-21,0.0480762136733345,0.04372770486889974,0.07400034911554848
EXPE,0001324424-23-000007,2023-02-10,0.0234289521635644,0.042571138921562564,0.08969735655245627
EXPE,0001324424-24-000007,2024-02-09,0.3260711450651241,0.026982135584551613,0.008362647472943434
EXPE,0001324424-25-000008,2025-02-07,0.0376072938811,0.02573180300097619,0.049332142721487886
EXR,0001628280-23-005628,2023-02-28,-0.4067755956414575,0.08819905544473003,0.08295974585770385
EXR,0001628280-24-008044,2024-02-29,-0.0163766464378194,0.059327449704247685,0.06495871119438602
EXR,0001628280-25-009060,2025-02-28,-0.1312445620452762,0.07158010410842927,0.06774679016855849
F,0000037996-23-000012,2023-02-03,-0.2080560915676568,0.04975037046981296,0.026270905045376245
F,0000037996-24-000009,2024-02-07,-0.4574914116953456,0.05498584213139422,0.023080853841318173
F,0000037996-25-000013,2025-02-06,0.4183812682561123,0.052314808162897256,0.0026121034050617413
FANG,0001539838-23-000022,2023-02-23,0.037985310360352,0.07432206377650821,0.04786424666579741
FANG,0001539838-24-000019,2024-02-22,-0.2880400429872853,0.058526563140281845,0.044960992785215044
FANG,0001539838-25-000021,2025-02-26,0.0070903742675227,0.05030008481222046,0.019672062604825374
FAST,0000815556-23-000009,2023-02-07,0.1167882709883352,0.047699161312811864,0.04430112643264232
FAST,0000815556-24-000009,2024-02-06,-0.1449800700515704,-0.025590770553657542,0.0037774122657319668
FAST,0000815556-25-000065,2025-02-06,0.1145616779778242,-0.014869977015058919,0.029175843267803193
FCX,0000831259-23-000013,2023-02-15,-0.2932955438533885,-0.15960941265884374,-0.03897569400332852
FCX,0000831259-24-000011,2024-02-16,-0.2213896309126364,0.08637645893400717,0.08105385533143236
FCX,0000831259-25-000006,2025-02-14,0.4679573683170646,0.08496364516961122,0.08333305940910389
FDS,0001013237-23-000128,2023-10-27,-0.3311421087970625,0.07190343457666931,0.08232244748231532
FDS,0001013237-24-000141,2024-10-29,-0.6010942104402123,0.08686685169889821,0.056502717633933025
FDX,0000950170-23-033201,2023-07-17,-0.0091456843505246,0.024379199878130337,0.0021173380888383077
FDX,0000950170-24-083577,2024-07-15,-0.3672439818917835,0.047878508300972275,0.030135726538080054
FE,0001031296-23-000014,2023-02-13,-0.2713453884062445,0.008726248862726684,0.018214741188746667
FE,0001031296-24-000008,2024-02-13,-0.1209200780194019,0.005248314554401577,0.04405677229582665
FE,0001031296-25-000006,2025-02-27,0.1896822208786639,-0.007105103562682888,0.0005229760195269296
FFIV,0001048695-23-000039,2023-11-14,0.1317973374385219,0.06957141858164183,0.06018952648236824
FFIV,0001048695-24-000185,2024-11-18,-0.1819526079899702,0.08545253708313236,0.09028940948209643
FICO,0000814547-23-000022,2023-11-08,1.0934518662444896,0.05284839846550025,0.08465339835220725
FICO,0001628280-24-045719,2024-11-06,-0.3268667929668998,0.04782334540759879,0.05086494872070243
FIS,0001136893-23-000028,2023-02-27,-0.2177082517425854,0.030942644939481394,-0.0021635701436336953
FIS,0001136893-24-000015,2024-02-26,-0.123431310256435,0.04565239527190873,0.027305686633210643
FIS,0001136893-25-000014,2025-02-13,-0.4440058048993994,0.03899878888365334,0.0060874493223657886
FISV,0000798354-23-000004,2023-02-23,0.0132638731913847,0.03286555535132968,0.04356746933775959
FISV,0000798354-24-000037,2024-02-22,0.362129011322539,0.04816853486071198,0.035886231241658975
FISV,0000798354-25-000047,2025-02-20,-0.8788754939733454,0.05135497181723403,0.053178135777316976
FITB,0000035527-23-000122,2023-02-24,-0.3156942293623642,0.07057099378934399,0.06507515577146587
FITB,0000035527-24-000088,2024-02-27,0.1406439245169788,0.041047056616033195,0.02895747065409792
FITB,0000035527-25-000079,2025-02-24,0.0688285451353765,0.07381902428688017,0.07388005130377827
FIX,0001558370-23-001757,2023-02-22,0.9699558529508818,0.07976820811082283,0.07885068939759193
FIX,0001558370-24-001529,2024-02-22,0.3022360490028177,0.0341579180747939,0.03615495464684795
FIX,0001558370-25-001222,2025-02-20,2.5811822361424213,0.030580896098579554,0.034509518337125684
FOX,0001628280-23-029065,2023-08-11,-0.0951250583647191,0.04226453227578848,0.04196189486190436
FOX,0001628280-24-036123,2024-08-08,0.1851023823836981,0.06293978760919397,0.035650372804633554
FOXA,0001628280-23-029065,2023-08-11,-0.0874448929090401,0.04226453227578848,0.04196189486190436
FOXA,0001628280-24-036123,2024-08-08,0.2184210383803082,0.06293978760919397,0.035650372804633554
FRT,0000034903-23-000020,2023-02-08,-0.2713429043685066,0.05395515642861915,0.04326074667149059
FRT,0000034903-24-000032,2024-02-12,-0.0758970817335173,0.08718891828294231,0.07874264102463531
FRT,0000034903-25-000016,2025-02-13,-0.1390806925171125,0.07336849766503373,0.05646052379436615
FSLR,0001274494-23-000002,2023-02-28,-0.3918377518000684,0.042592329692791336,0.031353203065914506
FSLR,0001274494-24-000004,2024-02-27,-0.2479124515150728,0.0441475095380758,0.029350676140274465
FSLR,0001274494-25-000010,2025-02-25,0.183387407752116,0.06485563544778611,0.028244975685591176
FTNT,0001262039-23-000010,2023-02-24,-0.1099233735469811,0.05876321403851767,0.036229423510078865
FTNT,0001262039-24-000014,2024-02-26,0.3945636930391127,0.06406315565075586,0.051181911447080744
FTNT,0001262039-25-000011,2025-02-21,-0.4753671079127169,0.026873307223486964,0.003546107787353042
FTV,0001659166-23-000080,2023-02-28,-0.0193282993594512,0.022604989252399402,0.032635523981295836
FTV,0001659166-24-000046,2024-02-27,-0.2596748864447437,0.014106473311853118,0.052668408164455165
FTV,0001659166-25-000024,2025-02-25,-0.1722068127177958,0.019630145750029023,0.040064361390141266
GD,0000040533-23-000014,2023-02-07,-0.0314917901137417,-0.011527763802939683,0.020349178022370462
GD,0000040533-24-000007,2024-02-08,-0.2556211923339454,-0.002716495484015563,0.023309348812417047
GD,0000040533-25-000008,2025-02-07,0.2697032681668196,-0.0003644111003533526,0.02696227904300458
GDDY,0001609711-23-000031,2023-02-16,0.1359847220779799,0.033709088639155955,0.015775480394020342
GDDY,0001609711-24-000022,2024-02-29,0.3955740849796181,0.04571314664762797,0.03301568690119073
GDDY,0001609711-25-000023,2025-02-20,-0.6340776502610626,0.03376390880545833,0.0623657416208811
GE,0000040545-23-000023,2023-02-10,0.5199999455782283,-0.014516742520512403,0.014087634278232952
GE,0000040545-24-000027,2024-02-02,0.6518470215837673,-0.0031759325306435354,0.021571657116666816
GE,0000040545-25-000015,2025-02-03,0.3578676746530789,0.018755816993648904,0.051433263767018136
GEHC,0001932393-23-000025,2023-02-15,-0.0336040919883826,0.0435436210370111,0.013555979180229938
GEHC,0001932393-24-000013,2024-02-06,-0.1609152716691584,0.037514212185406716,0.024708255501491975
GEHC,0001932393-25-000005,2025-02-13,-0.2584548767796105,0.025501200001246026,0.023573915306027163
GEN,0000849399-23-000014,2023-05-25,0.2115926201824809,0.030444391015185927,0.02644136477413496
GEN,0000849399-24-000036,2024-05-16,0.0083849900153225,0.07659159077441574,0.09648151697237282
GEV,0001996810-25-000011,2025-02-06,0.985472754685963,0.033114779338244645,0.01597196568945439
GILD,0000882095-23-000007,2023-02-22,-0.3787809725626633,0.05215661401851178,0.09785627766866255
GILD,0000882095-24-000007,2024-02-23,0.3774913767940224,0.03126977495140658,0.04384058787561872
GILD,0000882095-25-000006,2025-02-28,0.1709564795686096,0.04893764007324973,0.04209720624650488
GIS,0001193125-23-177500,2023-06-28,-0.4107063700155217,-0.07164082366755664,0.058410441826977244
GIS,0001193125-24-168943,2024-06-26,-0.3078452175637398,-0.07947804169417622,0.029011560186088036
GL,0000320335-23-000008,2023-02-23,-0.2187269746212043,-0.0032102125746320403,0.0007380185024871084
GL,0000320335-24-000006,2024-02-28,-0.1568267444869036,-0.01877538620397333,0.0013896441996099332
GL,0000320335-25-000013,2025-02-26,0.0337446419895148,0.03785254215654749,0.025151100144248997
GLW,0001437749-23-003123,2023-02-13,-0.3038839593762594,0.0193614471601791,0.06562187783882927
GLW,0001437749-24-003735,2024-02-12,0.4342150690373769,0.0010480250074337977,0.029339435159157077
GLW,0001628280-25-005347,2025-02-13,1.4192306856069112,0.004715698660047028,0.024838882818803636
GM,0001467858-23-000029,2023-01-31,-0.222646168009494,0.029610963735871215,0.009238418440925005
GM,0001467858-24-000031,2024-01-30,0.0682302387217146,0.047900080382834366,0.02105258547535682
GM,0001467858-25-000032,2025-01-28,0.5801055678978198,0.03683288492633411,0.009744316063693274
GNRC,0001437749-23-004153,2023-02-22,-0.3434327211629214,0.05378300054520853,0.02791088535054749
GNRC,0001437749-24-005040,2024-02-21,0.0018298112796641,0.06731455008490864,0.026927514936527615
GNRC,0001437749-25-004353,2025-02-19,0.4712351730316801,0.04188606487427479,0.027705809325774034
GOOG,0001652044-23-000016,2023-02-03,0.1657911433744272,0.026944727570891183,0.032200960425951976
GOOG,0001652044-24-000022,2024-01-31,0.1803836690610292,0.0120252928497049,0.0025908274293164556
GOOG,0001652044-25-000014,2025-02-05,0.5215856982291389,0.03011735032681642,0.03274867868883726
GOOGL,0001652044-23-000016,2023-02-03,0.1590923320837642,0.026944727570891183,0.032200960425951976
GOOGL,0001652044-24-000022,2024-01-31,0.1877321734112735,0.0120252928497049,0.0025908274293164556
GOOGL,0001652044-25-000014,2025-02-05,0.5376429465216219,0.03011735032681642,0.03274867868883726
GPC,0000040987-23-000008,2023-02-23,-0.4351938160289964,0.012908887654850109,0.07147576707533532
GPC,0000040987-24-000024,2024-02-22,-0.318550655677824,-0.011713448851723485,0.022443041547853374
GPC,0000040987-25-000026,2025-02-21,-0.1508276339469916,-0.0017209674241260367,0.031105454421800894
GPN,0001123360-23-000009,2023-02-17,-0.0903539205016354,0.06822159669477237,0.0704434405263527
GPN,0001123360-24-000004,2024-02-14,-0.4649357537922948,0.050488682658420506,0.017797836914519406
GPN,0001123360-25-000011,2025-02-14,-0.3603708343549595,0.0483601503577068,0.022343181235383695
GRMN,0000950170-23-003566,2023-02-22,0.1301283818458931,0.039667982685744514,0.056147879827379184
GRMN,0000950170-24-017559,2024-02-21,0.4804589472288854,0.04449862411758446,0.05543294493873034
GRMN,0000950170-24-131914,2024-11-29,-0.1961460249762733,0.17874863485950077,0.1941990573208291
GRMN,0000950170-25-022760,2025-02-19,-0.0925254050654007,0.11106675202148442,0.07204700816663054
GWW,0000277135-23-000014,2023-02-21,0.1835499228195383,0.02805145266047185,0.03831893037584408
GWW,0000277135-24-000011,2024-02-22,-0.13021709629851,0.027260605619627384,0.05869394172700539
GWW,0000277135-25-000010,2025-02-20,-0.0311878108258618,0.04776703751105067,0.04576714307292258
HAL,0000045012-23-000011,2023-02-07,-0.3047372470379741,0.05352042180211368,0.061974830879909744
HAL,0000045012-24-000007,2024-02-06,-0.4930242922585829,0.05089725950795524,0.05783806703264046
HAL,0000045012-25-000010,2025-02-12,0.2033231027499216,0.05662080501301189,0.05935552140300444
HAS,0000046080-23-000017,2023-02-22,-0.3860732420718294,0.0486789729143383,0.03799896044671158
HAS,0000046080-24-000034,2024-02-28,0.1519048188614966,0.05189631106778569,0.016518594617458877
HAS,0000046080-25-000027,2025-02-27,0.3841969529024374,0.13794337333071297,0.14804868911665506
HBAN,0000049196-23-000020,2023-02-17,-0.3567688669746405,0.05730869214678409,0.018715738786871272
HBAN,0000049196-24-000020,2024-02-16,0.0961065205931037,0.05737866252997497,0.022636039968660288
HBAN,0000049196-25-000020,2025-02-14,-0.0279931009935365,0.08330711608744724,0.034873219066932144
HCA,0000950170-23-003234,2023-02-17,-0.0429792761499963,0.06285158423022197,0.0316663357997021
HCA,0000950170-24-016524,2024-02-16,-0.1875212970493118,0.05393563980090903,0.04669429581743988
HCA,0000950170-25-020134,2025-02-14,0.5658299226531296,0.07366889605091587,0.04284657980907598
HD,0000354950-23-000059,2023-03-15,-0.0032399677688719,0.037893512575504426,0.050321878230386106
HD,0000354950-24-000062,2024-03-13,-0.1556526501313234,0.050001035122245595,0.07580802085084332
HD,0000354950-25-000085,2025-03-21,-0.2052573300348233,0.042219429301061054,0.026615547318995875
HIG,0000874766-23-000023,2023-02-24,-0.0409310621671417,0.032497901017237533,0.05121439183442717
HIG,0000874766-24-000016,2024-02-23,0.0413390808342741,0.014537690061797576,0.061302972076580683
HIG,0000874766-25-000023,2025-02-21,0.123270652478554,0.03406783303966921,0.05208872340814312
HII,0001501585-23-000010,2023-02-09,0.0304168330772613,0.02890722314177782,0.032158409788952166
HII,0001501585-24-000007,2024-02-01,-0.499348316296657,0.03097022884129522,0.032944489192666966
HII,0001501585-25-000006,2025-02-06,1.4418624274206044,0.03911156722132671,0.029185818964170628
HLT,0001585689-23-000036,2023-02-09,0.0394050594117656,0.04880554845513043,0.021994654294095757
HLT,0001585689-24-000027,2024-02-07,0.1383969992781195,0.07204280391580338,0.047423091266787044
HLT,0001585689-25-000008,2025-02-06,0.0060784802690012,0.04589428535844376,0.0241900276600877
HON,0000773840-23-000013,2023-02-10,-0.2401203481792003,-0.04651704224059824,0.0009844613612457894
HON,0000773840-24-000014,2024-02-16,-0.142824107130127,0.0014066895534958976,0.014386206798035235
HON,0000773840-25-000010,2025-02-14,0.1506100552453368,-0.01160865471363165,0.01784512956572312
HOOD,0001783879-23-000045,2023-02-27,0.3672452776593096,0.04476342802486123,0.009866796820141655
HOOD,0001783879-24-000054,2024-02-27,1.895927274989717,0.06614624690743359,0.07431267335608295
HOOD,0001783879-25-000049,2025-02-18,0.1191454705108565,0.07485809481963737,0.04965093725226093
HPE,0001645590-23-000117,2023-12-22,0.0297134315641254,0.01670373358749353,-0.0005364402032251119
HPE,0001645590-24-000139,2024-12-19,0.0243485533538578,0.05263083756103727,0.03685612678136581
HPQ,0000047217-23-000075,2023-09-11,-0.0751525338660132,-0.03626208399113568,0.08891420574507651
HPQ,0000047217-23-000100,2023-12-18,-0.1439738249869875,0.08757451867588537,0.32583792234563996
HPQ,0000047217-24-000080,2024-12-13,-0.3862865039288783,0.02530380499655492,0.027628551747866582
HRL,0000048465-23-000083,2023-12-06,-0.3001195251041144,-0.010616122162944379,0.03860095842201758
HRL,0000048465-24-000051,2024-12-05,-0.3901938092446267,0.006045498337572498,0.0403052515961874
HSIC,0001000228-23-000011,2023-02-21,-0.3509702465556323,0.0005676695874080387,-0.009549270330265546
HSIC,0001000228-24-000011,2024-02-28,-0.2421523936583831,0.028969982942846653,0.021927316832951706
HSIC,0001000228-25-000014,2025-02-25,-0.0990721183240241,0.039292177279513604,0.02827153302043659
HST,0000950170-23-003778,2023-02-22,-0.0452701080778221,0.043161793209955876,0.03321590568479366
HST,0001070750-24-000081,2024-02-28,-0.3460952499207592,0.03994271179836527,0.02109062261442182
HST,0001070750-25-000071,2025-02-26,0.1289862362796956,0.030382403418309813,0.01315264912796613
HSY,0000047111-23-000012,2023-02-17,-0.4214203337592902,0.019999578097054337,0.05051768401144866
HSY,0000047111-24-000009,2024-02-20,-0.3027276273971025,0.010773142785403051,0.01297821986234036
HSY,0000047111-25-000014,2025-02-18,0.258156839215369,0.03218659820471626,0.04640631002316688
HUBB,0001628280-23-002875,2023-02-09,0.2699496960406162,0.013965822902165557,0.015648290886990768
HUBB,0001628280-24-003792,2024-02-08,-0.1079419669207595,0.024337287756604986,0.022158270622196875
HUBB,0001628280-25-005311,2025-02-13,0.2178265009559654,0.04231333377556673,0.05429030509716181
HUM,0000049071-23-000011,2023-02-16,-0.5036701866831057,-0.019272599264252496,0.013018171129588724
HUM,0000049071-24-000012,2024-02-15,-0.4988735622681349,-0.012819068030072892,0.030192042633026616
HUM,0000049071-25-000007,2025-02-20,-0.4540245096877577,0.02304696474047474,0.054510670361846154
HWM,0000004281-23-000004,2023-02-14,0.2409578453926613,0.006289135483925547,0.033732192860028154
HWM,0000004281-24-000007,2024-02-13,0.9092136576473068,0.02845556534209602,0.04617463878639894
HWM,0000004281-25-000011,2025-02-14,0.734661513022443,0.019798235105198646,0.037069503633159584
IBKR,0001381197-23-000014,2023-02-24,-0.0525684615877151,0.06292407769165936,0.027613727851891062
IBKR,0001381197-24-000083,2024-02-27,0.7356818579547213,0.09101417913978258,0.04105398882734086
IBKR,0001381197-25-000036,2025-02-27,0.2307295516560465,0.07907749893488983,0.03843410761288702
IBM,0001558370-23-002376,2023-02-28,0.1957103034994294,0.023890668435227788,0.06081754607766405
IBM,0000051143-24-000012,2024-02-26,0.2504485481897962,0.023431170598498738,0.05506284244908599
IBM,0000051143-25-000015,2025-02-25,-0.2113171215508199,0.047481480359060135,0.05602714699416807
ICE,0001571949-23-000006,2023-02-02,-0.0116278435328636,0.05797004995486323,0.03342792446620577
ICE,0001193125-23-070799,2023-03-15,0.0728878937185462,0.035380488413670794,0.06488360435064369
ICE,0001193125-23-079282,2023-03-24,0.0968383117273654,0.4606145442725691,0.22571617603912011
ICE,0001571949-24-000007,2024-02-08,0.0298044170470273,0.030115301776332953,0.026053852259605218
ICE,0001193125-24-078967,2024-03-27,0.1914306868296715,0.38174778953455923,0.14373163873066994
ICE,0001571949-25-000003,2025-02-06,-0.1357848162971955,0.032583283815481076,-0.0036310318679252237
ICE,0001193125-25-059270,2025-03-20,-0.2701606367780388,0.36092318230781545,0.14384616274136752
IDXX,0000874716-23-000006,2023-02-16,-0.1467190462035956,0.035394167236111905,0.05080385647149172
IDXX,0000874716-24-000057,2024-02-22,-0.3810137683069875,0.03382251777312643,0.01942467078028293
IDXX,0000874716-25-000037,2025-02-21,0.274754906079055,0.022294893057846606,0.00385777441348818
IEX,0000832101-23-000013,2023-02-23,-0.2233236137829857,0.013622662073218553,0.029498442127863445
IEX,0000832101-24-000009,2024-02-22,-0.339571921467414,-0.0045780124635554365,0.02930207322702466
IEX,0000832101-25-000010,2025-02-20,-0.0606848072318089,0.01888603794595736,0.037532570617248344
IFF,0000051253-23-000009,2023-02-27,-0.4847163958573124,0.0314534461648544,0.02678664248664751
IFF,0000051253-24-000006,2024-02-28,-0.0430753521140063,0.048180236443154334,0.04054803761106944
IFF,0000051253-25-000013,2025-02-28,-0.168188323472015,0.044554703708072255,0.026679852944392242
INCY,0000879169-23-000008,2023-02-07,-0.5099654516521883,0.061758754590621065,0.03332047972396386
INCY,0000879169-24-000045,2024-02-13,-0.0631192677382161,0.057029110303400826,0.044996050006807425
INCY,0001628280-25-004633,2025-02-10,0.2896910536043975,0.05795671381454586,0.014239039129751049
INTC,0000050863-23-000006,2023-01-27,0.3312878527736662,-0.006445514759493856,0.009003374690595341
INTC,0000050863-24-000010,2024-01-26,-0.7920257440911036,0.029389125953986864,0.01683511819397322
INTC,0000050863-25-000009,2025-01-31,1.3755439726460497,0.017442688889611646,0.007262779443050474
INTU,0000896878-23-000034,2023-09-01,-0.0975979214369395,0.06360849639644048,0.04389119748555153
INTU,0000896878-24-000039,2024-09-04,-0.1074011036092381,0.05716269465425789,0.02948405845047103
INVH,0001687229-23-000029,2023-02-22,-0.2237283011880111,0.06878812922360247,0.0406692123479455
INVH,0001687229-24-000013,2024-02-21,-0.2271437509536077,0.0523463993215525,0.013754966572155306
INVH,0001687229-25-000008,2025-02-27,-0.3715027429748276,0.06431215522300894,0.022959151323623403
IP,0000051434-23-000013,2023-02-17,-0.2802249720138913,0.042719949106566776,0.035848495552339495
IP,0000051434-24-000024,2024-02-16,0.3960369785990465,0.03902831393060508,0.015468499681500629
IP,0000051434-25-000013,2025-02-21,-0.3263176736239226,0.06005121354296087,0.03652936441576223
IQV,0001478242-23-000044,2023-02-15,-0.1739804528589967,0.030564209836108826,0.011279426239094923
IQV,0001478242-24-000038,2024-02-15,-0.4228061586743297,0.02838947635124714,0.011925128600217626
IQV,0001478242-25-000045,2025-02-13,-0.2943077616317824,0.03414723919513274,0.04485029421254284
IR,0001628280-23-004287,2023-02-21,0.3213864987249415,0.026244605769661505,0.03020270439930906
IR,0001628280-24-006642,2024-02-23,-0.2641319897030432,0.01761956399003521,0.030360980072541774
IR,0001628280-25-006391,2025-02-19,-0.0212637262720363,0.03847423237112408,0.039879100824067135
IRM,0001020569-23-000043,2023-02-23,0.2087208684147292,0.013024475032818665,0.008400963418585181
IRM,0001020569-24-000040,2024-02-22,0.1321361149594024,0.023986199375020723,0.022395727459280965
IRM,0001020569-25-000040,2025-02-14,0.0103828653770416,0.04162764549796906,0.04527227862614686
ISRG,0001035267-23-000019,2023-02-10,0.3155222063950489,0.06425646362699577,0.04890292751383695
ISRG,0001035267-24-000021,2024-01-31,0.2758593813370498,0.08137913445180853,0.051989200062391557
ISRG,0001035267-25-000017,2025-01-31,-0.321817607786105,0.07864974923104535,0.0731063024113499
IT,0000749251-23-000006,2023-02-16,0.050920703147915,0.05728430905961018,0.07023493336267564
IT,0000749251-24-000006,2024-02-15,-0.0995514364280532,0.06354925696883952,0.046755590276423536
IT,0000749251-25-000008,2025-02-13,-0.8308516595601116,0.06017342069381136,0.04765348377886598
ITW,0000049826-23-000008,2023-02-10,-0.1365467857367244,0.0002839496704870534,0.04756705199450217
ITW,0000049826-24-000008,2024-02-09,-0.1950059861399646,0.007199798177259801,0.027799839061287475
ITW,0000049826-25-000007,2025-02-14,0.0373782161925726,0.01078946741192327,0.037134920247360835
IVZ,0000914208-23-000297,2023-02-23,-0.3857220268682693,0.08640433614498785,0.11241520292128494
IVZ,0000914208-24-000219,2024-02-21,-0.0295661424967264,0.09116465124229117,0.0362436514013104
IVZ,0000914208-25-000114,2025-02-25,0.4536332710453155,0.07377080731943655,0.057507089959800556
J,0000052988-23-000084,2023-11-21,-0.020800386658629,0.03665753035096974,0.021650327771513624
J,0000052988-24-000065,2024-11-25,-0.1731242139994067,0.04217124542531081,0.03272272631974509
JBHT,0001437749-23-004530,2023-02-24,-0.15758319549723,0.06868179849230194,0.043128528561723584
JBHT,0001437749-24-005368,2024-02-23,-0.4257202035781072,0.061996366337825376,0.055671115535713675
JBHT,0001437749-25-004736,2025-02-21,0.1845643566002925,0.0359815407445198,0.05330942622329907
JBL,0001193125-23-259599,2023-10-20,-0.4090284132335812,0.039391748731178025,0.037256257817920996
JBL,0001628280-24-043960,2024-10-28,0.5935113633872442,0.03445727720419284,0.025783287983936233
JCI,0000833444-23-000048,2023-12-14,0.2861638692548263,-0.0007614706174921687,0.016051108328488165
JCI,0000833444-24-000064,2024-11-19,0.2467696637402849,0.01245560851518272,0.018995044954750805
JKHY,0000779152-23-000062,2023-08-24,-0.2179626612981982,0.04765945981209759,0.046905303214768955
JKHY,0000779152-24-000079,2024-08-26,-0.1948295314706403,0.06147537944034798,0.06216452701255917
JNJ,0000200406-23-000016,2023-02-16,-0.1995313927049735,-0.033900072011752304,0.002048894824695317
JNJ,0000200406-24-000013,2024-02-16,-0.1849161198830544,-0.02496463888106911,0.06082008950857887
JNJ,0000200406-25-000038,2025-02-13,0.4617026251180698,-0.002556356943714956,0.018195958019147595
KDP,0001418135-23-000003,2023-02-23,-0.4439467088043034,0.01700195747523889,0.033676858299097334
KDP,0001418135-24-000007,2024-02-22,-0.0042589190976913,0.01472247940156917,0.04222488740319505
KDP,0001418135-25-000013,2025-02-25,-0.2782543431194795,-0.0031879440213448476,0.004932464842629053
KEY,0000091576-23-000026,2023-02-22,-0.4545894276437463,0.08489163775081679,0.04772875859961402
KEY,0000091576-24-000040,2024-02-22,0.0373895328505144,0.09422052499531107,0.029643314079684225
KEY,0000091576-25-000038,2025-02-21,0.1410027807165996,0.09433601980930445,0.04810620450718892
KEYS,0001601046-23-000134,2023-12-15,-0.2506873903332707,0.012868854252829947,0.04566434429763953
KEYS,0001601046-24-000159,2024-12-17,0.0741733480491988,-0.010354721126747152,-0.017449719534771983
KHC,0001637459-23-000009,2023-02-16,-0.2991723040783338,0.008977284563409967,0.04170357895420727
KHC,0001637459-24-000018,2024-02-15,-0.3437463580276338,0.01644652856068945,0.020823901028342796
KHC,0001637459-25-000011,2025-02-13,-0.2714388288208077,-0.008191431460645153,0.01707326000284692
KIM,0001437749-23-004541,2023-02-24,-0.299444363958014,0.03268037474986818,0.0157616195359768
KIM,0001437749-24-005407,2024-02-26,0.00142230800297,0.0390914710440833,0.022607038065533602
KIM,0000950170-25-024723,2025-02-21,-0.023568967166075,0.019414089598975576,-0.01530918954535073
KKR,0001404912-23-000005,2023-02-27,0.4478965948327771,0.15842320855692274,0.036974343369479995
KKR,0001404912-24-000005,2024-02-29,0.0863784469795667,0.1776030654081497,0.09321997013584118
KKR,0001404912-25-000015,2025-02-28,-0.4864402609953255,0.16528528980094398,0.043640770376791364
KLAC,0000319201-23-000031,2023-08-04,0.2717507944257762,0.05974563080915879,0.06970637708731169
KLAC,0000319201-24-000021,2024-08-05,0.0713149830328565,0.07038845622782564,0.045295180663833555
KMB,0000055785-23-000012,2023-02-09,-0.2774405527043386,0.010833804546029644,0.03455423381615623
KMB,0000055785-24-000018,2024-02-08,-0.0823641813334086,0.0016203657480732547,0.03172983671149331
KMB,0000055785-25-000013,2025-02-13,-0.3062263914260663,0.0190912961905837,0.04259930569777929
KMI,0001506307-23-000023,2023-02-08,-0.2648634668665975,0.05384593896376201,0.04795032973621292
KMI,0001506307-24-000011,2024-02-20,0.4060039276465284,0.037854199345883695,0.024642843188690308
KMI,0001506307-25-000008,2025-02-13,0.1288446556404263,0.054921129868197,0.04278951002666001
KO,0000021344-23-000011,2023-02-21,-0.2361332975104035,-0.00655554630019739,0.03620883952010436
KO,0000021344-24-000009,2024-02-20,-0.0118440754821398,0.006853118360178864,0.037077508869771576
KO,0000021344-25-000011,2025-02-20,0.053030120449415,0.005690529282282555,0.0001387815894892681
KR,0001558370-23-004767,2023-03-28,-0.1449219542206135,0.009480756477145687,0.01672612643859059
KR,0001558370-24-004603,2024-04-02,0.2026739797663495,0.022322265563281256,0.0411543620068531
KR,0001558370-25-004267,2025-04-01,-0.0990232719834474,0.023259144531695905,0.02651459102315278
KVUE,0001944048-24-000057,2024-03-01,0.1211126622405898,0.026535357685201863,0.008053957334276347
KVUE,0001944048-25-000033,2025-02-24,-0.3339892037531407,0.016028518754941507,0.03935040972155058
L,0000060086-23-000025,2023-02-07,-0.066094746603186,-6.354143192950634e-05,0.02387817036021692
L,0000060086-24-000029,2024-02-06,-0.036200736493871,-0.00835231003544519,0.012572550337498918
L,0000060086-25-000036,2025-02-11,0.1613088935041495,0.024757472921140132,0.0199328177117827
LDOS,0001336920-23-000015,2023-02-14,0.0677623884889682,0.050846755613266556,0.033980931624822575
LDOS,0001336920-24-000008,2024-02-13,-0.1475793070514222,0.04433528528075075,0.026055548055025534
LDOS,0001336920-25-000006,2025-02-11,0.1199312471901381,0.05318189399997844,0.042130418062625984
LEN,0001628280-23-001606,2023-01-26,0.2826365215681123,0.05979430028680148,0.03860964782712781
LEN,0001628280-24-002371,2024-01-26,-0.3177078174806219,0.059409579402070326,0.04024600643763347
LEN,0001628280-25-002404,2025-01-23,-0.3133055059341838,0.011994258296056416,-0.024492304526423404
LH,0000920148-23-000017,2023-02-28,-0.2379446225328843,0.03423390155246246,0.0218052299649897
LH,0000920148-24-000014,2024-02-26,-0.0064600304120527,0.030228048622542934,0.02352718722871058
LH,0000920148-25-000032,2025-02-25,-0.0235502931586732,0.04442339570993564,0.03532863730925261
LHX,0000202058-23-000014,2023-02-24,-0.2657580347028676,0.058328054653414126,0.09846187693686931
LHX,0000202058-24-000029,2024-02-20,-0.2644657581563144,0.035696961975919476,0.03588507014370694
LHX,0000202058-25-000023,2025-02-14,0.6771903540746058,0.07010328498529815,0.12278636581993382
LII,0001628280-23-004257,2023-02-21,0.5288819402313567,0.009794122351634002,0.0432464523680229
LII,0001628280-24-004446,2024-02-13,0.2002788236344344,0.016987972193018768,0.03330351619441265
LII,0001628280-25-004859,2025-02-11,-0.2024947459742248,0.035468370937789574,0.04341324423930322
LIN,0001628280-23-005434,2023-02-28,0.0044879317038926,0.022090131486315015,0.038790914847154405
LIN,0001628280-24-007424,2024-02-28,-0.1309087756203308,0.017084062371164,0.031063562030731996
LIN,0001628280-25-007990,2025-02-26,-0.0517309524077953,0.020818829799893662,0.03806261392737345
LITE,0001628280-23-030374,2023-08-23,-0.1739419933490589,0.03282637906207219,0.014537753641549184
LITE,0001628280-24-038024,2024-08-21,1.028413435356265,0.035254584777786556,0.024632860706215166
LLY,0000059478-23-000082,2023-02-22,1.0644620725844562,-0.002607303984825546,0.03576139024424679
LLY,0000059478-24-000065,2024-02-21,-0.0272084796826865,0.00280902914892784,0.028223359798196915
LLY,0000059478-25-000067,2025-02-19,0.0349174276784742,0.013410430748484962,0.028511835683201148
LMT,0000936468-23-000009,2023-01-26,-0.2761296963982413,-0.009737765874604766,0.061981761463223865
LMT,0000936468-24-000010,2024-01-23,-0.1100992507152427,-0.030427783368401788,0.0023885750507559454
LMT,0000936468-25-000009,2025-01-28,0.2393736485933046,-0.01849541419963866,0.02427162676229788
LNT,0000352541-23-000017,2023-02-24,-0.3582522672978238,-0.015886633333551822,-0.007174354985309675
LNT,0000352541-24-000014,2024-02-16,0.0822549141259774,-0.00902347839072326,0.018922849173477533
LNT,0000352541-25-000014,2025-02-21,0.0179829987649884,0.0009049857739522604,0.010141980689845837
LOW,0000060667-23-000034,2023-03-27,0.0186310933932734,0.050977906292266645,0.06933716509772582
LOW,0000060667-24-000033,2024-03-25,-0.1740648511487071,0.04921173261661263,0.07547948495107347
LOW,0000060667-25-000049,2025-03-24,-0.1226768424727895,0.03720738669578599,0.06787012215884437
LRCX,0000707549-23-000102,2023-08-15,0.1042787490635928,0.05566861940937831,0.05325017392013887
LRCX,0000707549-24-000106,2024-08-29,0.0728690105687148,0.06998576120562261,0.07361551224992696
LULU,0001397187-23-000012,2023-03-28,-0.1217667294412601,0.04557368343368347,0.035683222915759066
LULU,0001397187-24-000010,2024-03-21,-0.4115022261005446,0.04152106432909475,0.03282659627597589
LULU,0001397187-25-000013,2025-03-27,-0.7002131822158286,0.05152181110144619,0.07596619002863506
LUV,0000092380-23-000010,2023-02-07,-0.3048157837180089,0.0731558655441828,0.024942820881695565
LUV,0000092380-24-000027,2024-02-06,-0.2095827004193888,0.06390279600542809,0.030861214674932996
LUV,0000092380-25-000024,2025-02-07,0.6166961439785927,0.049520280860613,0.03009354025722884
LVS,0001300514-23-000021,2023-02-03,-0.3075088929047777,0.054861916893549426,0.0268056795721951
LVS,0001300514-24-000048,2024-02-07,-0.424538006984806,0.06279483802039228,0.044107304451157715
LVS,0001300514-25-000040,2025-02-07,0.1966046197812174,0.07014690221453168,0.07157745614183877
LYB,0001489393-23-000006,2023-02-23,-0.1816174866009265,0.0300216846697679,0.0056779356468210146
LYB,0001489393-24-000012,2024-02-22,-0.3505978774676109,0.04542474668736086,0.037730372584207576
LYB,0001489393-25-000008,2025-02-27,-0.3401148886159595,0.038393098013263606,0.028675118047075204
LYV,0001335258-23-000014,2023-02-23,-0.0770912839632711,0.08304595324070634,0.08952250947203994
LYV,0001335258-24-000017,2024-02-22,0.3592563388393781,0.06656781709099263,0.03251426328542816
LYV,0001335258-25-000028,2025-02-21,-0.1017221922167546,0.06500464724703603,0.03791705202326018
MA,0001141391-23-000020,2023-02-14,0.0465084156171815,-0.002281536378880032,0.023691867484384507
MA,0001141391-24-000022,2024-02-13,-0.0163584663156834,-5.3009824090878566e-05,0.020701507874829172
MA,0001141391-25-000011,2025-02-12,-0.2197891230688673,0.012167898954071048,0.04001924410639927
MAA,0000950170-23-002778,2023-02-14,-0.446176012990875,0.01955556303178154,0.06283489926519682
MAA,0000950170-24-013275,2024-02-09,0.0849734115474165,0.02301120800304074,0.02298160768865167
MAA,0000950170-25-016287,2025-02-07,-0.2653510740432921,0.026910734971796395,0.026018855627717493
MAR,0001628280-23-003485,2023-02-14,0.1056086380178276,0.07619690436272447,0.08358897246247278
MAR,0001628280-24-004372,2024-02-13,-0.0310474233897268,0.035544582876238025,0.03645388257845719
MAR,0001628280-25-004818,2025-02-11,0.1062460015805242,0.055335810594897165,0.06061002776396724
MAS,0000062996-23-000008,2023-02-09,0.135890423664303,0.03840683063373789,0.034994645147922866
MAS,0000062996-24-000006,2024-02-08,-0.1407681926619945,0.041931739419425525,0.04928150579187593
MAS,0000062996-25-000004,2025-02-11,-0.1343958828714371,0.05853760453475433,0.06650235256268297
MCD,0000063908-23-000012,2023-02-24,-0.1590364876819472,0.0025315162937114,0.045305163659932694
MCD,0000063908-24-000072,2024-02-22,-0.1104769219198842,0.0036027211529230663,0.03573074726282886
MCD,0000063908-25-000012,2025-02-25,-0.0718503447167011,0.003577607551838932,0.02115901114173803
MCHP,0000827054-23-000080,2023-05-25,0.0642236086195162,0.06304354813088689,0.038175049118823905
MCHP,0000827054-24-000098,2024-05-23,-0.5298203517406668,0.04943231030460665,0.06600220996535754
MCK,0000927653-23-000038,2023-05-09,0.1516674843434453,-0.03018640184249744,-0.0018915021405989988
MCK,0000927653-24-000035,2024-05-08,0.1289967042378452,0.010023516457085685,0.0482541318057779
MCK,0000927653-25-000036,2025-05-09,-0.2593937799072427,-0.0007278820657065782,0.04314654082030554
MCO,0001059556-23-000016,2023-02-15,-0.0192507698873829,0.008144085461314114,0.029476720212438613
MCO,0001059556-24-000017,2024-02-14,0.186841699715424,0.00872159184519582,0.0048854513280211795
MCO,0001059556-25-000025,2025-02-14,-0.2701256954894251,0.029024392784247108,0.04553527103966078
MDLZ,0001103982-23-000006,2023-02-03,-0.0481883774657159,-0.012939575169761415,0.03482714263929043
MDLZ,0001103982-24-000019,2024-02-02,-0.4705576424476273,-0.019745978515453587,0.032566290250285276
MDLZ,0001103982-25-000030,2025-02-05,-0.0783021723158983,-0.023167654990334713,0.03074988444446958
MDT,0001613103-23-000040,2023-06-22,-0.3100720171375447,0.008662357918264942,-0.012833695810870375
MDT,0001613103-24-000072,2024-06-20,-0.0167257366732624,-0.003314088742603756,0.007882121983566212
MET,0001099219-23-000045,2023-02-23,-0.2765715813403648,0.03346264464629808,0.06268143831513599
MET,0001099219-24-000035,2024-02-16,0.0011178889356759,-0.04082359649324733,-0.04331164858575365
MET,0001099219-25-000044,2025-02-21,-0.2014706671907083,0.014266375673676432,0.06655112728100525
META,0001326801-25-000017,2025-01-30,-0.1313633810230727,0.016768364502285898,0.012901408688439808
MGM,0000789570-23-000008,2023-02-24,-0.3124209649299537,0.07135789012275671,0.06878230140199516
MGM,0000789570-24-000005,2024-02-23,-0.3597423198001352,0.08961898282353725,0.06156469960124132
MGM,0000789570-25-000008,2025-02-18,-0.1747996504356189,0.07431877288532968,0.05945754946685458
MKC,0000063754-23-000005,2023-01-26,-0.2785402880808746,0.01855221894327015,0.028408074730192887
MKC,0000063754-24-000027,2024-01-25,-0.1111733743110918,0.005689972652090324,0.019661398103118878
MKC,0000063754-25-000005,2025-01-23,-0.3125673745774083,0.03340449146067582,0.04777204629572706
MLM,0000950170-23-004361,2023-02-24,0.2561799802433087,0.042792612042677126,0.015767208078616285
MLM,0000950170-24-019275,2024-02-23,-0.2857820074978522,0.0424710730588874,0.04310628760794652
MLM,0000950170-25-024770,2025-02-21,0.2716738223540944,0.020570119917634435,0.013678347582064437
MMM,0000066740-23-000014,2023-02-08,-0.3842490982039207,-0.04982937105172062,0.0038032634006848524
MMM,0000066740-24-000016,2024-02-07,0.7440526952567534,0.05311551263331673,0.0472147878121481
MMM,0000066740-25-000006,2025-02-05,-0.0025326310868327,-0.07540148230252267,-0.005440595688240373
MNST,0001104659-23-027245,2023-03-01,-0.1335538974578023,0.06023552203951969,0.029723991374199375
MNST,0001104659-24-029425,2024-02-29,-0.222355780758258,0.06301479383337749,0.04230205347551518
MNST,0001410578-25-000248,2025-02-28,0.2869439532180915,0.0608678895163554,0.03159846315036798
MO,0000764180-23-000020,2023-02-27,-0.3311261784148571,-0.01127226657472409,-0.06344220750135887
MO,0000764180-24-000018,2024-02-27,0.2956681650511059,-0.034432366523717554,-0.023904631810515765
MO,0000764180-25-000019,2025-02-26,0.1815534064205244,-0.0357225022520895,-0.013475840506592167
MOS,0001618034-23-000003,2023-02-23,-0.6516340078442405,0.08525162618285886,0.060826509911895324
MOS,0001618034-24-000004,2024-02-22,-0.3704277038055993,0.0937533809129999,0.08131376310081222
MOS,0001618034-25-000003,2025-03-03,-0.0373401843728451,0.09303524974766407,0.0666110588525345
MPC,0001510295-23-000012,2023-02-23,0.1225863497952859,0.0550922252130763,0.04783362533473853
MPC,0001510295-24-000015,2024-02-28,-0.2770052067837975,0.05803170347795657,0.041987175365444405
MPC,0001510295-25-000012,2025-02-27,0.2613306884322126,0.05469309064941241,0.016776868606172033
MPWR,0001437749-23-004540,2023-02-24,0.1814568566937391,0.06120344327648075,0.06132610378279396
MPWR,0001437749-24-006133,2024-02-29,-0.3274957170938615,0.06810476828061526,0.07621641635897589
MPWR,0001437749-25-005903,2025-03-03,0.7267430762119531,0.07428723873262692,0.08846456924185593
MRK,0001628280-23-005061,2023-02-24,-0.091308158440355,0.009051208972383158,0.03852961505446491
MRK,0001628280-24-006850,2024-02-26,-0.4488476306648418,0.024861679637353,0.058463148267007305
MRK,0001193125-24-093194,2024-04-11,-0.4078318159317934,0.5602218714511965,0.3751436432967464
MRK,0001628280-25-007732,2025-02-25,0.1802865652812875,-0.15600663071812512,0.009506894058955863
MRNA,0001682852-23-000011,2023-02-24,-0.6075422899642228,0.1169684265210443,0.05007763262961339
MRNA,0001682852-24-000015,2024-02-23,-0.8375932804323138,0.14194476456326766,0.1371237583723768
MRNA,0001682852-25-000022,2025-02-21,0.2627451245018743,0.1143555201229556,0.08345947711208938
MRSH,0000062709-23-000014,2023-02-13,-0.0731521185369055,0.038816069568788865,0.03020458917713963
MRSH,0000062709-24-000016,2024-02-12,-0.0373504015363606,0.02811756151716777,0.014422456171800721
MRSH,0000062709-25-000015,2025-02-10,-0.3856913581678266,0.033790015332923085,0.019284460454648794
MSCI,0001408198-23-000011,2023-02-10,-0.1702076676848678,0.038631263087864916,0.02652138528971612
MSCI,0001408198-24-000030,2024-02-09,-0.2416142725598873,0.05498600742075062,0.030965482244349616
MSCI,0001408198-25-000053,2025-02-07,-0.2642804289204961,0.09647649531264274,0.06303816041012084
MSFT,0000950170-23-035122,2023-07-27,0.079644140470843,0.01169159277651571,0.027723583635621534
MSFT,0000950170-24-087843,2024-07-30,0.08739447634471,0.023014751994181966,0.02499777699237501
MSI,0000068505-23-000015,2023-02-16,-0.0115391267271456,0.002039256004237898,-0.00378811233624231
MSI,0000068505-24-000008,2024-02-15,0.132632769724547,0.023198654876435035,0.024580420930362223
MSI,0000068505-25-000012,2025-02-14,-0.0968554047546828,0.03017799289970289,0.012598203417950735
MTB,0000950170-23-003804,2023-02-22,-0.3618492971719225,0.026190418329888644,0.01892676151989526
MTB,0000950170-24-017990,2024-02-21,0.236480352582302,0.061638151152864695,0.03472435955097767
MTB,0001628280-25-006267,2025-02-19,0.0644592926019085,0.07631432182899003,0.049756979501305844
MTD,0001037646-23-000005,2023-02-10,-0.4643459115970411,0.00038789967226846023,0.03545151499198976
MTD,0001037646-24-000007,2024-02-09,-0.1017001650217883,0.007699117417889371,0.04308623858726055
MTD,0001037646-25-000012,2025-02-07,-0.1581518438235862,0.030286537149274498,0.06098929400424064
MU,0000723125-23-000054,2023-10-06,0.1195891195518294,0.026260996748546664,0.05760340205192732
MU,0000723125-24-000027,2024-10-04,0.7433147390354373,0.05835344071142155,0.05418170616465398
NCLH,0001558370-23-002361,2023-02-28,0.0066913017876997,0.08558379487649176,0.05849865344684549
NCLH,0001558370-24-001935,2024-02-28,0.0059024697091061,0.07065152297834057,0.04562472536394673
NCLH,0001558370-25-001743,2025-02-27,-0.2519002358782776,0.07707938841359803,0.06171231341956647
NDAQ,0001120193-23-000014,2023-02-23,-0.283467588669463,0.05189624623100738,0.029327744360846182
NDAQ,0001120193-24-000006,2024-02-21,0.2300939907130397,0.060740834870529004,0.031229069073605835
NDAQ,0001120193-25-000008,2025-02-21,-0.1463194064515218,0.06348234663281699,0.05354357141054989
NDSN,0000072331-23-000242,2023-12-20,-0.4496311613593085,-0.00629235707075243,0.018682291992445182
NDSN,0000072331-24-000177,2024-12-18,-0.0210294008257518,0.00585377300999464,0.03287734108189057
NEE,0000753308-23-000019,2023-02-17,-0.4676027611052832,0.018516411879151932,0.02516912377951194
NEE,0000753308-24-000008,2024-02-16,0.0280605409695171,0.020557733255745846,0.042474410676486545
NEE,0000753308-25-000011,2025-02-14,0.2432586226720416,0.018051081677372495,0.023491453031996918
NEM,0001164727-23-000011,2023-02-23,-0.5766100295028859,-0.018867791780600704,0.036006494279671085
NEM,0001164727-24-000016,2024-02-29,0.2525880346083173,0.09482570724742051,0.04326368655713099
NEM,0001164727-25-000011,2025-02-21,1.6247411247835724,0.11346946319782217,0.047404613667201785
NFLX,0001065280-24-000030,2024-01-26,0.4642409061976882,0.03152612687171886,0.039264953578672254
NFLX,0001065280-25-000044,2025-01-27,-0.3029960915362281,0.03786934721022358,0.05015068687867286
NI,0001111711-23-000006,2023-02-22,-0.3110180026375096,0.01753987071643995,0.03439702602859244
NI,0001111711-24-000011,2024-02-21,0.3558166950020083,0.010423111590966306,0.020703170830555406
NI,0001111711-25-000008,2025-02-12,0.0845924701997291,0.026961016855609088,0.05445557644738159
NKE,0000320187-23-000039,2023-07-20,-0.5376533347113683,0.04771039178104201,0.04752966955892466
NKE,0000320187-24-000044,2024-07-25,-0.0741536365384736,0.04382606288923448,0.04258713015160708
NOC,0001133421-23-000006,2023-01-26,-0.2276296425587156,0.042124783574929076,0.034027632102139806
NOC,0001133421-24-000006,2024-01-25,-0.115876565204271,0.03944102225767881,0.048595054868711525
NOC,0001133421-25-000006,2025-01-30,0.2789248579094965,0.01697365609778164,0.007272037857973072
NOW,0001373715-23-000035,2023-01-31,0.4722264384602337,0.03942835350097567,0.039263719857328766
NOW,0001373715-24-000030,2024-01-25,0.2719657138885918,0.04627578011473911,0.061813669417990685
NOW,0001373715-25-000010,2025-01-30,-0.5802868993266537,0.04459644158930218,0.04058546218994556
NRG,0001013871-23-000004,2023-02-23,0.3533307101505072,0.0937288127614781,0.06575009980446465
NRG,0001013871-24-000005,2024-02-28,0.7014848516253367,0.04172039774199947,0.02480581818766437
NRG,0001013871-25-000006,2025-02-26,0.4313446091071435,0.07344338661001959,0.056126202088902455
NSC,0000702165-23-000010,2023-02-03,-0.1914689818944217,-0.021970440170063846,0.017864109777874164
NSC,0000702165-24-000005,2024-02-05,-0.2175828977543661,0.031028649614336212,0.021314707325492593
NSC,0000702165-25-000008,2025-02-10,0.1200499197069049,0.009454311735567239,0.03654046312676464
NTAP,0000950170-23-027948,2023-06-14,0.5031279592110518,0.05023451297609645,0.047965008351892935
NTAP,0000950170-24-071327,2024-06-10,-0.2877559095427479,0.05112231757213537,0.04610950826511601
NTRS,0000073124-23-000049,2023-02-28,-0.4068614962579326,0.10929055486427464,0.04210390601665848
NTRS,0000073124-24-000073,2024-02-27,0.2066937233690791,0.09471622567042312,0.034418253198625
NTRS,0000073124-25-000105,2025-02-24,0.1530362834891661,0.09974241401336001,0.064715462278849
NUE,0001564590-23-002793,2023-03-01,-0.187552151949442,0.05139751195452739,0.05444942728766912
NUE,0000950170-24-021195,2024-02-27,-0.4648188436508299,0.06137832298316648,0.05125082075733387
NUE,0000950170-25-028427,2025-02-27,0.1742960665949005,0.06874615295606018,0.08832780500496246
NVDA,0001045810-23-000017,2023-02-24,2.0829189180285983,0.07554177668276874,0.04904886608351586
NVDA,0001045810-24-000029,2024-02-21,0.7148927084323213,0.06321000825695329,0.056602760995303154
NVDA,0001045810-25-000023,2025-02-26,0.1827139150058701,0.04984321568864824,0.042903048000663684
NVR,0000906163-23-000023,2023-02-15,0.2070871660752986,0.07188057640457203,0.028043099621873405
NVR,0000906163-24-000033,2024-02-14,-0.2739900674850716,0.08427736272241691,0.05218741857158757
NVR,0000906163-25-000011,2025-02-12,-0.1148284282203455,0.07522312854502636,0.037638413699515504
NWS,0001564708-23-000368,2023-08-15,0.0788093151773621,0.04992927075656855,0.014709205936640324
NWS,0001564708-24-000408,2024-08-13,-0.0003930697958871,0.04394798535275854,0.016249106254718943
NWSA,0001564708-23-000368,2023-08-15,0.0640666082985006,0.04992927075656855,0.014709205936640324
NWSA,0001564708-24-000408,2024-08-13,-0.1237024303824128,0.04394798535275854,0.016249106254718943
NXPI,0001413447-23-000006,2023-03-01,0.1509317131218668,0.02030162033504027,0.02291942679254513
NXPI,0001413447-24-000013,2024-02-22,-0.2154129753087255,0.03272730845194025,0.028746861032367673
NXPI,0001413447-25-000019,2025-02-20,-0.1732287353344843,0.021843300558293248,0.027994203325800403
O,0000726728-23-000044,2023-02-22,-0.4408067885180227,0.09290415192688795,0.0886991473942768
O,0000726728-24-000047,2024-02-21,-0.0658785054021162,0.08307033786441118,0.15351818122523456
O,0000726728-25-000055,2025-02-25,0.0787174884791925,0.07443719933776802,0.04869871542689028
ODFL,0000950170-23-003783,2023-02-22,-0.0008713456764048,0.07124035157991943,0.03644435224490389
ODFL,0000950170-24-020176,2024-02-26,-0.3830744644492021,0.045921760888734994,0.05982312588750432
ODFL,0000950170-25-026661,2025-02-25,-0.0628633493422432,0.04899521285979028,0.040304746538069744
OKE,0001039684-23-000016,2023-02-28,-0.0855631424975214,0.03379836460501323,0.016426756779559515
OKE,0001039684-24-000015,2024-02-27,0.2250141775868601,0.020330680597926955,-0.027306125792960156
OKE,0001039684-25-000036,2025-02-25,-0.2473805546101581,0.014080896061774588,-0.007958866199162577
OMC,0000029989-23-000005,2023-02-08,-0.2981549122648768,0.06969953417752844,0.03225698261080555
OMC,0000029989-24-000007,2024-02-07,-0.2440360440329032,0.06149760859625887,0.0408929886440133
OMC,0000029989-25-000009,2025-02-05,-0.3028382899748018,0.08665323939976655,0.04674119519490961
ON,0001628280-23-002350,2023-02-06,-0.2766403803634973,0.03010765114751565,0.05347019459831084
ON,0001628280-24-003201,2024-02-05,-0.5709115458763154,0.0710335229182428,0.05764234687105785
ON,0001628280-25-004557,2025-02-10,0.3557264722735376,0.0691757386740072,0.05918977770249614
ORCL,0000950170-23-028914,2023-06-20,-0.0768123009584147,-0.02161948102004426,-0.05132937902590849
ORCL,0000950170-24-075605,2024-06-20,0.3964290722283503,0.04788156157133973,0.08430900930470318
ORLY,0000898173-23-000011,2023-02-28,0.0083109964625656,0.038174747865177924,0.03726673678273137
ORLY,0000898173-24-000009,2024-02-28,0.0910630307320456,0.03304191455649326,0.03599673016135444
ORLY,0000898173-25-000008,2025-02-28,-0.1333853544633272,0.03925638732404766,0.03788462569475771
OTIS,0001781335-23-000009,2023-02-03,-0.1140457856564645,0.022517529841207466,0.0428372685681041
OTIS,0001781335-24-000013,2024-02-02,-0.1819399080372754,0.034495149203714603,0.06248468499554752
OTIS,0001781335-25-000010,2025-02-04,-0.1557332161390785,0.03165855581944896,0.02244160483304281
OXY,0000797468-23-000011,2023-02-27,-0.2579936510868292,0.04355541348577805,0.029020106158791047
OXY,0000797468-23-000031,2023-05-09,-0.1808530235294474,0.06968984461169125,0.0523349976905498
OXY,0000797468-24-000034,2024-02-14,-0.3760608940779258,-0.05180023694433388,-0.015773996904930095
OXY,0000797468-25-000029,2025-02-18,-0.0541962336873551,0.04394886730806835,0.037490786565183266
PANW,0001327567-23-000024,2023-09-01,0.1879442275497842,0.07500642709515593,0.08326013521765999
PANW,0001327567-24-000029,2024-09-06,-0.04681197065196,0.04618189073430021,0.0223773355835587
PAYX,0000950170-23-032988,2023-07-14,-0.214879530361755,0.05178661078114123,0.10058304485226385
PAYX,0000950170-24-082958,2024-07-11,0.1043609808986427,0.04508615176734121,0.06735243428214804
PCAR,0001564590-23-002203,2023-02-22,0.2922669683117116,0.09035184732750591,0.047383504973635186
PCAR,0000950170-24-017900,2024-02-21,-0.1988894988830285,0.08200246652476179,0.03304140202695525
PCAR,0000950170-25-023145,2025-02-19,0.0909235674606339,0.08770158449206311,0.02954780590421521
PCG,0001004980-23-000029,2023-02-23,-0.2101522804610041,0.015668863626058988,0.061143329881521304
PCG,0001004980-24-000014,2024-02-22,-0.2263678038139172,0.03832500086186472,0.1543910491926255
PCG,0001004980-25-000010,2025-02-13,0.0130081758977604,0.03346885452166706,0.0842747362594673
PEG,0001628280-23-004411,2023-02-22,-0.2562204894626654,0.07217506003099236,0.05611460416265478
PEG,0001628280-24-006885,2024-02-26,0.2257116410040944,0.041811061778468626,0.0332891135056121
PEG,0000950170-25-026874,2025-02-25,-0.1088427570052443,0.037843447610825254,0.06287528640241731
PEP,0000077476-23-000007,2023-02-09,-0.2335536050496081,-0.01897855147621108,0.011552562390106212
PEP,0000077476-24-000008,2024-02-09,-0.3330020400415959,-0.009751858222969742,-0.002214559257058707
PEP,0000077476-25-000007,2025-02-04,0.0749450354872705,-0.006232590242688227,-0.035895472222214564
PFE,0000078003-23-000024,2023-02-23,-0.6064721967073938,0.015070835820511691,0.042921378506187796
PFE,0000078003-24-000039,2024-02-22,-0.1545011386548511,0.03311396538776657,0.052680451636410656
PFE,0000078003-25-000054,2025-02-27,-0.0667190853585195,0.027941566570865495,0.06769278263882399
PFG,0001104659-23-022860,2023-02-16,-0.324381034940883,0.0005076443239347486,0.01729526281606587
PFG,0001104659-24-025516,2024-02-20,-0.1352977575196201,-0.032507265307491214,0.016973830173150274
PFG,0001410578-25-000160,2025-02-19,0.0161439989247895,-0.0004583234231021957,0.049324339220396134
PG,0000080424-23-000073,2023-08-04,-0.0750417690373339,-0.007291660398976857,0.03967618757167343
PG,0000080424-24-000083,2024-08-05,-0.3008452112545038,-0.015960461328039154,0.036246595189079564
PGR,0000080661-23-000006,2023-02-27,0.0728397579870667,-0.014907537278665589,0.04345231128087228
PGR,0000080661-24-000007,2024-02-26,0.2986877882693912,-0.011215903243892551,0.045890195304853845
PGR,0000080661-25-000007,2025-03-03,-0.3978588617662872,0.024278750100488612,0.07497888436168965
PH,0000076334-23-000042,2023-08-24,0.2024025151556425,0.01577212698918387,0.03929775001507887
PH,0000076334-24-000044,2024-08-22,0.135776272398256,0.047422220282546855,0.06206190234111837
PHM,0000822416-23-000007,2023-02-06,0.574486249545064,0.049643260186523014,0.054488848821003265
PHM,0000822416-24-000010,2024-02-05,-0.1853255811168896,0.050883993117280306,0.060173972388236574
PHM,0000822416-25-000007,2025-02-06,0.0549027515248221,0.054448939568451586,0.056738492306381345
PKG,0000950170-23-003990,2023-02-23,0.0300071426603592,0.04910292745767721,0.06460025278653642
PKG,0000950170-24-022794,2024-02-29,-0.0052772603262316,0.039985878027758215,0.04586289459444584
PKG,0000950170-25-028533,2025-02-27,-0.0621677317580058,0.040418164169654894,0.05750288640450814
PLD,0001564590-23-001902,2023-02-14,-0.1636504475204243,0.04295731952356934,0.03270956316573844
PLD,0000950170-24-014539,2024-02-13,-0.2964069092686565,0.02130257170364462,0.02316948801931451
PLD,0000950170-25-021272,2025-02-14,0.0577204685331134,0.03891987034893069,0.022156663058741553
PLTR,0001321655-23-000011,2023-02-21,1.4941536282666843,0.017829629236168862,-0.005289773023941393
PLTR,0001321655-24-000022,2024-02-20,3.107999072665931,0.0346675506229574,0.0196584295973873
PLTR,0001321655-25-000022,2025-02-18,-0.05009861734496,0.03468588359420066,-0.0005806626803170928
PM,0001413329-23-000025,2023-02-10,-0.3092740847427835,0.009469524899800984,0.0437998024735848
PM,0001413329-24-000013,2024-02-08,0.5155628948392454,0.034071579661725464,0.05971527323367565
PM,0001413329-25-000013,2025-02-06,0.1374780742446426,0.0703973840054925,0.08192582822931664
PNC,0000713676-23-000020,2023-02-22,-0.3129818930118462,0.07724666934858465,0.06881077779482783
PNC,0000713676-24-000028,2024-02-21,0.1060736102545787,0.07903657919728643,0.08061310454103897
PNC,0000713676-25-000027,2025-02-21,0.0418508023929862,0.09537079081631158,0.06036066070084616
PNR,0000077360-23-000006,2023-02-21,0.1047872804498604,0.02339862804957885,0.04392605754309183
PNR,0000077360-24-000007,2024-02-20,0.0356455469886454,0.03943383682729764,0.04861202890172378
PNR,0000077360-25-000006,2025-02-25,-0.0864833543892422,0.05226229830394896,0.05982394829769382
PNW,0000764622-23-000023,2023-02-27,-0.3472207976972146,0.017851166441967062,-0.006323858242506826
PNW,0000764622-24-000016,2024-02-27,0.2127056559028548,0.009509016762587051,0.0014908859235260564
PNW,0000764622-25-000023,2025-02-25,-0.0619819271627766,0.03187732856090102,0.0022689081075987685
PODD,0001145197-23-000020,2023-02-24,-0.7322757095694646,0.023593061375950675,0.024833338068866527
PODD,0001145197-24-000011,2024-02-23,0.2834759178374766,0.037328219216447814,0.04555894324716498
PODD,0001145197-25-000007,2025-02-21,-0.2919312376245397,0.04156399162803576,0.0634705755581383
POOL,0000945841-23-000015,2023-02-24,-0.1872231505813308,0.03680312321222944,0.05015374940885989
POOL,0000945841-24-000021,2024-02-27,-0.288414589570373,0.013404231498635701,0.013944102627600208
POOL,0000945841-25-000032,2025-02-27,-0.5282483907024366,0.038046422861690195,0.04292522723104377
PPG,0000079879-23-000007,2023-02-16,-0.1215754650214258,-0.0125098312516011,0.011429748577203388
PPG,0000079879-24-000040,2024-02-15,-0.4033347980391434,-0.005653893408953156,0.032350952276535797
PPG,0000079879-25-000034,2025-02-20,-0.0334550222366949,-0.002735875470614234,0.0336807231495773
PPL,0000922224-23-000010,2023-02-17,-0.2709819605777297,-0.03932069095172148,-0.030763139123175638
PPL,0000922224-24-000008,2024-02-16,0.0893739656540348,0.02359551637862678,0.04572369457593531
PPL,0000922224-25-000009,2025-02-13,-0.0058420497170441,0.002065891022575775,0.035953473838424725
PRU,0001137774-23-000040,2023-02-16,-0.1232238464117054,0.03163098470025047,0.05947006704959584
PRU,0001137774-24-000045,2024-02-21,-0.1434134290231448,-0.019644002603103734,0.04189086770096465
PRU,0001137774-25-000044,2025-02-13,-0.1491900820530118,0.021394411232344868,0.09225582289470996
PSA,0001393311-23-000012,2023-02-21,-0.2945186543643423,0.023461732893162987,0.03352690678557801
PSA,0001393311-24-000043,2024-02-20,-0.1098597068754811,0.047892195069063295,0.06352776542713133
PSA,0001393311-25-000036,2025-02-24,-0.1458883890862132,0.0655525349933398,0.07091935487423935
PSX,0001534701-23-000053,2023-02-22,0.2404442815959753,0.0004313957702456461,-0.019714462770762872
PSX,0001534701-24-000078,2024-02-21,-0.3006490566637216,0.04112058022381353,0.01962325307071193
PSX,0001534701-25-000074,2025-02-21,0.0946919318335151,0.06873660006869883,0.028354041838298583
PTC,0000950123-23-011049,2023-11-20,-0.1055875781755963,0.03906313480444423,0.0679497578685707
PTC,0000950170-24-127231,2024-11-14,-0.2203837633287095,0.06019426884189977,0.07566902750365324
PWR,0001050915-23-000010,2023-02-23,0.1967570481288605,0.061172571781603874,0.18894345498003576
PWR,0001050915-24-000009,2024-02-22,-0.0493806285366826,0.04895701990376535,0.03152245280738316
PWR,0001050915-25-000005,2025-02-20,0.8241480302237456,0.031609209823625126,0.01576344297158113
PYPL,0001633917-23-000033,2023-02-10,-0.5082256790786294,0.045371083581972976,0.024595482774331816
PYPL,0001633917-24-000024,2024-02-08,0.1274582365616392,0.04649686616289193,0.02676021430041495
PYPL,0001633917-25-000019,2025-02-04,-0.6247142005906485,0.06751593666246972,0.05233138689284038
QCOM,0000804328-23-000055,2023-11-01,0.1521612133479233,0.04080457756344904,0.05450623167024506
QCOM,0000804328-24-000075,2024-11-06,-0.1528526842107873,0.05537983042923711,0.03827142977119045
RCL,0000884887-23-000006,2023-02-23,0.3853250957699727,0.09329757215631543,0.1635802276115612
RCL,0000884887-24-000075,2024-02-21,0.8615186560923724,0.0925790259381077,0.054549697094912176
RCL,0000884887-25-000050,2025-02-14,0.0885649262674763,0.0778750464532976,0.04925628814428502
REG,0000950170-23-003160,2023-02-17,-0.2464700728497972,0.045528621326931175,0.0390631325337727
REG,0000950170-24-016260,2024-02-16,0.0171549244721211,0.026704317171025276,-0.016513648227474798
REG,0000950170-25-021359,2025-02-14,-0.0489692206115905,0.046058013147080724,0.0026772996126800492
REGN,0001804220-23-000008,2023-02-06,-0.0319871701854486,0.05898523166053051,0.04958940357675287
REGN,0001804220-24-000009,2024-02-05,-0.4756013978078649,0.08413607590391084,0.11179524403233465
REGN,0001804220-25-000011,2025-02-05,-0.0543591418725804,0.071981304513104,0.08089110626796561
RF,0001281761-23-000012,2023-02-24,-0.4569925329885901,0.08728237828499308,0.043587122002446695
RF,0001281761-24-000010,2024-02-23,0.1527266459344494,0.06425537385072949,0.021142757457601608
RF,0001281761-25-000010,2025-02-21,0.1095654694400904,0.07281373630312504,0.04468353821572566
RJF,0000720005-23-000079,2023-11-21,0.2667959754010365,0.05232596875362478,0.059022868443891145
RJF,0000720005-24-000069,2024-11-26,-0.2117499755263369,0.04787448122523298,0.039994957130200175
RL,0001037038-23-000015,2023-05-25,0.3289886787007987,0.058459413368658085,0.04154060603280718
RL,0001037038-24-000014,2024-05-23,0.5713176975853091,0.06699895869164646,0.044817309373725536
RMD,0000943819-23-000011,2023-08-11,0.0070668004439133,0.04294001930743734,0.027321747442421072
RMD,0000943819-24-000013,2024-08-09,0.1179540622026658,0.047142778885787634,0.02763473053697704
ROK,0001024478-23-000126,2023-11-08,-0.3080578192823773,0.03516466151374354,0.05234245935370584
ROK,0001024478-24-000107,2024-11-12,0.2412330794438684,0.03265151537058724,0.03380167521743252
ROL,0000084839-23-000006,2023-02-16,-0.0874655321097299,0.039744167303895704,0.05375726187413663
ROL,0000084839-24-000025,2024-02-15,-0.0036728159658649,0.0075325292090988975,0.036417187323098614
ROL,0000084839-25-000024,2025-02-13,0.0381457303700183,0.02564006799737944,0.061457572098688615
ROP,0000882835-23-000016,2023-02-27,-0.0179971403881653,0.05787084123612492,0.038352515659174906
ROP,0000882835-24-000008,2024-02-22,-0.1221950684155395,0.059482517943035766,0.06615744664771768
ROP,0000882835-25-000008,2025-02-24,-0.5732923793464528,0.05408315977717397,0.05344719999613909
ROST,0000745732-23-000013,2023-03-28,0.0973579049373347,0.061023037511927614,0.10570060136834432
ROST,0000745732-24-000009,2024-04-02,-0.1246672651108462,0.041290754566251496,0.07801732934353107
ROST,0000745732-25-000010,2025-04-01,0.5383144784836644,0.034683290516091037,0.04875968711591499
RSG,0001060391-23-000008,2023-02-23,0.1742496954565502,0.02190081220960427,0.006734557579560903
RSG,0001060391-24-000142,2024-02-29,0.1498076067280946,0.030421486277972313,0.018054586615255507
RSG,0001060391-25-000091,2025-02-14,-0.1917799090865511,0.049326191268987525,0.04631136851576173
RTX,0000101829-23-000009,2023-02-07,-0.2638298765140782,-0.00615493839732599,-0.01666946229934922
RTX,0000101829-24-000008,2024-02-05,0.1821499677156408,0.021604971386729992,0.0300312729346763
RTX,0000101829-25-000005,2025-02-03,0.3811527854598366,8.120071175653915e-05,0.00034592764568645693
RVTY,0000031791-23-000004,2023-03-01,-0.4494844765448601,0.035796915311636514,0.035271079254653594
RVTY,0000031791-24-000004,2024-02-27,-0.1227587217554193,0.057299641300926754,0.07725516191338246
RVTY,0000031791-25-000009,2025-02-25,-0.3138560027147662,0.0007000979136418395,-0.017791926299621022
SATS,0001415404-23-000005,2023-02-23,-0.6781053054356366,0.07133221454620131,0.0752593418379254
SATS,0001558370-24-002209,2024-02-29,1.2177222361694768,-0.050074405769454204,-0.007972413564090283
SATS,0001558370-25-001663,2025-02-27,2.7156874659771377,0.09215288235548602,0.15057884917366088
SBAC,0001034054-23-000002,2023-03-01,-0.4897087850884899,0.08254718561686977,0.07558270421568376
SBAC,0001034054-24-000002,2024-02-28,-0.0681686268240227,0.03664613311569545,0.027209997459626264
SBAC,0001034054-25-000002,2025-02-26,-0.2145949160212491,0.061948384096665934,0.0642762020109679
SBUX,0000829224-23-000058,2023-11-17,-0.371277705595151,0.03823860542695413,0.03608564625750416
SBUX,0000829224-24-000057,2024-11-20,-0.2755731996397744,0.05707759651490715,0.028007230787125442
SCHW,0000316709-23-000009,2023-02-24,-0.4730765773188343,0.026295958008530157,0.01982499549649297
SCHW,0000316709-24-000018,2024-02-23,0.052799918922864,0.030982662375615914,0.01232294284750412
SCHW,0000316709-25-000010,2025-02-26,0.0571743588741608,0.031669263980255366,-0.0017856070533864166
SHW,0000089800-23-000007,2023-02-22,0.1704685121545812,0.020461284603373462,0.03087145088424938
SHW,0000089800-24-000033,2024-02-20,-0.1069039069262458,-0.004271110552119151,0.03156023302678153
SHW,0000089800-25-000030,2025-02-20,-0.0811216135685013,0.032971961025611785,0.03269190700557707
SJM,0000091419-23-000072,2023-06-20,-0.5141392871405854,0.050874436555757734,0.028265904987583277
SJM,0000091419-24-000054,2024-06-18,-0.2107725570151327,0.010266316530219526,-0.001028534304863713
SLB,0001564590-23-000762,2023-01-25,-0.2769952392440187,-0.014605470757900807,0.06355738632859115
SLB,0000950170-24-006884,2024-01-24,-0.4066189611063854,-0.049430408198414134,-0.007423022176222136
SLB,0000950170-25-007638,2025-01-22,0.0681525397277476,-0.018404407860212725,0.006309504906532118
SMCI,0001375365-23-000036,2023-08-28,0.459494406621969,0.04917911102988341,0.022784553865425064
SMCI,0001375365-25-000004,2025-02-25,-0.4647633720009441,0.02900504031995052,0.0568529641876696
SNA,0000091440-23-000005,2023-02-09,-0.147231592014464,0.03857261633806889,0.05441097002448988
SNA,0000091440-24-000005,2024-02-16,0.0628390799061588,0.03642739546336712,0.022833713221956684
SNA,0000091440-25-000010,2025-02-13,0.0210657920803203,0.047860693755637417,0.0490934331305339
SNPS,0000883241-23-000019,2023-12-12,-0.4173367672423498,0.027407430429077815,0.03525091286141748
SNPS,0000883241-24-000024,2024-12-19,-0.2278161075168345,0.05060733378196389,0.027434142012126166
SO,0000092122-23-000012,2023-02-16,-0.1644037490879968,-0.02381318680139527,0.04509361218622073
SO,0000092122-24-000009,2024-02-15,0.1164202826175082,-0.020709899653098995,0.03529725824046746
SO,0000092122-25-000018,2025-02-20,-0.0117274313377266,-0.016791907884383644,0.06415415215081267
SOLV,0001964738-25-000019,2025-02-28,-0.2705360003586792,0.015702744388248552,0.010358902015725159
SPG,0001558370-23-001840,2023-02-23,0.0193825142851566,0.07273516478896411,0.06664827620131931
SPG,0001558370-24-001532,2024-02-22,0.08938955909891,0.06376176726275279,0.052313366041318546
SPG,0001558370-25-001271,2025-02-21,-0.0193816339987309,0.05323853308226403,0.03575579766080047
SPGI,0000064040-23-000058,2023-02-10,-0.0569219570655916,-0.04668063069560604,-0.037457760519877294
SPGI,0000064040-24-000071,2024-02-09,0.0039765646589275,-0.001618377514960738,0.028091929478553393
SPGI,0000064040-25-000052,2025-02-11,-0.3984111028512704,-0.011113127402782912,0.054958716779674954
SRE,0001032208-23-000008,2023-02-28,-0.3286463393270746,0.04463872201904462,0.11831983218891108
SRE,0001032208-24-000007,2024-02-27,-0.1480157902438019,0.0076846878683476255,0.0476149662597657
SRE,0001032208-25-000012,2025-02-25,0.2182048384953276,-0.0005016724004897263,0.03892779516536032
STE,0001757898-23-000005,2023-05-26,-0.145574564396316,0.025160501531585444,0.018873483173483366
STE,0001757898-24-000008,2024-05-29,-0.0466607650386552,0.025937422065527772,0.026534461627478412
STLD,0001558370-23-002303,2023-02-28,-0.2241156184739912,0.03418172985505721,0.05426105116464036
STLD,0001558370-24-002152,2024-02-29,-0.1917436303297711,0.044406049996337044,0.08003583154972355
STLD,0001558370-25-001886,2025-02-28,0.3245925027579133,0.04170466551586818,0.06490670873536794
STT,0000093751-25-000111,2025-02-13,0.1982926565956155,0.08610791022770108,0.05239048501717827
STX,0001137789-23-000049,2023-08-04,0.2658635487699785,0.059309508012363815,0.02804338615706833
STX,0001137789-24-000068,2024-08-02,0.3985558244543927,0.07085799682451602,0.05776516946979348
STZ,0000016918-23-000045,2023-04-20,-0.0695407578870328,0.041145680074257826,-0.0025382827799784596
STZ,0000016918-24-000054,2024-04-23,-0.3813560927558281,0.06340533627161361,0.08132552342360247
STZ,0000016918-25-000022,2025-04-23,-0.4941041940702895,0.04148563373674783,0.02691010486626255
SW,0002005951-25-000005,2025-03-07,-0.2450028101898228,0.05204741719054476,0.018950019323769024
SWK,0000093556-23-000007,2023-02-23,-0.2423006659469258,0.007162245250946733,0.022455864987225134
SWK,0000093556-24-000032,2024-02-27,-0.1739683741042983,0.02318859757760801,0.01732041193231617
SWK,0000093556-25-000007,2025-02-18,-0.0549340092604886,0.028869475045345226,0.027961439422150704
SWKS,0000004127-23-000005,2023-01-27,-0.2656513854650144,0.006938745864594524,0.11848212647470949
SWKS,0000004127-23-000030,2023-11-17,-0.4154083377052949,0.20842316459006244,0.3563477199823834
SWKS,0000004127-24-000002,2024-01-26,-0.3638658602661591,-0.00706094968217106,0.11110425266425279
SWKS,0000004127-24-000131,2024-11-15,-0.3594492724155846,0.2017018016661629,0.3405870577934842
SWKS,0000004127-25-000006,2025-01-24,-0.4712463571172726,-0.0024983427184581478,0.10388716043459265
SYF,0001601712-23-000037,2023-02-09,-0.1248783619687969,0.08349797983437271,0.055964299838314184
SYF,0001601712-24-000047,2024-02-08,0.4801012993628282,0.0537096142327326,0.0027649073219854006
SYF,0001601712-25-000044,2025-02-07,-0.0506537241032969,0.0762885661898211,0.0417825352415421
SYK,0000310764-23-000017,2023-02-10,0.0700143538898108,0.0122831272355437,0.02166972825521018
SYK,0000310764-24-000024,2024-02-14,-0.1284684123405142,0.02160710116418733,0.04627129328998271
SYK,0000310764-25-000023,2025-02-12,-0.1851867970768744,0.011239208255689723,0.04052290364531315
SYY,0000096021-23-000117,2023-08-25,-0.1708864913777332,0.014856585459125896,0.028525351107510703
SYY,0000096021-24-000128,2024-08-28,-0.0814844221985695,0.01075648344306597,0.005411861527145821
T,0000732717-23-000011,2023-02-13,-0.287349497571967,-0.025676401773400942,-0.009734653896226313
T,0000732717-24-000009,2024-02-23,0.4877872956385536,-0.02887007141304084,0.022102394475977505
T,0000732717-25-000013,2025-02-12,0.0376655209908349,-0.02014508641502187,0.03291061758552293
TAP,0000024545-23-000006,2023-02-21,-0.0901348034365079,0.06822087651870394,0.0630230644795749
TAP,0000024545-24-000005,2024-02-20,-0.231209400139318,0.04339600640445013,0.040229321625768096
TAP,0000024545-25-000007,2025-02-18,-0.3053750015921953,0.03866854305097474,0.017205901407255995
TDG,0001260221-23-000081,2023-11-09,0.1476807944943639,0.02977520728566143,0.002719914127220052
TDG,0001260221-24-000083,2024-11-07,-0.1203556143952881,0.03335692791152319,0.032459100153783706
TDY,0001094285-23-000053,2023-02-24,-0.3093690334457596,0.062381701119334124,0.11521009136905418
TDY,0001094285-24-000044,2024-02-23,-0.0276555327442376,0.039847440181211516,0.05868362799057389
TDY,0001094285-25-000053,2025-02-21,0.2322497654478013,0.03738267532512655,0.03729379669089596
TECH,0001558370-23-015226,2023-08-23,-0.3635374605929444,0.032037662105348454,0.03177989570061409
TECH,0001558370-24-012430,2024-08-22,-0.374127079006894,0.039130049316184794,0.04533352845500023
TEL,0001558370-23-018833,2023-11-13,-0.1152535899580253,0.05457286457280572,0.03929955529184075
TEL,0001558370-24-015227,2024-11-12,0.4336812507871384,0.0457974785324052,0.04061202880948495
TER,0001193125-23-044711,2023-02-22,-0.2953904673590116,0.02341205551885918,0.04919551848037792
TER,0000950170-24-018701,2024-02-22,-0.0950479281068255,0.013702918152728373,0.013710819550698495
TER,0000950170-25-023784,2025-02-20,1.5654835330939163,0.02493358455421707,0.04620722760999825
TFC,0000092230-23-000034,2023-02-28,-0.5047806042158516,0.07270910402478298,0.030563371317563853
TFC,0000092230-24-000010,2024-02-27,0.2074524038964809,0.04730366505306463,-0.00787732293293756
TFC,0000092230-25-000020,2025-02-25,0.0219604640476074,0.07578707044411215,0.0228267557023595
TGT,0000027419-23-000015,2023-03-08,-0.2294892209578831,0.038729799577002885,0.05686132207591857
TGT,0000027419-24-000032,2024-03-13,-0.4597488379746374,0.017388540591849518,0.0230264784040072
TGT,0000027419-25-000018,2025-03-12,-0.0550810235254188,0.049264583220495456,0.052164167985600036
TJX,0000109198-23-000004,2023-03-29,0.0024893813306154,0.03388095019558878,0.04328156332975901
TJX,0000109198-24-000014,2024-04-03,0.2874640989734308,0.034347264858802934,0.04715492003399115
TJX,0000109198-25-000010,2025-04-02,0.130464981525983,0.040377008025814225,0.05322161116364041
TKO,0001562762-24-000038,2024-02-27,0.5583891686971285,0.08165254177836508,0.02518250985029232
TKO,0000950170-25-027778,2025-02-26,0.2534641416650021,0.1615660178055782,0.2121110814448966
TMO,0000097745-23-000008,2023-02-23,-0.256606012451269,0.03339260497234494,0.07567496736550999
TMO,0000097745-24-000007,2024-02-22,-0.2206766607858589,0.0033174638959162575,0.034509295820592874
TMO,0000097745-25-000010,2025-02-20,-0.167479599530529,0.01857666697610465,0.05572325583363521
TMUS,0001283699-23-000016,2023-02-14,-0.1348250205858687,0.06595579086315527,0.0380943691826875
TMUS,0001283699-24-000008,2024-02-02,0.2826937505158051,0.07604154805338117,0.06424048918961264
TMUS,0001283699-25-000012,2025-01-31,-0.29743642945381,0.0464760409035626,0.042515791145723084
TPL,0001811074-23-000014,2023-02-22,-0.4139849229446305,0.07015515866434897,0.029461024101452373
TPL,0001811074-24-000015,2024-02-21,1.3853981529285024,0.07283383967696125,0.04237216826514966
TPL,0001811074-25-000044,2025-02-19,-0.0640008818030841,0.0519264468742834,0.012523738196734382
TPR,0001116132-23-000020,2023-08-17,-0.0833571267362491,0.07703580214438244,0.056375037510594715
TPR,0001116132-24-000018,2024-08-15,1.3842285135029362,0.047072078645993554,0.026899437095508894
TRGP,0000950170-23-003797,2023-02-22,0.0226307557834881,0.06936174870647605,0.04598506983567187
TRGP,0000950170-24-015841,2024-02-15,1.064072280939253,0.07086080722845625,0.044742404064933815
TRGP,0000950170-25-023983,2025-02-20,0.0282352906411407,0.07107946176195117,0.09506664468399473
TRMB,0000864749-23-000012,2023-02-17,-0.1468491866887626,-0.00355867017657311,0.010300923528777949
TRMB,0000864749-24-000047,2024-02-26,-0.0275752264852857,0.027187069985026416,0.03300444064112292
TRMB,0000864749-25-000011,2025-01-16,-0.2170283292424674,0.0419394757476493,0.09622962809321141
TRMB,0000864749-25-000090,2025-04-25,-0.2274043234002674,0.10673554630349208,0.07318995560572146
TROW,0001113169-23-000007,2023-02-15,-0.2912326764274254,0.0830844592120564,0.05054430381203272
TROW,0001113169-24-000007,2024-02-16,-0.1967286303757756,0.09188300100922239,0.07730202000051117
TROW,0001113169-25-000007,2025-02-14,-0.2060581694688903,0.08491147481740549,0.06032188573009222
TRV,0000086312-23-000011,2023-02-16,-0.005297953558401,-0.012460888777124007,0.05536437933416991
TRV,0000086312-24-000012,2024-02-15,-0.1099649892912437,-0.02217085745646765,0.029905607302517734
TRV,0000086312-25-000012,2025-02-13,0.1183563107595095,-0.02155642203815137,0.02745178560780016
TSCO,0000916365-23-000045,2023-02-23,-0.2151724636586827,0.033326476808904375,0.039358111350184445
TSCO,0000916365-24-000046,2024-02-23,-0.0332501822032003,0.05010098871856364,0.03800536014363066
TSCO,0000916365-25-000076,2025-02-20,-0.1820518255821963,0.05513187336732207,0.05518019646683558
TSLA,0000950170-23-001409,2023-01-31,-0.1315051974928123,0.16789961132560408,0.32630011714012985
TSLA,0001628280-24-002390,2024-01-29,0.8490938022712273,0.05190644973156038,0.04703782457598305
TSLA,0001628280-25-003063,2025-01-30,-0.1090717489729875,0.043049388808409146,0.0594410518276933
TSLA,0001104659-25-042659,2025-04-30,0.0706576768668099,-0.016979663649933113,0.21333062948123516
TSN,0000100493-23-000105,2023-11-13,0.0631499985190955,-0.023335812660855382,-0.00917202760850343
TSN,0000100493-24-000119,2024-11-12,-0.2481888292650718,0.012149755474625091,0.024384392587690852
TT,0001466258-23-000058,2023-02-10,0.2648156553941869,0.007487398787884434,0.04358135564153221
TT,0001466258-24-000047,2024-02-08,0.1347149493718011,0.005707109549511494,0.019486867990207102
TT,0001466258-25-000039,2025-02-06,0.136748428325875,0.014185797013795302,0.0427523644457767
TTD,0001671933-23-000007,2023-02-15,0.1163843297461213,0.02678090918166775,0.024165968358370784
TTD,0001671933-24-000014,2024-02-15,-0.222876591141524,0.0374075331774598,0.02417145777306347
TTD,0001671933-25-000029,2025-02-21,-0.8130514347282471,0.03360838587082174,0.007130911352246125
TTWO,0001628280-23-019851,2023-05-26,-0.1217556413801503,0.06623485486468311,0.028282935235528182
TTWO,0001628280-24-024623,2024-05-22,0.3724214094019289,0.09480632251135923,0.05907773322143198
TXN,0000097476-23-000007,2023-02-03,-0.3194475339686494,-0.02630925572789975,0.025067942732310257
TXN,0000097476-24-000007,2024-02-02,-0.0653680757944623,-0.012066582028967265,0.0289654927045902
TXN,0000097476-25-000007,2025-02-14,0.1198192517417706,-0.010480793052172283,0.0404869454416246
TXT,0000217346-23-000006,2023-02-16,-0.0994212658613209,0.02526964586996528,0.03798745796075672
TXT,0000217346-24-000017,2024-02-12,-0.3961967047735525,0.016407522163095028,0.03699011890613435
TXT,0000217346-25-000017,2025-02-06,0.1118476982732668,0.017261599690874953,0.011086158892839999
TYL,0000860731-23-000009,2023-02-22,0.013867363563174,0.06917844671069387,0.05142665553296839
TYL,0000860731-24-000006,2024-02-21,0.2014409715694087,0.05758974085537068,0.05873995172488454
TYL,0000860731-25-000007,2025-02-19,-0.6462868299595848,-0.0748858403249196,0.0031417403356194997
UAL,0000100517-23-000048,2023-02-16,-0.3480866931926638,0.05267579397019412,0.023646138311253787
UAL,0000100517-24-000027,2024-02-29,0.7452055275586067,0.047685408634123405,0.05086275221099398
UAL,0000100517-25-000046,2025-02-27,-0.0671974789796567,0.058666594309613976,0.04268239620264297
UBER,0001543151-23-000010,2023-02-21,0.990608591891928,0.05301171579103129,0.053365315210532054
UBER,0001543151-24-000012,2024-02-15,-0.2394390775169167,0.07962136352495303,0.07388947658344955
UBER,0001543151-25-000008,2025-02-14,-0.2225694713766538,0.054638274526903605,0.04859734347629379
UDR,0000074208-23-000007,2023-02-13,-0.4073517327446903,0.055827728087081474,0.05571156489852696
UDR,0000074208-24-000011,2024-02-20,0.0243222501240083,0.059215551846775676,0.03412059232940623
UDR,0000074208-25-000010,2025-02-18,-0.2163360434683108,0.042750477597062374,0.015027278508749084
UHS,0000950170-23-004656,2023-02-27,-0.1782843934946976,0.011311496799383085,0.012628768054133533
UHS,0000950170-24-021175,2024-02-27,-0.1257173003773599,0.045788396161373195,0.06307292812525976
UHS,0000950170-25-027785,2025-02-26,-0.0184086129677583,0.03572455489733911,-0.000702418763870613
ULTA,0001558370-23-004581,2023-03-24,-0.3292374489356342,0.03879770426784835,0.06443987848570602
ULTA,0001558370-24-003941,2024-03-26,-0.385763871873473,0.03967457908317977,0.06694647300871641
ULTA,0001558370-25-003810,2025-03-27,0.2501524494970639,0.0481394690625639,0.08200596685404968
UNH,0000731766-23-000008,2023-02-24,-0.222314653969156,0.012499842989159779,0.05760918919716915
UNH,0000731766-24-000081,2024-02-28,-0.2158943079638807,0.02080831527673735,0.045449933431710846
UNH,0000731766-25-000063,2025-02-27,-0.5420360192960632,0.024187529259150686,0.04282970888871392
UNP,0001437749-23-002959,2023-02-10,-0.0039381556896513,-0.004806079462024868,0.02811263285610785
UNP,0001437749-24-003599,2024-02-09,-0.200990375549475,0.017312234684884707,0.04278986672269994
UNP,0000100885-25-000042,2025-02-07,-0.0603471119199443,0.018427209363782657,0.034812442006306926
UPS,0001090727-23-000006,2023-02-21,-0.4165135295305532,-0.038055779429558435,0.025214655189705226
UPS,0001090727-24-000008,2024-02-20,-0.400305600193702,-0.02627736669131612,0.0169879098591936
UPS,0001090727-25-000019,2025-02-18,-0.0630523207101305,-0.013531708226113714,0.019655375800534662
URI,0001067701-23-000010,2023-01-25,0.3938531411712647,0.04517651934951554,0.03917823682648909
URI,0001067701-24-000007,2024-01-24,0.0960322820213377,0.05944996430422248,0.0442217771327373
URI,0001067701-25-000008,2025-01-29,-0.1228745151559576,0.06059043563621211,0.043447930209389723
USB,0001193125-23-050691,2023-02-27,-0.3774663706940496,-0.020142431292962046,0.010456252427671092
USB,0000036104-24-000018,2024-02-20,-0.0566509951166895,0.0520858339163587,0.02751112256755692
USB,0000036104-25-000016,2025-02-21,0.0934812545478411,0.03585779837888505,0.06311345812376525
V,0001403161-23-000099,2023-11-15,-0.0626730266424939,0.01635041226585671,0.05130461973858421
V,0001403161-24-000058,2024-11-13,-0.0681738490245742,-0.007748330777048618,0.03900623427827037
VEEV,0001393052-23-000025,2023-03-30,-0.0958410550658854,0.03817503471900807,0.08011424212646158
VEEV,0001393052-24-000013,2024-03-25,-0.069775172520903,0.031813440113118305,0.046519152396520234
VEEV,0001393052-25-000022,2025-03-24,-0.4121365364980891,0.028887197959459772,0.07552442313863335
VICI,0001705696-23-000035,2023-02-23,-0.3529519462051381,0.00748250714066968,-0.012925959974298854
VICI,0001705696-24-000033,2024-02-22,-0.0240326948241829,0.10479701325961469,0.1764059969817602
VICI,0001705696-25-000033,2025-02-20,-0.0911650978047409,0.0774553611834488,0.06453733912480021
VLO,0001035002-23-000027,2023-02-23,-0.1499396663404455,0.033259549358093436,0.053674612199991464
VLO,0001035002-24-000007,2024-02-22,-0.2013536026671371,0.038053150115544804,0.022290411624877684
VLO,0001035002-25-000005,2025-02-26,0.4510693197720041,0.048751678209930344,0.032577848837420834
VLTO,0001967680-24-000033,2024-02-28,-0.0230713627777063,0.016196538586316308,0.015172952363758003
VLTO,0001967680-25-000008,2025-02-25,-0.1952642577896735,0.023737873662176452,0.029516763165839736
VMC,0001396009-23-000007,2023-02-24,0.1492087930472023,0.009257323389153013,0.014065140625456359
VMC,0001396009-24-000006,2024-02-22,-0.2068381347677027,0.0041321710258594435,0.014425646910708757
VMC,0001396009-25-000005,2025-02-20,0.0796762617858997,0.0087341485972759,0.016261784393101945
VRSK,0001437749-23-004945,2023-02-28,0.1208404969312411,0.019348108011245042,0.045458529803480204
VRSK,0001437749-24-004939,2024-02-21,0.0406113628978224,0.04014070841414933,0.030669967823825858
VRSK,0001437749-25-005160,2025-02-26,-0.4418072715948907,0.04344372886097026,0.038698830776754
VRSN,0001014473-23-000005,2023-02-17,-0.2976993254299259,0.07649418118330939,0.08634657069552132
VRSN,0001014473-24-000006,2024-02-15,-0.0651949004521679,0.0716491863526951,0.06365590782688707
VRSN,0001014473-25-000006,2025-02-13,-0.1819236602012536,0.07700413714870058,0.06440165439494215
VRT,0001628280-23-005248,2023-02-27,2.9042665558703016,0.04096979487066984,0.03807114914944951
VRT,0001628280-24-006498,2024-02-23,0.3888943326870637,0.049246137976897184,0.025567794201880295
VRT,0001628280-25-005905,2025-02-18,1.0810812028352397,0.049731580186019655,0.05574404810173966
VRTX,0000875320-23-000007,2023-02-10,0.1696588619164789,0.047319615702935185,0.03771249365035094
VRTX,0000875320-24-000062,2024-02-15,-0.1299487520424112,0.053419328184642956,0.03656979756920945
VRTX,0000875320-25-000053,2025-02-13,-0.1012085777288438,0.05352176900041751,0.06298244189932006
VST,0001692819-23-000005,2023-03-01,1.2624862546258588,0.07866974413450548,0.04995347053747692
VST,0001692819-24-000012,2024-02-29,1.201012478318083,0.043120055679198514,0.023930066100995413
VST,0001692819-25-000013,2025-02-28,0.0579768175444015,0.0745856538052331,0.07025268896021701
VTR,0000740260-23-000070,2023-02-10,-0.3222123774877327,0.042323116684331315,0.022010034840700864
VTR,0000740260-24-000067,2024-02-15,0.3302754308913476,0.03377582471052663,0.02912325449131136
VTR,0000740260-25-000052,2025-02-13,0.242559630387982,0.06245404220638677,0.060776209563499266
VTRS,0001792044-23-000008,2023-02-27,-0.1413039913107738,0.1588277648435719,0.35239661350967916
VTRS,0001193125-23-127172,2023-04-28,0.0743839427440065,-0.030782087493984554,0.09165506736188672
VTRS,0001792044-24-000008,2024-02-28,-0.3775392257697095,0.14063464894761152,0.3475963135108511
VTRS,0001193125-24-118165,2024-04-26,-0.3452140208081139,0.024363717614612743,0.12689910110172958
VTRS,0001792044-25-000008,2025-02-27,0.5441548928113784,0.12071296194148273,0.3487243289037371
VTRS,0001140361-25-016679,2025-04-30,0.5550364920824038,0.02127291675869286,0.1487596200627559
VZ,0000732712-24-000010,2024-02-09,-0.129968397204681,0.02022274168815407,0.010460713598596998
VZ,0000732712-25-000006,2025-02-12,0.1488204349943973,0.027424572300859294,0.030747442014997458
WAB,0001628280-23-003675,2023-02-15,0.0548736693061393,0.033453073327658324,0.04581239794221014
WAB,0001628280-24-004774,2024-02-14,0.1584150585653305,0.0050295915375096825,0.02791311220715595
WAB,0001628280-25-005100,2025-02-12,0.2165361215876378,0.01571024288135867,0.028422225230220578
WAT,0001193125-23-050827,2023-02-27,-0.2030698775039121,0.06779909741384782,0.0495080163754617
WAT,0001193125-24-047491,2024-02-27,-0.0528041362961326,0.025322833207514137,0.027188091983593912
WAT,0001193125-25-034579,2025-02-25,-0.3258896668252341,0.049046795543518554,0.04535111956712077
WBD,0001437107-23-000019,2023-02-24,-0.738850981783847,0.03829856855187303,0.01608746129734793
WBD,0001437107-24-000017,2024-02-23,0.0337953664922168,0.07568982384474801,0.04867375595720155
WBD,0001437107-25-000031,2025-02-27,1.4039329297676824,0.0412000018689567,0.022268161144654734
WDAY,0001327811-23-000024,2023-02-27,0.3038438473595963,0.05865594589379848,0.06050428405952664
WDAY,0001327811-24-000044,2024-03-08,-0.1918410947478329,0.04615672538091459,0.05251057278714071
WDAY,0001327811-25-000056,2025-03-11,-0.6600163017082408,0.030568351475662697,0.025690329383716504
WDC,0000106040-23-000024,2023-08-22,0.2971334492433841,0.0333081368516844,0.03062974929259741
WDC,0000106040-24-000031,2024-08-20,0.4142795212895405,0.05897503222732113,0.034884262510111404
WEC,0000107815-23-000100,2023-02-23,-0.4095386542632597,0.028437124887210806,0.01302580672283722
WEC,0000107815-24-000095,2024-02-22,0.2175025492640563,0.027997053997130046,0.026898088806425104
WEC,0000107815-25-000103,2025-02-21,-0.0076249126322656,0.01619128914647443,0.02899036460362041
WELL,0000766704-23-000010,2023-02-21,-0.0239158058578721,0.060159000456323844,0.049795246417545104
WELL,0000766704-24-000008,2024-02-15,0.3981574487258974,0.07958444433154241,0.04351581574037462
WELL,0000766704-25-000009,2025-02-12,0.3204037998122087,0.08634919237958522,0.04716339936874162
WFC,0000072971-25-000066,2025-02-25,-0.0134147905862254,-0.023293326657127085,-0.004716052179443095
WM,0001558370-23-000964,2023-02-07,0.0559897562825673,-0.0424844295203285,0.00471347347525343
WM,0001558370-24-001049,2024-02-13,-0.0919076519837645,0.02760420424777755,0.015513173353038244
WM,0001558370-25-001132,2025-02-19,-0.1151860671788549,0.033174612237662625,0.01428253617730495
WMB,0000107263-23-000007,2023-02-27,-0.0786209515548927,-0.007273636067863749,0.032141118463473554
WMB,0000107263-24-000019,2024-02-21,0.5106975606910436,0.007611943993650873,0.02385861849546916
WMB,0000107263-25-000031,2025-02-25,0.2033405322099319,-0.062433218699717526,-0.03654294698216108
WMT,0000104169-23-000020,2023-03-17,-0.0124820580896485,0.0007484039793802036,0.024218549123425075
WMT,0000104169-24-000056,2024-03-15,0.3117057662693954,0.007174919535169688,0.019782170116540557
WMT,0000104169-25-000021,2025-03-14,0.2736682106126988,0.005595259623137391,0.03969679620187103
WRB,0000011544-23-000004,2023-02-24,0.0086336495284595,0.04305059798707984,0.024935960779600787
WRB,0000011544-24-000005,2024-02-23,-0.0796371467707413,0.037407125169726614,0.022567739349374973
WRB,0000011544-25-000005,2025-02-24,0.006693036316326,0.03509741245121626,0.019164194141368558
WSM,0001628280-23-009175,2023-03-24,1.3548044770643075,0.052747547082125056,0.06261893372256941
WSM,0001628280-24-012221,2024-03-20,0.0544897396461778,0.03937130370653407,0.059918258029421474
WSM,0001628280-25-015037,2025-03-27,-0.0350102049809741,0.06366744616730827,0.07583522807552961
WST,0000105770-23-000012,2023-02-21,-0.1149002834958097,0.007863489623522103,0.034148712866040765
WST,0000105770-24-000015,2024-02-20,-0.6194130634727648,0.016568258725125982,0.029016215544351003
WST,0000105770-25-000013,2025-02-18,0.0271619145577741,0.012884007922338951,0.02391003374004877
WTW,0000950170-23-004303,2023-02-24,-0.1089428346854499,0.03896208409739812,0.06388496520615203
WTW,0000950170-24-018575,2024-02-22,0.0288746479326444,0.040099704013112684,0.03879214227217275
WTW,0000950170-25-026278,2025-02-25,-0.2368498926205224,0.032737711347985414,0.02500436062763974
WY,0000950170-23-003217,2023-02-17,-0.1796422262535553,0.016518216387002883,0.017995287712086448
WY,0000950170-24-016434,2024-02-16,-0.305861607469491,0.02209926988491464,0.025184441508502367
WY,0000950170-25-021254,2025-02-14,-0.2221693163824686,0.014613045263998016,0.01313655461508273
WYNN,0001174922-23-000048,2023-02-27,-0.3038879545783567,0.07880292897519103,0.0578662606393007
WYNN,0001174922-24-000046,2024-02-23,-0.3011584428476876,0.054428391362486735,0.028217196384387754
WYNN,0001174922-25-000039,2025-02-13,0.3024011346449748,0.07187057258471143,0.03916265942269709
XEL,0000072903-23-000007,2023-02-23,-0.3769739278628476,0.0021704695594873327,0.047567590072780545
XEL,0000072903-24-000034,2024-02-21,0.0123494225105316,0.005606831271807545,0.028306615022412343
XEL,0000072903-25-000029,2025-02-27,0.0359557862257964,0.04057985940892801,0.030455755619371607
XOM,0000034088-23-000020,2023-02-22,-0.3134584154567926,0.03100277409203482,0.020980787873280445
XOM,0000034088-24-000018,2024-02-28,-0.1000519601043214,0.03830480048626105,0.019318468390281004
XOM,0000034088-25-000010,2025-02-19,0.2431270764543864,0.020310958896045096,0.00579838567961154
XYL,0001524472-23-000009,2023-02-24,-0.0551403160554322,0.013690061419013303,0.028190773705329856
XYL,0001524472-24-000006,2024-02-28,-0.1232680287615115,-0.029091835264436004,-0.04213422310895951
XYL,0001524472-25-000013,2025-03-03,-0.178134504831108,0.015324402767551204,0.019476467215828464
XYZ,0001628280-23-004840,2023-02-23,-0.2752074317869746,0.057402781802677015,0.017859528366014798
XYZ,0001628280-24-006354,2024-02-22,-0.2612741870973015,0.08310362405983607,0.05378948927244198
XYZ,0001628280-25-007376,2025-02-24,-0.3863518970164057,0.06412177230713892,0.03190064910038956
YUM,0001041061-23-000009,2023-02-27,-0.1761233851369674,0.012881884492670415,0.026611447470584634
YUM,0001041061-24-000011,2024-02-20,-0.0909235798974772,0.014047400238943134,0.04664220941503384
YUM,0001041061-25-000013,2025-02-19,-0.0100984317072467,-0.022498945374501617,0.0013261814828937478
ZBH,0000950170-23-004264,2023-02-24,-0.2604341368980056,-0.0053743703191943895,0.04118941498390506
ZBH,0000950170-24-019353,2024-02-23,-0.3665285629548075,0.029921731951027118,0.05062609526620607
ZBH,0000950170-25-026604,2025-02-25,-0.2235433270189002,0.020552701899390693,0.035111727356330454
ZBRA,0000877212-23-000025,2023-02-16,-0.4196774617087992,0.04615959518042168,0.05979146197051322
ZBRA,0000877212-24-000029,2024-02-15,-0.0921198379312113,0.03064233716589792,0.08762347172519958
ZBRA,0000877212-25-000027,2025-02-13,-0.3268152689415302,0.06296238814996916,0.06929321856198717
ZTS,0001555280-23-000074,2023-02-14,-0.1218405888611144,0.0028740518122550435,0.0019281764434447549
ZTS,0001555280-24-000143,2024-02-13,-0.3822179121202549,0.02031439442101418,0.03985821284948771
ZTS,0001555280-25-000102,2025-02-13,-0.3607047977530224,0.03698838064709536,0.02624383794722753
