ticker,accession_number,filing_date,realized_volatility_252d,ridge_regression_prediction,random_forest_regressor_prediction
A,0001090872-23-000020,2023-12-20,0.2585547017243382,0.3321614381242857,0.404798469954625
A,0001090872-24-000049,2024-12-20,0.3142382587315365,0.3224528547513833,0.28213247468178354
AAPL,0000320193-23-000106,2023-11-03,0.2249591970071276,0.34618046690273485,0.39621791522591915
AAPL,0000320193-24-000123,2024-11-01,0.3245109039686996,0.3392633504019564,0.38889171696008984
ABBV,0001551152-23-000011,2023-02-17,0.1895091886698361,0.3767389236625917,0.2802769041326351
ABBV,0001551152-24-000011,2024-02-20,0.2467078559909014,0.3824961316700882,0.2741395083458431
ABBV,0001551152-25-000020,2025-02-14,0.2647396369684137,0.38156091525474667,0.285737151678984
ABNB,0001559720-23-000003,2023-02-17,0.3775005838670737,0.38396145544744653,0.41604449565688556
ABNB,0001559720-24-000006,2024-02-16,0.3534387782629036,0.37549602599416515,0.4225615563205677
ABNB,0001559720-25-000010,2025-02-13,0.3807834506197521,0.3553198577287783,0.40360951502302256
ABT,0001628280-23-004026,2023-02-17,0.1985422279780109,0.35270239361322414,0.33426056101908497
ABT,0001628280-24-005348,2024-02-16,0.1918597015746302,0.3398796774337197,0.3138486179902939
ABT,0001628280-25-007110,2025-02-21,0.2336455189901855,0.3258242481462677,0.3249331132245349
ACGL,0000947484-23-000015,2023-02-24,0.2523327053270352,0.36591194697831353,0.35766081817703604
ACGL,0000947484-24-000020,2024-02-23,0.2310295802080234,0.36528586856797524,0.35784303991947247
ACGL,0000947484-25-000017,2025-02-27,0.2401745791463349,0.38202269384917553,0.36845259592198937
ACN,0001467373-23-000324,2023-10-12,0.2277983007668787,0.3192969679184535,0.2888438077437359
ACN,0001467373-24-000278,2024-10-10,0.2801069466100229,0.3279880501335789,0.2891837753179101
ADBE,0000796343-23-000007,2023-01-17,0.315097319757864,0.38582017388710077,0.378727277722689
ADBE,0000796343-24-000006,2024-01-17,0.366673831149206,0.4071463033272636,0.45196368714601554
ADBE,0000796343-25-000004,2025-01-13,0.3109864539124629,0.40071377784424167,0.3777021754216052
ADI,0000006281-23-000203,2023-11-21,0.3141402671768671,0.36025038712144963,0.39673020292156785
ADI,0000006281-24-000204,2024-11-26,0.3923726799474832,0.36469227156311623,0.3855942184893029
ADM,0000007084-23-000010,2023-02-14,0.3329042183665808,0.3276186282607998,0.3245259020147159
ADM,0000007084-24-000009,2024-03-12,0.2426335295444524,0.27140836615618547,0.27578651715143276
ADM,0000007084-24-000051,2024-11-18,0.2858760577855806,0.3156946763884411,0.306066516196023
ADM,0000007084-25-000011,2025-02-20,0.2855331770012534,0.39832481723551316,0.3346184748038727
ADP,0000008670-23-000030,2023-08-03,0.1791216909054847,0.3717097231579285,0.3861913143464591
ADP,0000008670-24-000024,2024-08-07,0.18879259045601,0.37603113283013123,0.3783745195251216
ADSK,0000769397-23-000036,2023-03-14,0.2681404207609685,0.3673736362820343,0.3851986103445828
ADSK,0000769397-24-000090,2024-06-10,0.2824213512499007,0.4024389033628465,0.39944980646428385
ADSK,0000769397-25-000019,2025-03-06,0.310877049482308,0.3236313340910283,0.3742041208562224
AEE,0001002910-23-000053,2023-02-22,0.2162119342546801,0.274928269195746,0.2706483756137483
AEE,0001002910-24-000056,2024-02-29,0.1771190290943582,0.2815269882041696,0.27088354576904555
AEE,0001002910-25-000055,2025-02-18,0.1679583067388767,0.2743214395048734,0.26837660810457553
AEP,0000004904-23-000011,2023-02-23,0.2099978746298921,0.328621409570669,0.2616050842480817
AEP,0000004904-24-000020,2024-02-26,0.1835231549331232,0.35827794240870575,0.2730495873229177
AEP,0000004904-25-000027,2025-02-13,0.1894999839620995,0.342912979771807,0.2670338209100459
AES,0000874761-23-000010,2023-03-01,0.3479012848175013,0.4328384093237748,0.3805306125629502
AES,0000874761-24-000011,2024-02-26,0.3822478593204448,0.470659247583711,0.4302912793064287
AES,0000874761-25-000013,2025-03-11,0.5047395336914251,0.4281061964434728,0.3685336898222667
AFL,0000004977-23-000055,2023-02-24,0.2100369565877412,0.3012988264190546,0.3216126454307689
AFL,0000004977-24-000053,2024-02-22,0.1891716175017929,0.3055935272277443,0.3077930076576854
AFL,0000004977-25-000047,2025-02-26,0.2062075818648777,0.2933019696924182,0.29676610075347953
AIG,0000005272-23-000007,2023-02-17,0.2566809111220198,0.36466219404380823,0.30068604779742436
AIG,0000005272-24-000023,2024-02-14,0.2088717749416876,0.3517737639415276,0.32766471294368427
AIG,0000005272-25-000012,2025-02-13,0.2620120445677993,0.34901676856405145,0.302793345964923
AIZ,0001267238-23-000007,2023-02-17,0.2698640962864345,0.30470154458399734,0.366445298465362
AIZ,0001267238-24-000008,2024-02-15,0.1988600305850746,0.30502204136687977,0.30413128968886544
AIZ,0001267238-25-000008,2025-02-20,0.2783304556299599,0.2810352776214641,0.2800062810375764
AJG,0000950170-23-002456,2023-02-10,0.1875259110498272,0.29755253066917,0.29023001820491845
AJG,0000950170-24-013370,2024-02-09,0.1775685234142583,0.3262586473109842,0.33301490357187263
AJG,0000950170-25-021775,2025-02-18,0.2762807400059623,0.3227311415729505,0.3108833830859414
AKAM,0001086222-23-000078,2023-02-28,0.2218084257655964,0.34935891439072525,0.3582536108674873
AKAM,0001086222-24-000040,2024-02-28,0.3684728672129451,0.36519115429934024,0.3862353908434911
AKAM,0001086222-25-000028,2025-02-24,0.4188758896431707,0.37597800876516346,0.3953818235867612
ALB,0000915913-23-000025,2023-01-26,0.4707075010106475,0.39504872818187725,0.4832087893348179
ALB,0000915913-23-000039,2023-02-15,0.4817838041706544,0.2802842055784837,0.41370299943887345
ALB,0000915913-24-000016,2024-02-15,0.5683952190757141,0.4647323927890658,0.4224018686531983
ALB,0000915913-24-000094,2024-03-28,0.5181671129654253,0.4245060864777842,0.5060852640560342
ALB,0000915913-25-000026,2025-02-12,0.6389607922022508,0.4569958318902199,0.41287628434754464
ALB,0000915913-25-000077,2025-03-31,0.64662250055314,0.4369025982322799,0.5062244491049834
ALGN,0001097149-23-000013,2023-02-27,0.4797852254573719,0.44232218030547227,0.4380505295717471
ALGN,0001097149-24-000011,2024-02-28,0.3656770075865268,0.44742290607076196,0.43262755998748487
ALGN,0001097149-25-000012,2025-02-28,0.5408818570792591,0.4051398856461621,0.41564320273124805
ALL,0000899051-23-000020,2023-02-16,0.2551358381088235,0.26826647205406184,0.2688924772408637
ALL,0000899051-24-000013,2024-02-21,0.2260631845835126,0.293245005710677,0.27265051140928603
ALL,0000899051-25-000015,2025-02-24,0.2621270835072164,0.27380220076588635,0.2809626878222266
ALLE,0001579241-23-000006,2023-02-22,0.2592886744040241,0.35656101402110535,0.31084864137669155
ALLE,0001579241-24-000006,2024-02-20,0.2020053627804221,0.3452920575489747,0.3285926017413315
ALLE,0001579241-25-000008,2025-02-18,0.2641282336903335,0.346786724532476,0.3261611465513298
AMAT,0000006951-23-000041,2023-12-15,0.4234686653211545,0.3538447581170633,0.38359625989692214
AMAT,0000006951-24-000044,2024-12-13,0.4548589541463145,0.3327662987414762,0.3644757981226536
AMCR,0001748790-23-000030,2023-08-17,0.222253635048422,0.3117304620388247,0.2844261248510423
AMCR,0001748790-24-000022,2024-08-16,0.2568503841002956,0.3453275541850195,0.3175382298564723
AMD,0000002488-23-000047,2023-02-27,0.464390627623727,0.42930652622362103,0.4211818791701459
AMD,0000002488-24-000012,2024-01-31,0.4649945632840649,0.42432900246598027,0.412946438939084
AMD,0000002488-25-000012,2025-02-05,0.6343781796326826,0.4071392587160481,0.4247710117519146
AME,0001037868-23-000012,2023-02-21,0.1763725790146372,0.3246930225341837,0.3016631148212599
AME,0001037868-24-000009,2024-02-22,0.2167461946559141,0.3061389871623212,0.3341236617624076
AME,0001037868-25-000012,2025-02-20,0.2276329504772546,0.3244701629398825,0.3023796317708923
AMGN,0000318154-23-000017,2023-02-09,0.2181947965319498,0.4124325222411024,0.3345896348245937
AMGN,0000318154-24-000011,2024-02-14,0.2569566419513341,0.4217406384325,0.3247052013397839
AMGN,0000318154-25-000010,2025-02-14,0.2887394459921753,0.39322551877955403,0.34090779870719434
AMP,0000820027-23-000014,2023-02-23,0.2445573610480348,0.3764956645415017,0.35654902799148425
AMP,0000820027-24-000015,2024-02-22,0.2215063878630982,0.37629427478873,0.3475895891045577
AMP,0000820027-25-000013,2025-02-20,0.3020971916534011,0.41790604568990186,0.4299695125990984
AMT,0001053507-23-000023,2023-02-23,0.2585542774407419,0.3564353029601153,0.40061828872343674
AMT,0001053507-24-000011,2024-02-27,0.2641761576030704,0.3495723654653615,0.3879256593681147
AMT,0001053507-25-000025,2025-02-25,0.2439905534590152,0.3220889714027755,0.3607583540922751
AMZN,0001018724-23-000004,2023-02-03,0.3060719181376843,0.316580131442551,0.3716307701418773
AMZN,0001018724-24-000008,2024-02-02,0.2700997889671023,0.318155592095592,0.3647777154231576
AMZN,0001018724-25-000004,2025-02-07,0.3506287524646151,0.3280714111935776,0.3806804837885849
ANET,0001596532-23-000016,2023-02-14,0.4528399690806746,0.3929940802390778,0.4148461633590675
ANET,0001596532-24-000043,2024-02-13,0.4721194745510969,0.3931359891126929,0.4019007784986329
ANET,0001596532-25-000028,2025-02-19,0.5346824720678177,0.42512795662116926,0.42273272081183455
AON,0001628280-23-004087,2023-02-17,0.1972609533761456,0.29115330132582645,0.29055834234034367
AON,0001628280-24-005392,2024-02-16,0.1919451728999303,0.3190479007121236,0.3253437815878642
AON,0001193125-24-099218,2024-04-17,0.2075915063407553,0.34137481783148904,0.327711606483296
AON,0001628280-25-006093,2025-02-18,0.2409780267027165,0.21732619413830476,0.2982804461855732
AOS,0000091142-23-000025,2023-02-14,0.2254353157275251,0.31629855975486326,0.3510180935517476
AOS,0000091142-24-000041,2024-02-13,0.2368465168489453,0.3309135555578453,0.36128566868177614
AOS,0000091142-25-000036,2025-02-11,0.2526121352859465,0.35421675542795666,0.37648397234835224
APA,0001784031-23-000007,2023-02-23,0.3677941616042584,0.41045780616074123,0.40831828463336606
APA,0001784031-24-000003,2024-02-22,0.357492758109746,0.4128599790288193,0.4102500438738669
APA,0002040266-25-000007,2025-02-28,0.5471397972561619,0.40402247507156885,0.4117701371531523
APD,0000002969-23-000047,2023-11-16,0.2803843278003015,0.3334269634332496,0.3616192691208803
APD,0000002969-24-000056,2024-11-21,0.2569736841041649,0.30334033814372663,0.28835000116702647
APH,0001558370-23-001036,2023-02-08,0.184257913913393,0.2838270194224377,0.35216265830621735
APH,0001558370-24-000866,2024-02-07,0.3084163260236218,0.3060052754926135,0.34806832940036625
APH,0001558370-25-000714,2025-02-07,0.396437106839074,0.29743617095243646,0.32306923495004475
APO,0001858681-23-000007,2023-03-01,0.3022237249929158,0.40506449977349174,0.37334871096837796
APO,0001858681-24-000031,2024-02-27,0.3282326554188476,0.30472538299183666,0.2940069515262857
APO,0001858681-25-000034,2025-02-24,0.4321113606966782,0.3445128109016528,0.29449446019465214
APP,0001751008-23-000006,2023-02-28,0.6269438098316416,0.357061297383019,0.4033724472530854
APP,0001751008-24-000012,2024-02-26,0.7999450878832745,0.36533412214634625,0.41959423454434175
APP,0001751008-25-000018,2025-02-27,0.8168530162184391,0.34398181769114566,0.37628974202997223
APTV,0001521332-23-000013,2023-02-08,0.3343993801277345,0.35043680857019893,0.3232377261167241
APTV,0001521332-24-000011,2024-02-06,0.3726819892139717,0.3472391397387404,0.3089452916019983
APTV,0001521332-24-000026,2024-03-28,0.373382433257332,0.4943200826324232,0.49739661473365754
APTV,0001521332-25-000010,2025-02-07,0.3723821550863297,0.3562186584979891,0.3255251510600632
ARE,0001035443-23-000099,2023-01-30,0.3475107865663233,0.44301840587224206,0.4144236307761862
ARE,0001035443-24-000072,2024-01-29,0.2624393695358122,0.4004862582026082,0.39481102998694884
ARE,0001035443-25-000067,2025-01-27,0.4024954112680595,0.4278557085813234,0.40052242464224125
ARES,0001628280-23-005081,2023-02-24,0.2817908806605449,0.39361686259175593,0.41600399564652635
ARES,0001628280-24-007014,2024-02-27,0.278244795005481,0.39818228452392634,0.40788894061378705
ARES,0001628280-25-008665,2025-02-27,0.4636624848073967,0.4013206972803538,0.4154365911862761
ATO,0000731802-23-000028,2023-11-14,0.1462088478550253,0.28171414014935436,0.28385817367178406
ATO,0000731802-24-000030,2024-11-18,0.1724883121886608,0.2909801174642226,0.28481449438312423
AVB,0000915912-23-000004,2023-02-24,0.2128131022249861,0.3944262962016626,0.3829162336459289
AVB,0000915912-24-000004,2024-02-23,0.1828390436379566,0.4134031521359869,0.40791092160191966
AVB,0000915912-25-000005,2025-02-27,0.2292776101841384,0.3955043199795569,0.40093710410824834
AVGO,0001730168-23-000096,2023-12-14,0.5272135996093501,0.39029941418458325,0.40795235573019134
AVGO,0001730168-24-000139,2024-12-20,0.532394393784245,0.4161567482562354,0.40582847459035243
AVY,0000008818-23-000002,2023-02-22,0.2076209981228934,0.3309165206473931,0.3391587951593031
AVY,0000008818-24-000003,2024-02-21,0.1876731093177532,0.3474467411868739,0.3674404151273199
AVY,0000008818-25-000003,2025-02-26,0.245713739172089,0.3204645025161421,0.3119201625060563
AWK,0001410636-23-000020,2023-02-15,0.2152695415226525,0.3341164026746608,0.28484855620912997
AWK,0001410636-24-000050,2024-02-14,0.208305158983492,0.3258842031984351,0.27941169403066773
AWK,0001410636-25-000022,2025-02-19,0.2400533227888072,0.329932584883706,0.36815716556305317
AXON,0001558370-23-002413,2023-02-28,0.3778922561395645,0.37980621136366316,0.38684318828283526
AXON,0001069183-24-000006,2024-02-27,0.5237973790279533,0.39270169328012344,0.423622290443321
AXON,0001069183-25-000019,2025-02-28,0.5290748731490794,0.4104980224388142,0.3801051581964515
AXON,0001069183-25-000075,2025-05-07,0.5482756334580464,0.4358036395022656,0.3962349813254369
AXP,0000004962-23-000006,2023-02-10,0.2401261742134967,0.3391457836930806,0.32313549792048085
AXP,0000004962-24-000013,2024-02-09,0.2359550121117815,0.3478354249563419,0.3175782681347363
AXP,0000004962-25-000016,2025-02-07,0.3165377543863509,0.35127080901642443,0.3126443703481886
AZO,0001558370-23-016668,2023-10-24,0.2011106114140519,0.3555260175077529,0.4029472050470451
AZO,0001558370-24-013758,2024-10-28,0.2202241972491818,0.35268762587106683,0.3982577786244969
BA,0000012927-23-000007,2023-01-27,0.3006745851211062,0.32184458020912926,0.3327587956840427
BA,0000012927-24-000010,2024-01-31,0.3113646315609159,0.3485689205163436,0.3367152986566374
BA,0000012927-25-000015,2025-02-03,0.3757536787452073,0.3659180418927119,0.40047868333932857
BALL,0000009389-23-000011,2023-02-21,0.3211167377821223,0.3495717057130873,0.3220344748723109
BALL,0001558370-24-001349,2024-02-20,0.2333182486594271,0.34586031220834634,0.32002817885459955
BALL,0001558370-25-001190,2025-02-20,0.2663529123885223,0.34113113459225114,0.3373319976572153
BAX,0001628280-23-002864,2023-02-09,0.2809129283239007,0.3503955447911616,0.32259225879717307
BAX,0001628280-24-003932,2024-02-08,0.2672505682682133,0.35604331966959246,0.3483362464746459
BAX,0001628280-25-007201,2025-02-21,0.467424617081444,0.3161096420797132,0.3162011449166771
BBY,0000764478-23-000006,2023-03-17,0.2655382668621213,0.3660421011627257,0.3783333912033928
BBY,0000764478-24-000010,2024-03-15,0.3561757040424262,0.37456328791787763,0.3923148848055923
BBY,0000764478-25-000007,2025-03-19,0.4201510493183781,0.36774960586753536,0.39148146488386026
BDX,0000010795-23-000098,2023-11-21,0.1818561632003459,0.3302828543333564,0.33164598693595404
BDX,0000010795-24-000084,2024-11-27,0.3007609439534888,0.3358849097532245,0.330637855881308
BEN,0000038777-23-000169,2023-11-14,0.2975507410226984,0.3234691761254609,0.36654334832957314
BEN,0000038777-24-000206,2024-11-12,0.3159408864110836,0.33161234587024485,0.3658054618347121
BF-B,0000014693-23-000074,2023-06-16,0.2612011454577284,0.3428958166432535,0.33816230330251734
BF-B,0000014693-24-000086,2024-06-14,0.3603610188324664,0.3104297771518091,0.2876287562277155
BG,0001996862-24-000007,2024-02-22,0.2489155080482336,0.3979866432178336,0.37855008365974124
BG,0001996862-25-000008,2025-02-20,0.3206664058203302,0.38706457398630445,0.36575816640461145
BIIB,0000875045-23-000009,2023-02-15,0.2272975386969272,0.3820555638080596,0.39609424290733686
BIIB,0000875045-24-000009,2024-02-14,0.2524555057668805,0.3856700242133512,0.39934077983493116
BIIB,0000875045-25-000009,2025-02-12,0.3428012193217883,0.37923812186340444,0.3780543543996724
BK,0001390777-23-000033,2023-02-27,0.2406568551930786,0.528721689421972,0.3922640858366455
BK,0001390777-24-000051,2024-02-28,0.1937317862859555,0.5072614850267911,0.3777580743142655
BK,0001390777-25-000046,2025-02-27,0.2436989177120288,0.519599069390744,0.38858295598734505
BKNG,0001075531-23-000016,2023-02-23,0.2677298105223745,0.3503158958358618,0.36432840492188345
BKNG,0001075531-24-000014,2024-02-22,0.2650882977020806,0.30167820553293484,0.33662271389842874
BKNG,0001075531-25-000010,2025-02-20,0.3103175148445176,0.3149874098696047,0.3205931691261388
BKR,0001701605-23-000044,2023-02-14,0.2671936192204918,0.37760632820397344,0.3616756972368486
BKR,0001701605-24-000033,2024-02-05,0.2770108765620752,0.3844732849915402,0.37270629649975423
BKR,0001701605-25-000035,2025-02-04,0.3639401255885098,0.3745151837997696,0.349447904749161
BLDR,0000950170-23-004939,2023-02-28,0.4152935779556369,0.3677155110285866,0.387833052528365
BLDR,0000950170-24-018584,2024-02-22,0.4337834228710442,0.3548848651718798,0.36900960798585253
BLDR,0000950170-25-023953,2025-02-20,0.4813529496446805,0.37305547398374156,0.3957672145287582
BMY,0000014272-23-000046,2023-02-14,0.1890831729712734,0.3523828627842041,0.32179057344468853
BMY,0000014272-24-000044,2024-02-13,0.2909550033039897,0.37856722185129854,0.3073198155238493
BMY,0000014272-25-000039,2025-02-12,0.2925087492543184,0.382957452534613,0.3066219322258068
BR,0001383312-23-000037,2023-08-08,0.1862246858900434,0.3151316265219979,0.32478986269448273
BR,0001383312-24-000039,2024-08-06,0.2161407685632947,0.32106932580977676,0.3203030333497548
BRK-B,0000950170-23-004451,2023-02-27,0.1340761570490245,0.41261870218274793,0.27052280000156986
BRK-B,0000950170-24-019719,2024-02-26,0.1535030155309306,0.429510369682635,0.2772854860402667
BRK-B,0000950170-25-025210,2025-02-24,0.1800109513833097,0.3997082261135614,0.26563479715275373
BRO,0000950170-23-004717,2023-02-27,0.1958311964588881,0.3549065788981187,0.3664062008283336
BRO,0000950170-24-018890,2024-02-22,0.1735351688876402,0.33614338435676094,0.37758589585207375
BRO,0000950170-25-019039,2025-02-13,0.2732836836921262,0.34381377750747877,0.37678134316996403
BSX,0000885725-23-000008,2023-02-23,0.1951948636926719,0.3334011134732767,0.28725441152250564
BSX,0000885725-24-000017,2024-02-20,0.1696960077958913,0.3336199140044227,0.2833898236427563
BSX,0000885725-25-000011,2025-02-18,0.3028336369139469,0.3173342240974311,0.2846662076467965
BX,0001193125-23-048733,2023-02-24,0.3318557323270162,0.40317866972952937,0.3922900418250987
BX,0001193125-24-044485,2024-02-23,0.2927272760224675,0.40683065339766233,0.4032251099126272
BX,0001193125-25-042469,2025-02-28,0.3979346720826942,0.412980392942212,0.4044474742932867
BXP,0001656423-23-000013,2023-02-27,0.4277960136883807,0.417527478026284,0.3997379160309309
BXP,0001656423-24-000007,2024-02-27,0.3023507538283359,0.3875896720586539,0.37553338919050705
BXP,0001656423-25-000009,2025-02-27,0.3152822089178352,0.40122426008629253,0.40012551998283724
CAG,0001437749-23-019879,2023-07-13,0.2025985232817405,0.35031860303547696,0.3058204237356226
CAG,0001558370-24-009764,2024-07-11,0.2497861641950066,0.3566143036479689,0.3008425517428568
CAH,0000721371-23-000060,2023-08-15,0.2185914546233417,0.2526509027388807,0.30412251772198146
CAH,0000721371-24-000056,2024-08-14,0.227151535046179,0.2989887415831601,0.35323180856107417
CARR,0001783180-23-000012,2023-02-07,0.2883478425215839,0.30953220802761,0.30294452740488437
CARR,0001783180-24-000009,2024-02-06,0.2883528188942386,0.3219585978230093,0.2985185007113284
CARR,0001783180-25-000008,2025-02-11,0.3414880788710902,0.2964419431933628,0.2965878296028075
CASY,0000726958-23-000059,2023-06-23,0.2815987784879321,0.3433530726293996,0.29723259078402825
CASY,0000726958-24-000046,2024-06-24,0.2964258778840014,0.3675466912106246,0.3009702273881006
CAT,0000018230-23-000011,2023-02-15,0.2856741177470687,0.33266917317948197,0.36128439326616046
CAT,0000018230-24-000009,2024-02-16,0.2651832889442181,0.3309646589852085,0.30646346639400884
CAT,0000018230-25-000008,2025-02-14,0.3340994939536149,0.31623841937535474,0.2872487576780263
CB,0000896159-23-000007,2023-02-24,0.1868096769626817,0.36079173355236005,0.38682372526210834
CB,0000896159-24-000003,2024-02-23,0.1838880964731859,0.3551089371062189,0.3010911467185288
CB,0000896159-25-000004,2025-02-27,0.2001191851814703,0.3574976555120954,0.3030269234311969
CBOE,0001558370-23-001489,2023-02-17,0.1761844274537087,0.37140493913458206,0.35620075001587653
CBOE,0001558370-24-001277,2024-02-16,0.2157327484202092,0.36294144960512165,0.3411321960321445
CBOE,0001628280-25-006984,2025-02-21,0.2169462999813077,0.3489417442748239,0.33842338003563016
CBRE,0001138118-23-000009,2023-02-27,0.2933219903752599,0.36301715368299886,0.384737570213441
CBRE,0001138118-24-000006,2024-02-20,0.2664897191997953,0.34154767381756773,0.36713563093306995
CBRE,0001138118-25-000005,2025-02-14,0.3315614911220505,0.34663623670872973,0.354182207350412
CCI,0001051470-23-000041,2023-02-24,0.2696281445315092,0.34522820843493723,0.4034574609776664
CCI,0001051470-24-000062,2024-02-23,0.2252359622462214,0.34912485483520106,0.37808905620514316
CCI,0001051470-25-000089,2025-03-14,0.2602380026357553,0.34584429706695086,0.37515616436135124
CCL,0000815097-23-000012,2023-01-27,0.4931912494155823,0.3738640848695507,0.3514930580416306
CCL,0000815097-24-000011,2024-01-26,0.4139761617011345,0.40985272655064475,0.410392494343063
CCL,0000815097-25-000007,2025-01-27,0.4792624014436294,0.4518650524195823,0.4377122819174851
CDNS,0000813672-23-000011,2023-02-13,0.2802979163395424,0.4167565226593606,0.44395876659487
CDNS,0000813672-24-000034,2024-02-14,0.3568227103805463,0.39104321247847446,0.3848855206194345
CDNS,0000813672-25-000024,2025-02-21,0.3964639082814268,0.3955353816888451,0.39472209941040687
CDW,0001402057-23-000052,2023-02-24,0.2380622860786327,0.36933500664710045,0.3861213321711288
CDW,0001402057-24-000015,2024-02-26,0.2786926419062863,0.37332927326456056,0.36642431801904385
CDW,0001402057-25-000018,2025-02-21,0.3413596876126146,0.3377517970628768,0.3631389278919049
CEG,0001868275-23-000014,2023-02-16,0.2673049150688882,0.3688050300074275,0.3618580427851605
CEG,0001868275-24-000014,2024-02-27,0.632730069974707,0.3846586072604798,0.3718296202306615
CEG,0001868275-25-000023,2025-02-18,0.5313790837459634,0.3950594360567241,0.38482762251656266
CF,0001324404-23-000006,2023-02-23,0.3024997729881617,0.32938537815448177,0.3978905498838226
CF,0001324404-24-000008,2024-02-22,0.3086720993738673,0.343734315106369,0.3868767213799549
CF,0001324404-25-000006,2025-02-20,0.3167980872865084,0.35113315865856104,0.39127671873614517
CFG,0000759944-23-000029,2023-02-17,0.4195874454700358,0.4220077045093827,0.40200600229402267
CFG,0000759944-24-000039,2024-02-16,0.2960668623620392,0.4121639964552282,0.3907010925919158
CFG,0000759944-25-000013,2025-02-13,0.3230629185481259,0.3960633326185694,0.37612904915662915
CHD,0000950170-23-003066,2023-02-16,0.1775329193858899,0.3992651840936581,0.3916243195298134
CHD,0000950170-24-015810,2024-02-15,0.1698288001258581,0.3861488733268781,0.39272637105793856
CHD,0000950170-25-019801,2025-02-13,0.227533774503274,0.38965908041103237,0.3926147393186195
CHRW,0001043277-23-000005,2023-02-17,0.2683537740418205,0.36362836762953976,0.3624817175617076
CHRW,0001043277-24-000011,2024-02-16,0.2968744813668326,0.38905617130918185,0.3762243340341038
CHRW,0001043277-25-000012,2025-02-14,0.4008730221126428,0.3614077665440296,0.36968557896187454
CHTR,0001091667-23-000024,2023-01-27,0.3101862955055514,0.3914683911023249,0.40462130548624825
CHTR,0001091667-24-000028,2024-02-02,0.3761110649364301,0.3982580599175062,0.3818404281007791
CHTR,0001091667-25-000034,2025-01-31,0.3996537585294529,0.40807181208899057,0.3914501315620079
CI,0001739940-23-000008,2023-02-23,0.3054408594160593,0.3498646705995521,0.276582910161053
CI,0001739940-24-000005,2024-02-29,0.2524158430086789,0.35288438695135516,0.26384760094244214
CI,0001739940-25-000009,2025-02-27,0.3263467816838882,0.30052768483214415,0.2792042867959458
CIEN,0000936395-23-000044,2023-12-15,0.4007918928288701,0.40222487028062553,0.38531679624472787
CIEN,0000936395-24-000044,2024-12-20,0.6056785570432414,0.3984746325409584,0.37139195849347983
CINF,0000020286-23-000008,2023-02-23,0.2281205493998981,0.22413392703348836,0.2687378857331674
CINF,0000020286-24-000014,2024-02-26,0.2286282901854288,0.24856551688501155,0.3028342126091037
CINF,0000020286-25-000009,2025-02-24,0.2355653268404939,0.23812922777170065,0.2919451023508766
CL,0000021665-23-000007,2023-02-16,0.1511547917873208,0.2685898704598655,0.3398735301432741
CL,0000021665-24-000003,2024-02-15,0.1643288649323233,0.24148348334480596,0.28725908873304606
CL,0000021665-25-000008,2025-02-13,0.2170592890429193,0.22354240823371158,0.2858462984319641
CLX,0000021076-23-000037,2023-08-10,0.2340477019288554,0.35769980765302767,0.365218505010126
CLX,0000021076-24-000030,2024-08-08,0.2095575348124558,0.3492029676156694,0.3502299568645113
CMCSA,0001166691-23-000010,2023-02-03,0.2344796400427486,0.39283056347077816,0.40537152948333804
CMCSA,0001166691-24-000011,2024-01-31,0.2605485644562883,0.3910234000755305,0.3845717265918253
CMCSA,0001166691-25-000011,2025-01-31,0.2551736761530428,0.3896311463247313,0.40206049188215337
CME,0001156375-23-000020,2023-02-27,0.177155557265098,0.34305505865971797,0.3859154793541513
CME,0001156375-24-000010,2024-02-28,0.1631422235531114,0.3422277936806383,0.38422270374823414
CME,0001156375-25-000021,2025-02-27,0.1928968120825859,0.3536178307158612,0.3811239667697476
CMG,0001058090-23-000010,2023-02-09,0.2540251281497605,0.33138964681953403,0.39916195791135833
CMG,0001562762-24-000023,2024-02-08,0.2933013420602526,0.33525386583120365,0.36523513757080184
CMG,0001058090-25-000014,2025-02-05,0.3907627901902996,0.33992015450126667,0.38701950915904715
CMI,0000026172-23-000005,2023-02-14,0.2421359700543391,0.3789063789803095,0.3886726166739947
CMI,0000026172-24-000012,2024-02-12,0.2451191373270587,0.3580421855982512,0.3967849603572741
CMI,0000026172-25-000007,2025-02-11,0.3387723398775158,0.32811758202294994,0.37927080236323424
CMS,0000811156-23-000014,2023-02-09,0.1994399781841641,0.33281561280342237,0.278364195364623
CMS,0000811156-24-000044,2024-02-08,0.1610196527078527,0.34630685067804273,0.2814893320995226
CMS,0000811156-25-000036,2025-02-11,0.1665919479841043,0.3447813241752394,0.27459598349446585
CNC,0001071739-23-000047,2023-02-21,0.2537482687700694,0.29485342785845753,0.30662464014245655
CNC,0001071739-24-000037,2024-02-20,0.3091666131272243,0.29497046843638186,0.2967102402945118
CNC,0001071739-25-000027,2025-02-18,0.6000131232614436,0.2981337027276528,0.2979446550630538
CNP,0001130310-23-000013,2023-02-17,0.1927356342254672,0.36251272143419777,0.29423764287160886
CNP,0001130310-24-000010,2024-02-20,0.2032584583894811,0.3833158453200053,0.29377715129388227
CNP,0001130310-25-000040,2025-02-20,0.1643315309138427,0.3436492053452779,0.29389522639522125
COF,0000927628-23-000117,2023-02-24,0.2922068551449661,0.35435342704652756,0.39274893779320885
COF,0000927628-24-000094,2024-02-23,0.3069957738923355,0.32788280155512595,0.33441900794666957
COF,0000927628-25-000092,2025-02-20,0.388508912756673,0.34734338809727294,0.352786001301302
COHR,0000820318-23-000016,2023-08-18,0.5401511372248545,0.4411491565207073,0.4037523170535887
COHR,0000820318-24-000016,2024-08-16,0.7018023024064303,0.4427078051308414,0.3976620037116325
COIN,0001679788-23-000031,2023-02-21,0.7926129013296893,0.3754301575474431,0.4145832042831958
COIN,0001679788-24-000022,2024-02-15,0.84680848082153,0.3492487458505057,0.4050763649602997
COIN,0001679788-25-000022,2025-02-13,0.7560484910837174,0.38229443785238326,0.3702846122927854
COO,0000711404-23-000072,2023-12-08,0.2533449703997733,0.37903443607076015,0.339935838215703
COO,0000711404-24-000074,2024-12-06,0.3650423085808116,0.3715488541822967,0.33933446551735025
COP,0001163165-23-000006,2023-02-16,0.266622174163778,0.45160129753735506,0.47572620583794467
COP,0001163165-24-000010,2024-02-15,0.2256149445190832,0.41563976084182264,0.36929023292560015
COP,0001163165-25-000012,2025-02-18,0.3509188029530024,0.4235891854738969,0.39043024824229133
COR,0001140859-23-000197,2023-11-21,0.1771809638193356,0.3060541587220046,0.349391841683857
COR,0001140859-24-000177,2024-11-26,0.214531483027024,0.25974731480754837,0.3351026515723283
COST,0000909832-23-000042,2023-10-11,0.1972150463322391,0.30361820650579036,0.33171399568783205
COST,0000909832-24-000049,2024-10-09,0.2141213406691251,0.3337552860470383,0.337839561427034
CPAY,0001628280-23-005444,2023-02-28,0.2760716719639299,0.5065958916947749,0.46853144772973676
CPAY,0001628280-24-008060,2024-02-29,0.2483595608810971,0.38982001309732733,0.3882416982423395
CPAY,0001628280-25-008746,2025-02-27,0.4135429516380543,0.401733462390564,0.3926832607019567
CPB,0000016732-23-000109,2023-09-21,0.2245016306532088,0.27819691369162736,0.2924804059931111
CPB,0000016732-24-000130,2024-09-19,0.2633024302617454,0.3304102510082651,0.37378147077372237
CPRT,0000900075-23-000034,2023-09-28,0.2095944822336972,0.36309234777430655,0.3069363982662463
CPRT,0000900075-24-000024,2024-09-30,0.2611945773566693,0.3595336483863041,0.31437666041830853
CPT,0000906345-23-000008,2023-02-23,0.2383575797960944,0.3818179270091577,0.38962837735216566
CPT,0000906345-24-000007,2024-02-22,0.2049306993647164,0.38706316215085795,0.3570973052340296
CPT,0000906345-25-000008,2025-02-20,0.2183103419936867,0.3880129814156606,0.38279403296570724
CRH,0001628280-24-007773,2024-02-29,0.2717443481286172,0.3737735716225844,0.29088692027808555
CRH,0001628280-24-011326,2024-03-15,0.2905302310807073,0.43051638146128307,0.49359563597566763
CRH,0001628280-25-008179,2025-02-26,0.3448407054549289,0.27025788894358194,0.2764382329035389
CRL,0001100682-23-000006,2023-02-22,0.3381151076336265,0.4060287259181746,0.35834809513164567
CRL,0001100682-24-000007,2024-02-14,0.354085805878639,0.4218739764552378,0.4152839819973374
CRL,0001100682-25-000011,2025-02-19,0.5507190716082698,0.38496713578056957,0.3912938400714416
CRM,0001108524-24-000005,2024-03-06,0.3605050832515787,0.3700120539085037,0.3715024431480751
CRM,0001108524-25-000006,2025-03-05,0.3493911845334566,0.3581493052340339,0.36852500336669697
CRWD,0001535527-23-000008,2023-03-09,0.4194108633255132,0.3974064561900405,0.4165559420256199
CRWD,0001535527-24-000007,2024-03-07,0.4723402459491139,0.3980840985130918,0.41070605619753847
CRWD,0001535527-25-000009,2025-03-10,0.4600234170589173,0.38426395513271505,0.41048779740009445
CSCO,0000858877-23-000023,2023-09-07,0.2011921774234873,0.3530516930295459,0.38146098057824523
CSCO,0000858877-24-000017,2024-09-05,0.22346648029128,0.37649715227348923,0.4192742585386851
CSGP,0001057352-23-000030,2023-02-22,0.2643569475809575,0.39128235479182,0.4132547088770421
CSGP,0001057352-24-000013,2024-02-22,0.294557414913501,0.4009783310197341,0.39298771064472793
CSGP,0001057352-25-000016,2025-02-20,0.3858479099527779,0.3972848476610664,0.41533719410215053
CSX,0000277948-23-000006,2023-02-15,0.1883476043580786,0.3277567317162722,0.3421212092519477
CSX,0000277948-24-000010,2024-02-14,0.2201744327901242,0.3160681469279871,0.3073844605008752
CSX,0000277948-25-000008,2025-02-27,0.2346053896758196,0.34086045364145695,0.35758411356148384
CTAS,0000723254-23-000025,2023-07-27,0.1890282127063984,0.31031297812118674,0.35684584425710764
CTAS,0000723254-24-000036,2024-07-25,0.2487755035133425,0.33750745935786847,0.33885044058008285
CTSH,0001058290-23-000027,2023-02-15,0.2191454588430608,0.3551863376631076,0.3186157889205532
CTSH,0001058290-24-000017,2024-02-14,0.2034289635668115,0.3607267089325274,0.32224358442513656
CTSH,0001058290-25-000017,2025-02-12,0.2982572790763891,0.3751187077373349,0.39821728013895885
CTVA,0001755672-23-000005,2023-02-09,0.3149534364608451,0.3018445247920447,0.2851348333884582
CTVA,0001755672-24-000004,2024-02-08,0.2345145157852913,0.32280566970106356,0.35513409990439054
CTVA,0001755672-25-000005,2025-02-14,0.2569323411351273,0.33101896852643925,0.2839580524216092
CVNA,0001690820-23-000052,2023-02-23,1.350703627105702,0.3618888744454788,0.3853011027909885
CVNA,0001690820-24-000093,2024-02-22,0.7685323787048948,0.3557543186588981,0.38788430357833686
CVNA,0001690820-25-000074,2025-02-19,0.7444406197528985,0.32171116659105337,0.3557330416316171
CVS,0000064803-23-000009,2023-02-08,0.2505876025045156,0.3334067451833835,0.299467594233687
CVS,0000064803-24-000007,2024-02-07,0.3702905275224805,0.35574763747861915,0.27948426457497066
CVS,0000064803-25-000007,2025-02-12,0.3067421773685992,0.353703614078563,0.2824906679969792
CVX,0000093410-23-000009,2023-02-23,0.2198353689024136,0.41812223801338355,0.38410823534355293
CVX,0000093410-24-000013,2024-02-26,0.1920599693989508,0.41173977895528713,0.35831225736516475
CVX,0000093410-25-000009,2025-02-21,0.2501555273145732,0.418416053419971,0.3871252430113926
D,0000950170-23-003287,2023-02-21,0.2361984786877335,0.32536477050373896,0.26043988512760613
D,0000950170-24-019110,2024-02-23,0.2274427764031028,0.32398131434798433,0.2672636611439019
D,0000950170-25-028387,2025-02-27,0.2150721464414581,0.31774706960861954,0.2791881901284594
DAL,0000027904-23-000003,2023-02-10,0.311306191900923,0.3515600718984075,0.3398174274305007
DAL,0000027904-24-000003,2024-02-12,0.3249768197225314,0.35947890392529935,0.32788145471967073
DAL,0000027904-25-000004,2025-02-11,0.509281725484424,0.36736895376732626,0.3370617715510252
DASH,0001628280-23-005131,2023-02-27,0.3955203518740479,0.30227247055731987,0.38207433623425385
DASH,0001628280-24-005600,2024-02-20,0.322786237800796,0.3073908577737815,0.3476225807180074
DASH,0001628280-25-005715,2025-02-14,0.4625991694013925,0.31371396299959403,0.3435148777186876
DD,0001666700-23-000008,2023-02-15,0.2741302327279564,0.35158472005220476,0.3612044141439357
DD,0001666700-24-000008,2024-02-15,0.2174914043188754,0.3273171794247038,0.33701850823709256
DD,0001666700-25-000005,2025-02-14,0.3627162062655139,0.32349463042592935,0.3278261105558012
DDOG,0001561550-23-000006,2023-02-24,0.5433181289574617,0.37216698430687317,0.40769044602798615
DDOG,0001561550-24-000009,2024-02-23,0.3787254567572371,0.36367982543741945,0.3962481531287554
DDOG,0001561550-25-000025,2025-02-20,0.5445459361488149,0.3791716229558705,0.4086521497535972
DE,0001558370-23-019812,2023-12-15,0.2338837730161277,0.4170308998532136,0.4381516419113751
DE,0001558370-24-016169,2024-12-12,0.2780645781251446,0.39426072517363614,0.35933283146051886
DECK,0000910521-23-000016,2023-05-26,0.3856540769248445,0.3845461896626146,0.4002714342971823
DECK,0000910521-24-000017,2024-05-24,0.5188619995097159,0.3855621711357826,0.3924615589387338
DELL,0001571996-23-000007,2023-03-30,0.4860247672954486,0.3805843620908139,0.4363564113561651
DELL,0001571996-24-000036,2024-03-25,0.528388372468385,0.3697022454479728,0.3722910275964932
DELL,0001571996-25-000034,2025-03-25,0.558999949695145,0.3289595059257248,0.3705381933206966
DG,0001558370-23-004574,2023-03-24,0.3693843414031708,0.3309549503425488,0.257346681113841
DG,0001558370-24-003813,2024-03-25,0.4555893629447332,0.318497750986606,0.2940126041945631
DG,0001558370-25-003413,2025-03-21,0.3761838637647747,0.30852838589560816,0.2842050036949629
DGX,0001022079-23-000018,2023-02-21,0.1835547777264307,0.3714349441557704,0.365463638947714
DGX,0001022079-24-000041,2024-02-22,0.2056711200219467,0.3492486048001697,0.34037713812811177
DGX,0001022079-25-000044,2025-02-20,0.2393795892269048,0.37234293917579264,0.37426752583507866
DHI,0000882184-23-000115,2023-11-17,0.327714494403817,0.2803134973815999,0.39087655174932595
DHI,0000882184-24-000057,2024-11-19,0.3759557751571823,0.28183272339793825,0.37041614985424337
DHR,0000313616-23-000087,2023-02-22,0.2368826543500721,0.3282352643197219,0.30288042639056734
DHR,0000313616-24-000052,2024-02-21,0.2373895958524354,0.35985057134812576,0.3266740992103144
DHR,0000313616-25-000043,2025-02-20,0.3180515303087664,0.34997855092871144,0.32101710956438034
DIS,0001193125-23-014219,2023-01-24,0.2589709723302617,0.3845587079659983,0.3420914105967489
DIS,0001744489-23-000216,2023-11-21,0.2610545516870128,0.28047533057330637,0.3098300695919242
DIS,0001744489-24-000064,2024-01-24,0.2533798070780381,0.4323232066865291,0.5135030086301543
DIS,0001744489-24-000276,2024-11-14,0.2971423069839069,0.2971537088519665,0.3739791433774158
DLR,0001558370-23-002087,2023-02-27,0.3196088296028046,0.42606272860966654,0.3929985379238223
DLR,0001558370-24-001575,2024-02-23,0.2671779123922729,0.42538022367118444,0.39135199208356464
DLR,0001558370-25-001424,2025-02-25,0.2534656755077971,0.4010220892079278,0.39308963481412296
DLTR,0000935703-23-000016,2023-03-10,0.2979331083449224,0.35143248964805746,0.41010925029995554
DLTR,0000935703-24-000011,2024-03-20,0.417362463451664,0.30899542412681236,0.36531162697354597
DLTR,0000935703-25-000015,2025-03-26,0.420259785937129,0.355658053230335,0.4026182145904592
DOC,0001628280-23-002794,2023-02-08,0.293228241496437,0.3638275615524853,0.38591690625691916
DOC,0001628280-24-004094,2024-02-09,0.2266003207163648,0.3734767418080406,0.3707811501900016
DOC,0001628280-25-003748,2025-02-04,0.2356064105064166,0.4254749666733203,0.437783282492089
DOV,0000029905-23-000008,2023-02-10,0.2193225952964671,0.28213121169258953,0.29059333212735566
DOV,0000029905-24-000008,2024-02-09,0.2045754947953452,0.38979823445583905,0.3420257714289145
DOV,0000029905-25-000006,2025-02-14,0.2824291974892569,0.2621807515575656,0.3014230072492223
DOW,0001751788-23-000014,2023-02-01,0.2142113182380567,0.3953995751725426,0.3556765879382967
DOW,0001751788-24-000010,2024-01-31,0.2157973800038541,0.3838116757214829,0.3345005314687853
DOW,0001751788-25-000012,2025-02-04,0.5077204583608141,0.37045657298828044,0.324309730498693
DPZ,0000950170-23-003938,2023-02-23,0.2684117395309784,0.3444341183036266,0.39007042974634537
DPZ,0000950170-24-019725,2024-02-26,0.2901264186276326,0.3403002376420399,0.38098497141968934
DPZ,0000950170-25-025223,2025-02-24,0.2616352732096747,0.3536541128462641,0.3821380259163736
DRI,0000940944-23-000037,2023-07-21,0.1902527181317148,0.3757259435034343,0.3319273684138643
DRI,0000940944-24-000035,2024-07-19,0.3021087858297769,0.3783834456375144,0.3361475564778084
DTE,0000936340-23-000073,2023-02-23,0.1957110143676863,0.31474983910151844,0.31697673803634124
DTE,0000936340-24-000076,2024-02-08,0.1832115846564013,0.3126432604854069,0.3070867889275762
DTE,0000936340-25-000065,2025-02-13,0.1684417773597648,0.3105942310849576,0.31965534443171395
DUK,0001326160-23-000073,2023-02-27,0.1836825126486445,0.3402477921129076,0.2669803317528631
DUK,0001326160-24-000037,2024-02-23,0.1652443450087505,0.34828886567564854,0.26350562320621873
DUK,0001326160-25-000072,2025-02-27,0.1638960417045097,0.3484784636735994,0.26203696768244733
DVA,0000927066-23-000011,2023-02-22,0.3699359201067067,0.36386630305750794,0.3815866269773158
DVA,0000927066-24-000013,2024-02-14,0.3000448800528031,0.3573908142767895,0.36018053417817153
DVA,0000927066-25-000012,2025-02-13,0.38848911116013,0.33570710609482785,0.3507525842517427
DVN,0000950170-23-002852,2023-02-15,0.3130417624819935,0.3870049099654624,0.3758919708044775
DVN,0000950170-24-021781,2024-02-28,0.2787898690082936,0.40377818264380844,0.39642937292612934
DVN,0000950170-25-022844,2025-02-19,0.4179764913143506,0.4030701880867435,0.39626803680488415
DXCM,0001093557-23-000024,2023-02-09,0.4023088293067933,0.4280985453283294,0.43228597199302676
DXCM,0001093557-24-000021,2024-02-08,0.5461535514262086,0.4181116629533682,0.4303518714150249
DXCM,0001093557-25-000036,2025-02-18,0.4501759176100601,0.4063781294622228,0.4373772501855255
EA,0000712515-23-000028,2023-05-24,0.1846587100079541,0.38010451601928197,0.42065957830517137
EA,0000712515-24-000023,2024-05-22,0.2806935018596518,0.3668163122079192,0.3718685663754062
EA,0000712515-25-000022,2025-05-13,0.218981231423501,0.38001326190505635,0.40568642589865783
EBAY,0001065088-23-000006,2023-02-23,0.2619405754026293,0.3608089181235897,0.40101583585688233
EBAY,0001065088-24-000036,2024-02-28,0.2646066702119254,0.3319490331892605,0.36182032038299494
EBAY,0001065088-25-000037,2025-02-27,0.3790487137404636,0.3423723551819291,0.3781948334782042
ECL,0001558370-23-001969,2023-02-24,0.1925128433158989,0.3160953947770302,0.3006835795321567
ECL,0001558370-24-001581,2024-02-23,0.1789787603490077,0.3015525136276059,0.3117340691274871
ECL,0001558370-25-001263,2025-02-21,0.2013389120715804,0.2926780256335064,0.29343657356720443
ED,0001047862-23-000038,2023-02-16,0.1785403919773011,0.3517594290620842,0.4055074477247046
ED,0001047862-24-000012,2024-02-15,0.1712909616356248,0.3316182057650525,0.37854496064644017
ED,0001047862-25-000011,2025-02-20,0.1931684963209824,0.34139153880277523,0.3644355526167316
EFX,0000033185-23-000012,2023-02-23,0.2740015635184563,0.329246102430794,0.3248589010431997
EFX,0000033185-24-000017,2024-02-22,0.2914637424836805,0.3266996931154148,0.3085515031966915
EFX,0000033185-25-000025,2025-02-20,0.3837353031405345,0.32756895471046743,0.3205420367977054
EG,0001095073-23-000007,2023-02-24,0.2620578075759845,0.16104382431013906,0.26500935751342386
EG,0001095073-24-000009,2024-02-28,0.23730972390777,0.38769932134346335,0.40132095262517997
EG,0001095073-25-000015,2025-02-27,0.2574694255053423,0.3027630801824076,0.2929481164590013
EIX,0000827052-23-000010,2023-02-23,0.219546109585153,0.34700585087820607,0.29401260898659987
EIX,0000827052-24-000013,2024-02-22,0.2668349852150762,0.3121816473134251,0.2887412076152777
EIX,0000827052-25-000022,2025-02-27,0.2938838884107918,0.3420871982694943,0.2951670180373739
EL,0001001250-23-000112,2023-08-18,0.4368278081633511,0.35570763695200736,0.36988257089071513
EL,0001001250-24-000116,2024-08-19,0.5214688809920083,0.3134811151413152,0.30633876820350886
ELV,0001156039-23-000007,2023-02-15,0.2282281804753956,0.27897385300958144,0.2737559921076105
ELV,0001156039-24-000015,2024-02-21,0.2444593443949267,0.31294145714245986,0.339549118525643
ELV,0001156039-25-000010,2025-02-20,0.3939920623331785,0.2863399438307414,0.27390675223244604
EME,0000105634-23-000005,2023-02-23,0.2523785553260472,0.3539310238782559,0.38092577716855774
EME,0000105634-24-000006,2024-02-28,0.3784053970786097,0.35090949234920643,0.35536651694602917
EME,0000105634-25-000015,2025-02-26,0.4098279592041809,0.34717364280245344,0.3692682711928479
EMR,0000032604-23-000044,2023-11-13,0.2601850764996773,0.29366984531567664,0.29564722581472863
EMR,0000032604-24-000041,2024-11-12,0.2967155746415113,0.3178095108219252,0.3391654806421131
EOG,0000821189-23-000015,2023-02-23,0.2821112817215425,0.38469265256211665,0.4235710580433554
EOG,0000821189-24-000011,2024-02-22,0.2218601601384041,0.3736473383712145,0.41947133361606964
EOG,0000821189-25-000011,2025-02-27,0.2988391661662739,0.37063586141260146,0.41547507564891234
EPAM,0001352010-23-000013,2023-02-24,0.4108991853948048,0.3681908504460749,0.3674934778275873
EPAM,0001352010-24-000008,2024-02-22,0.4436392980160588,0.385192972547081,0.3696043923546744
EPAM,0001352010-25-000007,2025-02-28,0.4708346572159771,0.38473156380588164,0.3900777786608976
EQIX,0001628280-23-004039,2023-02-17,0.242321306588452,0.4265777604942599,0.3975663552865823
EQIX,0001628280-24-005350,2024-02-16,0.2466581120394412,0.49207851391156243,0.42567717041943726
EQIX,0001628280-25-005126,2025-02-12,0.2889093601950216,0.429754266821639,0.3943307289314717
EQR,0000950170-23-003060,2023-02-16,0.2105382124353308,0.4200765216859038,0.376172494043868
EQR,0000950170-24-015907,2024-02-15,0.1952644243891175,0.4217900641729225,0.36721388354923873
EQR,0000950170-25-019894,2025-02-13,0.2325325700466723,0.4227556683105409,0.40391408047684785
EQT,0000033213-23-000008,2023-02-16,0.3473311057110336,0.3661306763648838,0.43218193344598527
EQT,0000033213-24-000008,2024-02-14,0.3467447059523081,0.38989976393649445,0.4221181919294756
EQT,0000033213-25-000011,2025-02-19,0.3739586444155652,0.409985526192867,0.4200538174266994
ERIE,0000922621-23-000007,2023-03-01,0.3029040252938166,0.2662440776018058,0.3129579880570009
ERIE,0000922621-24-000006,2024-02-26,0.2944475493522148,0.2484885543618897,0.2977109614392531
ERIE,0000922621-25-000004,2025-02-27,0.3261130453376415,0.2739178016865692,0.304726446585569
ES,0000072741-23-000004,2023-02-15,0.2583109909752707,0.32689305805293933,0.2707459833069541
ES,0000072741-24-000005,2024-02-14,0.2199342380909028,0.31385554208493777,0.33778879522242783
ES,0000072741-25-000007,2025-02-14,0.2655609611153781,0.3021562315035693,0.26948857568336637
ESS,0000920522-23-000005,2023-02-23,0.244069023604372,0.41419505609650864,0.40888579160153504
ESS,0000920522-24-000033,2024-02-23,0.2083214571130361,0.42386065997913364,0.3891223186580799
ESS,0000920522-25-000024,2025-02-21,0.24617722578501,0.41143944867252524,0.3858657740664244
ETN,0001551182-23-000004,2023-02-23,0.2656405516382489,0.30590938592285866,0.3035720214668976
ETN,0001551182-24-000006,2024-02-29,0.3272861652981651,0.32235809505892804,0.31190151946959976
ETN,0001551182-25-000006,2025-02-27,0.3445489512184537,0.32047332523484184,0.31002171937916934
ETR,0000065984-23-000014,2023-02-24,0.2014078475538903,0.260789891822135,0.30536806919748016
ETR,0000065984-24-000012,2024-02-23,0.2488735954338657,0.2619724115275462,0.29732601947763604
ETR,0000065984-25-000012,2025-02-18,0.2034784273659321,0.31299023138204995,0.2824637532457891
EVRG,0001711269-23-000011,2023-02-24,0.2069115430246248,0.33584080323664345,0.2872604924218331
EVRG,0001711269-24-000007,2024-02-29,0.1514272609809951,0.3407334744800085,0.2848732048829845
EVRG,0001711269-25-000004,2025-02-27,0.1700356973825418,0.36502179635871007,0.35873749324553855
EW,0001099800-23-000005,2023-02-13,0.2889545963917462,0.3509714708372216,0.3463010532830835
EW,0001099800-24-000004,2024-02-12,0.4060076885836485,0.37625791766138683,0.3681794131583902
EW,0001099800-25-000005,2025-02-28,0.2337876021036769,0.3591130873398617,0.3639326099573472
EXC,0001109357-23-000018,2023-02-14,0.2144919899647959,0.36257743824048577,0.28695471560424424
EXC,0001109357-24-000053,2024-02-21,0.1763881122316585,0.330220717621384,0.2612901746775812
EXC,0001109357-25-000043,2025-02-12,0.1914169304814319,0.3354120918029182,0.2725683807957458
EXE,0000895126-23-000022,2023-02-22,0.2841355138532768,0.40183832939110886,0.4346835581263597
EXE,0000895126-24-000013,2024-02-21,0.2299292256233318,0.36153443108766464,0.39600341689476715
EXE,0000895126-25-000021,2025-02-26,0.3378727788967089,0.4095579628075469,0.433391456001648
EXPD,0000950170-23-005412,2023-03-01,0.2176640794083512,0.3631953800282183,0.38076758639378205
EXPD,0000950170-24-019394,2024-02-23,0.1885796789040553,0.37232986804949136,0.39276312268130154
EXPD,0000950170-25-024750,2025-02-21,0.3305084623139336,0.3608678451344839,0.39148843752387796
EXPE,0001324424-23-000007,2023-02-10,0.4430954152435318,0.3418487348537541,0.37961309101610824
EXPE,0001324424-24-000007,2024-02-09,0.3703051602566776,0.3413475595740444,0.37264593726156164
EXPE,0001324424-25-000008,2025-02-07,0.4741190077976097,0.35808824825047475,0.3758806625036133
EXR,0001628280-23-005628,2023-02-28,0.3111511271838263,0.3434041032950205,0.4071006016145659
EXR,0001628280-24-008044,2024-02-29,0.2484019566746515,0.3758660732542764,0.3921539246660695
EXR,0001628280-25-009060,2025-02-28,0.2667196260138171,0.3618569419375655,0.39963201845195256
F,0000037996-23-000012,2023-02-03,0.3375918953565547,0.3783956895788898,0.34654361151492974
F,0000037996-24-000009,2024-02-07,0.3571675148074052,0.3935848356566761,0.3696926342007859
F,0000037996-25-000013,2025-02-06,0.3219348920923811,0.4095225310230519,0.4163994089847872
FANG,0001539838-23-000022,2023-02-23,0.2845653644221875,0.40024780721085046,0.42219957265197045
FANG,0001539838-24-000019,2024-02-22,0.2694908224851359,0.4008579604466421,0.415488434678027
FANG,0001539838-25-000021,2025-02-26,0.3952594310199641,0.4086553492917191,0.42683443015190986
FAST,0000815556-23-000009,2023-02-07,0.2008104611476436,0.2491604248877542,0.2605815319719808
FAST,0000815556-24-000009,2024-02-06,0.2236480955067932,0.31564772967569277,0.34915211059646634
FAST,0000815556-25-000065,2025-02-06,0.2586700027457861,0.2812860542938951,0.2777852654273282
FCX,0000831259-23-000013,2023-02-15,0.3512248330996107,0.7069952171096907,0.5072384841655362
FCX,0000831259-24-000011,2024-02-16,0.3447861111853878,0.44519147003505843,0.39713307490642974
FCX,0000831259-25-000006,2025-02-14,0.5069642938223863,0.43727335624811126,0.39813470330419504
FDS,0001013237-23-000128,2023-10-27,0.2080855726304753,0.370441053706139,0.4071557964798043
FDS,0001013237-24-000141,2024-10-29,0.2644051020430474,0.34486483112079386,0.38757272379584595
FDX,0000950170-23-033201,2023-07-17,0.2864977111699657,0.42689515858553817,0.4070755863361599
FDX,0000950170-24-083577,2024-07-15,0.3415659440791215,0.39762503225468565,0.3531504335336621
FE,0001031296-23-000014,2023-02-13,0.2022358263561551,0.34155803860440814,0.34577155335874343
FE,0001031296-24-000008,2024-02-13,0.1498150578023697,0.337473915250144,0.34639658749606356
FE,0001031296-25-000006,2025-02-27,0.1647246418803385,0.33119154018302865,0.3468738907405297
FFIV,0001048695-23-000039,2023-11-14,0.2564127675119896,0.38733581334169065,0.3947243077688636
FFIV,0001048695-24-000185,2024-11-18,0.3179567905914648,0.3636483993664331,0.3971268578748298
FICO,0000814547-23-000022,2023-11-08,0.3019393590858985,0.38899703175552836,0.3994783622370414
FICO,0001628280-24-045719,2024-11-06,0.4775260156902225,0.3811103987008352,0.368902651203865
FIS,0001136893-23-000028,2023-02-27,0.3124889738917637,0.3381773655387656,0.36241841372812456
FIS,0001136893-24-000015,2024-02-26,0.2264522768271337,0.3545293616174923,0.3664692095137972
FIS,0001136893-25-000014,2025-02-13,0.2972945348541926,0.37306311918077584,0.3679169065336499
FISV,0000798354-23-000004,2023-02-23,0.1889867365434647,0.35682683720457664,0.3606322971788897
FISV,0000798354-24-000037,2024-02-22,0.1940809670159858,0.3307124952996009,0.3509517793228098
FISV,0000798354-25-000047,2025-02-20,0.603283442139362,0.3337989306682838,0.35503228562408085
FITB,0000035527-23-000122,2023-02-24,0.3870348441431089,0.3516302259512362,0.3570829374483488
FITB,0000035527-24-000088,2024-02-27,0.2438013886906198,0.362460917887525,0.38801524747609895
FITB,0000035527-25-000079,2025-02-24,0.2921425860460596,0.363266761236799,0.3627346599514123
FIX,0001558370-23-001757,2023-02-22,0.3833184064633243,0.31298651154854945,0.34562534186289073
FIX,0001558370-24-001529,2024-02-22,0.5382870885102518,0.32190977939996757,0.3247262629864282
FIX,0001558370-25-001222,2025-02-20,0.5517755959239528,0.34794758177815494,0.34979168775797337
FOX,0001628280-23-029065,2023-08-11,0.2198367634787674,0.40207439407729567,0.3893659772331977
FOX,0001628280-24-036123,2024-08-08,0.2656297000198092,0.3746210873302029,0.388848189720241
FOXA,0001628280-23-029065,2023-08-11,0.2275365719547734,0.40207439407729567,0.3893659772331977
FOXA,0001628280-24-036123,2024-08-08,0.2649056501452307,0.3746210873302029,0.388848189720241
FRT,0000034903-23-000020,2023-02-08,0.2339190590691927,0.3632334393651744,0.39961171088785175
FRT,0000034903-24-000032,2024-02-12,0.1787848676716449,0.3625622623381284,0.3933331866009994
FRT,0000034903-25-000016,2025-02-13,0.2304362893043008,0.3745159098610824,0.4083593066575953
FSLR,0001274494-23-000002,2023-02-28,0.5230113087694542,0.35287293915504536,0.4048416146066721
FSLR,0001274494-24-000004,2024-02-27,0.543047707179049,0.36507288056840737,0.40531077845549923
FSLR,0001274494-25-000010,2025-02-25,0.6524286030617753,0.35935988768318194,0.3892093932258482
FTNT,0001262039-23-000010,2023-02-24,0.3918145565622127,0.37584445046761583,0.4057195750362253
FTNT,0001262039-24-000014,2024-02-26,0.3781750711447028,0.3396145992892134,0.3925529630548217
FTNT,0001262039-25-000011,2025-02-21,0.4250542893690483,0.38041082582593855,0.3978344014159081
FTV,0001659166-23-000080,2023-02-28,0.2222652819227616,0.27781902383247326,0.28101416943842317
FTV,0001659166-24-000046,2024-02-27,0.2087075540977586,0.34929976742304647,0.35297450585413864
FTV,0001659166-25-000024,2025-02-25,0.2986484338633677,0.3024485514719079,0.28722447204586865
GD,0000040533-23-000014,2023-02-07,0.1790208672562798,0.348008735705548,0.299362963242042
GD,0000040533-24-000007,2024-02-08,0.179549444035035,0.3548682055001536,0.3071469110616261
GD,0000040533-25-000008,2025-02-07,0.2171635182312978,0.35238062685914817,0.29895708864925014
GDDY,0001609711-23-000031,2023-02-16,0.2508537259014978,0.3795697546426309,0.33621907639397236
GDDY,0001609711-24-000022,2024-02-29,0.278282227987517,0.40216776058111386,0.3873218765474072
GDDY,0001609711-25-000023,2025-02-20,0.3068852161809072,0.388173236556296,0.368346005168653
GE,0000040545-23-000023,2023-02-10,0.22320202954317,0.33220648865575236,0.37223811025554276
GE,0000040545-24-000027,2024-02-02,0.3139932245213819,0.2934142359662935,0.3000413971960757
GE,0000040545-25-000015,2025-02-03,0.3101617265810318,0.25538145436519993,0.28762882449555877
GEHC,0001932393-23-000025,2023-02-15,0.2908828348725928,0.3764049571513096,0.3274542829751205
GEHC,0001932393-24-000013,2024-02-06,0.2604459673950849,0.3753913596874896,0.3116619213675261
GEHC,0001932393-25-000005,2025-02-13,0.3615634452200223,0.36523095064004296,0.3354467643400912
GEN,0000849399-23-000014,2023-05-25,0.3244309960049363,0.3853851871839948,0.3945557689464264
GEN,0000849399-24-000036,2024-05-16,0.2723095889083742,0.3492004950420698,0.4121927443965795
GEV,0001996810-25-000011,2025-02-06,0.5343189833672667,0.36743098919321926,0.32854086400893895
GILD,0000882095-23-000007,2023-02-22,0.2220515630798965,0.39868310126023776,0.3970752720443061
GILD,0000882095-24-000007,2024-02-23,0.2349017362186732,0.3895234921885266,0.33133903736662146
GILD,0000882095-25-000006,2025-02-28,0.2881386646023802,0.3790886040560745,0.330849578865168
GIS,0001193125-23-177500,2023-06-28,0.1867512644901401,0.16234926309390113,0.2989990661224463
GIS,0001193125-24-168943,2024-06-26,0.2157646255603134,0.173432916080083,0.2922046337470133
GL,0000320335-23-000008,2023-02-23,0.1787264238319094,0.2874438729486083,0.33080716071993765
GL,0000320335-24-000006,2024-02-28,0.6527297614723412,0.3207680111540419,0.36075287055127475
GL,0000320335-25-000013,2025-02-26,0.2560439697682792,0.2707295269643932,0.2879233658246206
GLW,0001437749-23-003123,2023-02-13,0.2212633518124264,0.30720074980343975,0.3157441883947246
GLW,0001437749-24-003735,2024-02-12,0.2849766562341031,0.39376796039659634,0.327687812458571
GLW,0001628280-25-005347,2025-02-13,0.406748288647115,0.3477604918025293,0.29652397249892387
GM,0001467858-23-000029,2023-01-31,0.325969429233749,0.39798109053057057,0.3922444238616548
GM,0001467858-24-000031,2024-01-30,0.3269588479231291,0.37410508965353617,0.3700453702685382
GM,0001467858-25-000032,2025-01-28,0.3626709190566737,0.37088740902563627,0.3716346154085117
GNRC,0001437749-23-004153,2023-02-22,0.5160536825423748,0.3719364229449019,0.4051820014884482
GNRC,0001437749-24-005040,2024-02-21,0.3431358909913524,0.3571287158903618,0.37285598816242527
GNRC,0001437749-25-004353,2025-02-19,0.5092270853971388,0.3564884143583083,0.356505322638008
GOOG,0001652044-23-000016,2023-02-03,0.2915137457903128,0.3306951740189366,0.3289740125003131
GOOG,0001652044-24-000022,2024-01-31,0.2720387853885685,0.35563410929197226,0.3886481930766764
GOOG,0001652044-25-000014,2025-02-05,0.3061300297747721,0.33645057221928937,0.35320653838371235
GOOGL,0001652044-23-000016,2023-02-03,0.2914382780254116,0.3306951740189366,0.3289740125003131
GOOGL,0001652044-24-000022,2024-01-31,0.2751984467975272,0.35563410929197226,0.3886481930766764
GOOGL,0001652044-25-000014,2025-02-05,0.3089936358357899,0.33645057221928937,0.35320653838371235
GPC,0000040987-23-000008,2023-02-23,0.2400915824462645,0.2587047567293629,0.3118424860244157
GPC,0000040987-24-000024,2024-02-22,0.3190105330738782,0.32878110260814436,0.33919491592111517
GPC,0000040987-25-000026,2025-02-21,0.2960231972787152,0.3039753820549679,0.32842066285979343
GPN,0001123360-23-000009,2023-02-17,0.2990408366392241,0.3343238051970397,0.38931029003587275
GPN,0001123360-24-000004,2024-02-14,0.2893958439183007,0.3313036971897692,0.377910472687962
GPN,0001123360-25-000011,2025-02-14,0.4485985174273181,0.3412955702925477,0.3925474730590299
GRMN,0000950170-23-003566,2023-02-22,0.212829126898159,0.41253491179358054,0.40982458490182455
GRMN,0000950170-24-017559,2024-02-21,0.354177990788198,0.390295002560209,0.39038424838065444
GRMN,0000950170-24-131914,2024-11-29,0.3527843747393839,0.4573546673792218,0.5120218462065721
GRMN,0000950170-25-022760,2025-02-19,0.3598891606529732,0.3688301283013919,0.40469031449367565
GWW,0000277135-23-000014,2023-02-21,0.2218059993854894,0.36831493390662506,0.40342556618314623
GWW,0000277135-24-000011,2024-02-22,0.2091295414921044,0.3427500865994433,0.3644275566734075
GWW,0000277135-25-000010,2025-02-20,0.2501375784925939,0.3503997232806643,0.38923350935506884
HAL,0000045012-23-000011,2023-02-07,0.3535921730111019,0.353345769998203,0.38908216744132074
HAL,0000045012-24-000007,2024-02-06,0.2768955536398073,0.34998244528166383,0.3831318312331128
HAL,0000045012-25-000010,2025-02-12,0.4404764530013297,0.3499409507021655,0.38966812754999286
HAS,0000046080-23-000017,2023-02-22,0.3410408255851483,0.38114727456769104,0.4064076002842152
HAS,0000046080-24-000034,2024-02-28,0.3035272180431546,0.3754422470909289,0.3839177011386397
HAS,0000046080-25-000027,2025-02-27,0.3423670023192222,0.36996952306027675,0.3933279399210061
HBAN,0000049196-23-000020,2023-02-17,0.3689989994288797,0.40884171636595545,0.3831261502421573
HBAN,0000049196-24-000020,2024-02-16,0.2664242530012012,0.4029158753706503,0.35597165302122447
HBAN,0000049196-25-000020,2025-02-14,0.3132505964926659,0.4110909522252958,0.379379173789029
HCA,0000950170-23-003234,2023-02-17,0.2220885129831285,0.38282741899879286,0.4083444306194583
HCA,0000950170-24-016524,2024-02-16,0.2566630453204869,0.37884790168007343,0.4072651950463285
HCA,0000950170-25-020134,2025-02-14,0.2745204163591492,0.3575217339383857,0.4080293734455107
HD,0000354950-23-000059,2023-03-15,0.1901509475166555,0.3774346399074685,0.3983609564466554
HD,0000354950-24-000062,2024-03-13,0.2171444458858164,0.36852186394179265,0.37378084812692086
HD,0000354950-25-000085,2025-03-21,0.2346035266236225,0.40139354327005916,0.41093856240371823
HIG,0000874766-23-000023,2023-02-24,0.2097091894734808,0.27897951091998846,0.28453853743520435
HIG,0000874766-24-000016,2024-02-23,0.207894067724618,0.30251690377773927,0.28616695686231014
HIG,0000874766-25-000023,2025-02-21,0.2124503590924363,0.2762193453673423,0.283119442054312
HII,0001501585-23-000010,2023-02-09,0.2138012372626999,0.33246288123806794,0.304464454166723
HII,0001501585-24-000007,2024-02-01,0.3545403907887498,0.3482060548538607,0.305028268229543
HII,0001501585-25-000006,2025-02-06,0.3572876010547599,0.31054237969625226,0.28034530873232427
HLT,0001585689-23-000036,2023-02-09,0.2128543995881918,0.38846691022308383,0.39569030496856233
HLT,0001585689-24-000027,2024-02-07,0.1924931091499359,0.373641066991374,0.3904412264434029
HLT,0001585689-25-000008,2025-02-06,0.2622065383168117,0.3681767180219151,0.3997107371868049
HON,0000773840-23-000013,2023-02-10,0.1737417797504421,0.3566222106835268,0.341141013759825
HON,0000773840-24-000014,2024-02-16,0.189866402232593,0.3581357445617042,0.31091858839002334
HON,0000773840-25-000010,2025-02-14,0.249415999998022,0.38337190444862135,0.41079652379950177
HOOD,0001783879-23-000045,2023-02-27,0.4767854061642363,0.38973973333475453,0.41103309305346425
HOOD,0001783879-24-000054,2024-02-27,0.6411577641409383,0.3892321456574449,0.3772606069046774
HOOD,0001783879-25-000049,2025-02-18,0.7634276148310221,0.40846260736802575,0.40449415823954443
HPE,0001645590-23-000117,2023-12-22,0.3843308042505353,0.43279769983180827,0.408860523563724
HPE,0001645590-24-000139,2024-12-19,0.448806638895706,0.4175385136736861,0.35755734233867625
HPQ,0000047217-23-000075,2023-09-11,0.2906753840868507,0.3493197019193347,0.3742203868569915
HPQ,0000047217-23-000100,2023-12-18,0.3226718508053902,0.3426271311340051,0.3462960666339065
HPQ,0000047217-24-000080,2024-12-13,0.3744048414085826,0.38115317802836335,0.3707131410247282
HRL,0000048465-23-000083,2023-12-06,0.2661243436208428,0.2653088369333354,0.30006875561583246
HRL,0000048465-24-000051,2024-12-05,0.2592146958283637,0.25372114309343063,0.2758128777158179
HSIC,0001000228-23-000011,2023-02-21,0.2136129811807497,0.38959627642487477,0.3812381460200053
HSIC,0001000228-24-000011,2024-02-28,0.2645515779255082,0.37445019953716424,0.35841770033947873
HSIC,0001000228-25-000014,2025-02-25,0.2903177184565959,0.36369043432689696,0.36225268126845195
HST,0000950170-23-003778,2023-02-22,0.2658545335061458,0.34381875988935595,0.32955329706269926
HST,0001070750-24-000081,2024-02-28,0.2254001806387693,0.3289986264140474,0.27919262189299043
HST,0001070750-25-000071,2025-02-26,0.3030697291596076,0.353518387799003,0.31549583461192904
HSY,0000047111-23-000012,2023-02-17,0.1755928895013651,0.30966701630170823,0.29433675664477343
HSY,0000047111-24-000009,2024-02-20,0.2532441909285756,0.3323888889538944,0.32160235314253893
HSY,0000047111-25-000014,2025-02-18,0.2809886276850626,0.3042013467109293,0.2864933815228071
HUBB,0001628280-23-002875,2023-02-09,0.2810369072872693,0.33628332405276357,0.4040906389574437
HUBB,0001628280-24-003792,2024-02-08,0.3090838366649522,0.330883122129888,0.3274483528409907
HUBB,0001628280-25-005311,2025-02-13,0.3088883953101107,0.31782800695654534,0.3250166784470639
HUM,0000049071-23-000011,2023-02-16,0.3025843909844773,0.2562166363254483,0.2936888445594779
HUM,0000049071-24-000012,2024-02-15,0.3950145843719949,0.2810187465214311,0.2973327145763036
HUM,0000049071-25-000007,2025-02-20,0.4911637214676488,0.2539179378541365,0.2940691023865112
HWM,0000004281-23-000004,2023-02-14,0.2249990909507707,0.32207615446592097,0.3854382179853537
HWM,0000004281-24-000007,2024-02-13,0.3453877099700802,0.3109029066258255,0.32830457005899133
HWM,0000004281-25-000011,2025-02-14,0.3486581733777648,0.3172378354664506,0.30957551021312263
IBKR,0001381197-23-000014,2023-02-24,0.2854268307034717,0.3672753870593233,0.2859328232863884
IBKR,0001381197-24-000083,2024-02-27,0.3062629513055411,0.3604880041622672,0.30141526542483
IBKR,0001381197-25-000036,2025-02-27,0.4499979599522443,0.3592615623572404,0.2946457629826592
IBM,0001558370-23-002376,2023-02-28,0.1834217858294727,0.42540865946630846,0.37719001374697164
IBM,0000051143-24-000012,2024-02-26,0.2474714804538981,0.4216998591774892,0.35216263668044545
IBM,0000051143-25-000015,2025-02-25,0.3371945388948805,0.4098242933472134,0.3819628155280301
ICE,0001571949-23-000006,2023-02-02,0.1809352811627482,0.3623713669209524,0.3427818863802177
ICE,0001193125-23-070799,2023-03-15,0.1736900810897665,0.46675431607815554,0.36080068770556567
ICE,0001193125-23-079282,2023-03-24,0.1691338347416217,0.32791629285542995,0.4871179265679284
ICE,0001571949-24-000007,2024-02-08,0.1642718416267836,0.35302179224817354,0.3730402150208368
ICE,0001193125-24-078967,2024-03-27,0.1651418870618119,0.4601359170847733,0.5083549684286557
ICE,0001571949-25-000003,2025-02-06,0.1970968084401981,0.35229036376922485,0.3842071629483593
ICE,0001193125-25-059270,2025-03-20,0.2208072272126736,0.46019778591646715,0.5099265145461124
IDXX,0000874716-23-000006,2023-02-16,0.2992109244209896,0.3524542895263667,0.3281386328957796
IDXX,0000874716-24-000057,2024-02-22,0.2780314585584355,0.37338399773925735,0.33873965744117907
IDXX,0000874716-25-000037,2025-02-21,0.4337675086074041,0.3704006643673877,0.356533301976759
IEX,0000832101-23-000013,2023-02-23,0.194667431826867,0.3411256293426024,0.3001105816614645
IEX,0000832101-24-000009,2024-02-22,0.2296778022255184,0.3908100000342804,0.3992041086248555
IEX,0000832101-25-000010,2025-02-20,0.2806312943969289,0.38354374684219095,0.3459643756071073
IFF,0000051253-23-000009,2023-02-27,0.3400485894551459,0.3940106520893887,0.35929843086664204
IFF,0000051253-24-000006,2024-02-28,0.2424922261744076,0.3804677342944731,0.3554914051462684
IFF,0000051253-25-000013,2025-02-28,0.2934325165599276,0.3633935792277025,0.3623130515559737
INCY,0000879169-23-000008,2023-02-07,0.2473398073299382,0.4050994789769613,0.4008634116522758
INCY,0000879169-24-000045,2024-02-13,0.3103242856411827,0.41371449489476353,0.4058245075593685
INCY,0001628280-25-004633,2025-02-10,0.3548979274959871,0.4736272595291885,0.45507570743528364
INTC,0000050863-23-000006,2023-01-27,0.3948415274201197,0.40715403152740853,0.31006738867850764
INTC,0000050863-24-000010,2024-01-26,0.5063909765739358,0.3903524601975738,0.31095121196421815
INTC,0000050863-25-000009,2025-01-31,0.6929880189415848,0.3943527752972925,0.34924962288166156
INTU,0000896878-23-000034,2023-09-01,0.2646667854629335,0.3882411183034995,0.41580446427900414
INTU,0000896878-24-000039,2024-09-04,0.3191001571929875,0.35991284993885314,0.3893622532442041
INVH,0001687229-23-000029,2023-02-22,0.2201027593696624,0.3708900990783202,0.3884807982122278
INVH,0001687229-24-000013,2024-02-21,0.1980204176070965,0.37942580940528664,0.411441365164896
INVH,0001687229-25-000008,2025-02-27,0.2157263636701675,0.3592319588100677,0.4145155871622982
IP,0000051434-23-000013,2023-02-17,0.2505306878535583,0.3430437823757745,0.3183519864438365
IP,0000051434-24-000024,2024-02-16,0.3122509487700728,0.3967894646820187,0.3820215738407909
IP,0000051434-25-000013,2025-02-21,0.4094397896725404,0.3284878306605278,0.3107054080052863
IQV,0001478242-23-000044,2023-02-15,0.2824299721824656,0.4203259320628306,0.3769206932216531
IQV,0001478242-24-000038,2024-02-15,0.2711001709609969,0.4177056872584066,0.3680881018614396
IQV,0001478242-25-000045,2025-02-13,0.4195838776391355,0.4035032084569738,0.35037840644714885
IR,0001628280-23-004287,2023-02-21,0.2421241110638625,0.3634232948669904,0.32148903211798485
IR,0001628280-24-006642,2024-02-23,0.2707701019380812,0.35553934258004627,0.3231889891542553
IR,0001628280-25-006391,2025-02-19,0.3403391905533782,0.3709019865023099,0.30668556761569205
IRM,0001020569-23-000043,2023-02-23,0.2213666512968626,0.34978683409084527,0.35615099471245576
IRM,0001020569-24-000040,2024-02-22,0.291525781277281,0.34507307521986647,0.3509659095333342
IRM,0001020569-25-000040,2025-02-14,0.3298401956153307,0.35781505158483445,0.37181735380430164
ISRG,0001035267-23-000019,2023-02-10,0.2890976058414653,0.42845009993886185,0.3969798043603438
ISRG,0001035267-24-000021,2024-01-31,0.2604128121232638,0.42989328496264173,0.39378896335180047
ISRG,0001035267-25-000017,2025-01-31,0.3538687275484248,0.4417914487827486,0.4023999167366656
IT,0000749251-23-000006,2023-02-16,0.2541181773163037,0.3468095568814727,0.38882159360186697
IT,0000749251-24-000006,2024-02-15,0.2168303079807258,0.3194097530203997,0.34720185486350347
IT,0000749251-25-000008,2025-02-13,0.4827554434164733,0.34105894697766465,0.3739714980944178
ITW,0000049826-23-000008,2023-02-10,0.1900640303838743,0.22570866160043535,0.3037069155548362
ITW,0000049826-24-000008,2024-02-09,0.1573198988697423,0.24419575087976605,0.2984212884113727
ITW,0000049826-25-000007,2025-02-14,0.2382607700496377,0.22697879569493729,0.2849047403544498
IVZ,0000914208-23-000297,2023-02-23,0.3214561135083343,0.34055017668279414,0.400365354243461
IVZ,0000914208-24-000219,2024-02-21,0.2934701531728462,0.28649244237461174,0.33183796759511164
IVZ,0000914208-25-000114,2025-02-25,0.4057704367632224,0.33106706634875843,0.39772604784548915
J,0000052988-23-000084,2023-11-21,0.2068944291208567,0.38756722661047066,0.34262417729154654
J,0000052988-24-000065,2024-11-25,0.2624980750374229,0.37754944546307745,0.33456932386621846
JBHT,0001437749-23-004530,2023-02-24,0.2570661227766527,0.26141509715656347,0.33887167508226806
JBHT,0001437749-24-005368,2024-02-23,0.2682580536520211,0.23822564703191107,0.3196246947729406
JBHT,0001437749-25-004736,2025-02-21,0.4092178677787133,0.29334829746946706,0.35298052939570174
JBL,0001193125-23-259599,2023-10-20,0.4022341124302581,0.3668409609540729,0.3689403452599558
JBL,0001628280-24-043960,2024-10-28,0.3916362227638221,0.3569509765618487,0.3460624399748341
JCI,0000833444-23-000048,2023-12-14,0.2532092349820399,0.3562750761772336,0.31296096527293177
JCI,0000833444-24-000064,2024-11-19,0.3088996170586148,0.34568106342938715,0.27598011705050907
JKHY,0000779152-23-000062,2023-08-24,0.1877451982319224,0.36563447111706826,0.4031265309364103
JKHY,0000779152-24-000079,2024-08-26,0.2135696571447999,0.3257294865146034,0.3800832079419382
JNJ,0000200406-23-000016,2023-02-16,0.1594560597248004,0.2967695398018171,0.34480949800617566
JNJ,0000200406-24-000013,2024-02-16,0.1627756760045048,0.30669164626981266,0.2775953931795245
JNJ,0000200406-25-000038,2025-02-13,0.1899535561101508,0.28603192088817303,0.2790366688856505
KDP,0001418135-23-000003,2023-02-23,0.1854315027610252,0.3199257558016403,0.29229247310799056
KDP,0001418135-24-000007,2024-02-22,0.1798197826061643,0.2933502059583659,0.29824364486279425
KDP,0001418135-25-000013,2025-02-25,0.2672236145795904,0.3640611002538248,0.38664178886423317
KEY,0000091576-23-000026,2023-02-22,0.5611970794739061,0.4000598885466805,0.3640155924736882
KEY,0000091576-24-000040,2024-02-22,0.3301728772768135,0.3976478110872861,0.3803348130609156
KEY,0000091576-25-000038,2025-02-21,0.3048217827620422,0.38864594747648085,0.3570141263855952
KEYS,0001601046-23-000134,2023-12-15,0.31211115679111,0.31350771529673005,0.2930229970324548
KEYS,0001601046-24-000159,2024-12-17,0.3366443765957196,0.3326036192716893,0.3527684697107267
KHC,0001637459-23-000009,2023-02-16,0.1731473297962575,0.2853389211493947,0.2978440434683913
KHC,0001637459-24-000018,2024-02-15,0.1995007319794495,0.2755942747538288,0.28495840312562815
KHC,0001637459-25-000011,2025-02-13,0.2612043831746297,0.25393148601229537,0.2926777574894926
KIM,0001437749-23-004541,2023-02-24,0.2677718193133062,0.4164539064247412,0.38660752661931963
KIM,0001437749-24-005407,2024-02-26,0.2070306670389095,0.4060957441021709,0.3507547573181438
KIM,0000950170-25-024723,2025-02-21,0.230478885461109,0.42314410744892444,0.37763810389778923
KKR,0001404912-23-000005,2023-02-27,0.3002073257230183,0.42333350500357264,0.38049254229673685
KKR,0001404912-24-000005,2024-02-29,0.3541497224130015,0.43695113643956035,0.3969034939178957
KKR,0001404912-25-000015,2025-02-28,0.4724270097138427,0.42486030076303716,0.3888050595228067
KLAC,0000319201-23-000031,2023-08-04,0.3702830217748807,0.38204694928429517,0.40123995150195324
KLAC,0000319201-24-000021,2024-08-05,0.4540094945663883,0.38067605921733594,0.392284711861861
KMB,0000055785-23-000012,2023-02-09,0.1562528347530964,0.28657751192537195,0.2966247580640024
KMB,0000055785-24-000018,2024-02-08,0.1741940135569688,0.29756392688693567,0.28644973387302036
KMB,0000055785-25-000013,2025-02-13,0.2469964226146801,0.22502967859139233,0.2812666556620502
KMI,0001506307-23-000023,2023-02-08,0.1718833353801825,0.3909335938100018,0.37834546240012873
KMI,0001506307-24-000011,2024-02-20,0.216524780287026,0.3788824849998603,0.36342153623690365
KMI,0001506307-25-000008,2025-02-13,0.2311409197177417,0.3867644373158905,0.3190461727988007
KO,0000021344-23-000011,2023-02-21,0.1294365036500871,0.29493478133035145,0.31441463280125487
KO,0000021344-24-000009,2024-02-20,0.1438160805431322,0.30500656169484797,0.3092139851541484
KO,0000021344-25-000011,2025-02-20,0.1702151234115367,0.2949817422055494,0.2852451229223733
KR,0001558370-23-004767,2023-03-28,0.2069931908262552,0.31868808921644054,0.3382377497787469
KR,0001558370-24-004603,2024-04-02,0.2234484238403719,0.2767010136260909,0.2816065696289548
KR,0001558370-25-004267,2025-04-01,0.2765848231529912,0.28627418140672356,0.30750884426856306
KVUE,0001944048-24-000057,2024-03-01,0.2664310108222472,0.35875898542696105,0.38652234714408856
KVUE,0001944048-25-000033,2025-02-24,0.3393242138499573,0.33988698561974345,0.3753464788148456
L,0000060086-23-000025,2023-02-07,0.1718915338439721,0.2875485247803319,0.2886807634070975
L,0000060086-24-000029,2024-02-06,0.1736739641946533,0.327482799559848,0.32237281526343514
L,0000060086-25-000036,2025-02-11,0.1880327023799084,0.30333711071737246,0.313996074802378
LDOS,0001336920-23-000015,2023-02-14,0.2508228530381522,0.3789885713431741,0.38036254852583046
LDOS,0001336920-24-000008,2024-02-13,0.2764022524896973,0.38634379674306984,0.37226448056691536
LDOS,0001336920-25-000006,2025-02-11,0.2750772152992012,0.37759233777528745,0.38826344563669307
LEN,0001628280-23-001606,2023-01-26,0.2781350858686185,0.3567788923130391,0.3852812961269153
LEN,0001628280-24-002371,2024-01-26,0.3112590160104277,0.3535379788433039,0.36831642543343285
LEN,0001628280-25-002404,2025-01-23,0.3697286082112563,0.4288817547102537,0.404820166207966
LH,0000920148-23-000017,2023-02-28,0.1834301334002299,0.3380908419651965,0.29826073334125197
LH,0000920148-24-000014,2024-02-26,0.2124871602416571,0.3669490374418553,0.32226506678298267
LH,0000920148-25-000032,2025-02-25,0.2517368385195488,0.37105424892747035,0.3169863987684563
LHX,0000202058-23-000014,2023-02-24,0.2170143520646003,0.36504208640848423,0.3688488263125818
LHX,0000202058-24-000029,2024-02-20,0.1984293944456526,0.3578870273772615,0.353155387160224
LHX,0000202058-25-000023,2025-02-14,0.2318947292617412,0.3595174045482904,0.3322954864108623
LII,0001628280-23-004257,2023-02-21,0.2772712138716046,0.31832643297115765,0.3314800781783773
LII,0001628280-24-004446,2024-02-13,0.2809245019560564,0.296968640309419,0.29555403083338555
LII,0001628280-25-004859,2025-02-11,0.3525134033790628,0.2839260615860195,0.2873531023520926
LIN,0001628280-23-005434,2023-02-28,0.175955774541818,0.3220525054918054,0.3028665177526149
LIN,0001628280-24-007424,2024-02-28,0.1457699343560792,0.321104791977884,0.29189965098100656
LIN,0001628280-25-007990,2025-02-26,0.1954345087540406,0.28608197068789487,0.2994131592687069
LITE,0001628280-23-030374,2023-08-23,0.5223995692080728,0.34615935835969974,0.3837018222936238
LITE,0001628280-24-038024,2024-08-21,0.6543642262070332,0.3268877436126029,0.3647706469032138
LLY,0000059478-23-000082,2023-02-22,0.2907161217458824,0.3663170934468428,0.28183837764386677
LLY,0000059478-24-000065,2024-02-21,0.3074320709661894,0.3416515474223576,0.2812994134917357
LLY,0000059478-25-000067,2025-02-19,0.4208199736351118,0.3229621167587834,0.282805822289283
LMT,0000936468-23-000009,2023-01-26,0.1801708040233039,0.23045097781832347,0.2963236689012223
LMT,0000936468-24-000010,2024-01-23,0.1724447866550273,0.2963670543304837,0.3732598734815377
LMT,0000936468-25-000009,2025-01-28,0.2622410707511056,0.27540551392761675,0.3016826984073447
LNT,0000352541-23-000017,2023-02-24,0.2013657757882085,0.30722341570062517,0.2910205233759802
LNT,0000352541-24-000014,2024-02-16,0.1764101448732806,0.31528262068223034,0.27450086256972916
LNT,0000352541-25-000014,2025-02-21,0.1729084171491796,0.2979810607416481,0.27233966101714274
LOW,0000060667-23-000034,2023-03-27,0.2191250334923827,0.3757616644477853,0.3854489946673795
LOW,0000060667-24-000033,2024-03-25,0.222939341826159,0.369427603262112,0.3762117332816393
LOW,0000060667-25-000049,2025-03-24,0.2573314653978368,0.36237583411451946,0.3911593152639173
LRCX,0000707549-23-000102,2023-08-15,0.3848386877460217,0.39633890870127053,0.3985154473428734
LRCX,0000707549-24-000106,2024-08-29,0.475913185258993,0.390417986759004,0.40275120572057466
LULU,0001397187-23-000012,2023-03-28,0.3448912204990831,0.3165776133173276,0.33637995349972677
LULU,0001397187-24-000010,2024-03-21,0.406733850301174,0.3449660051769494,0.34050813385011536
LULU,0001397187-25-000013,2025-03-27,0.5061786011859127,0.3783606646836707,0.4583734116247909
LUV,0000092380-23-000010,2023-02-07,0.3203908583526276,0.4001146769160426,0.3855794434984133
LUV,0000092380-24-000027,2024-02-06,0.3516489270642465,0.39573334906105806,0.345607523876218
LUV,0000092380-25-000024,2025-02-07,0.4652315169006598,0.4057937079846312,0.37211090926421847
LVS,0001300514-23-000021,2023-02-03,0.2889599829704295,0.39263258414252594,0.43008289545522377
LVS,0001300514-24-000048,2024-02-07,0.3184626037133818,0.3947849110748294,0.45138132572051565
LVS,0001300514-25-000040,2025-02-07,0.4048125175239828,0.3966991285778787,0.44432396127693485
LYB,0001489393-23-000006,2023-02-23,0.2167166890303682,0.39101545992689657,0.37076943062731244
LYB,0001489393-24-000012,2024-02-22,0.1894319056034329,0.3568660415227429,0.33346250463841753
LYB,0001489393-25-000008,2025-02-27,0.4572266584898252,0.372117487338283,0.3489142557382877
LYV,0001335258-23-000014,2023-02-23,0.3132244659665468,0.4074180422030043,0.42763421283590036
LYV,0001335258-24-000017,2024-02-22,0.267647757079612,0.39838661333500347,0.4269254627801898
LYV,0001335258-25-000028,2025-02-21,0.3331370745407531,0.3854982053055594,0.41054485394232954
MA,0001141391-23-000020,2023-02-14,0.1616472926185054,0.2675551195058453,0.2852876068876686
MA,0001141391-24-000022,2024-02-13,0.1664966310710775,0.27865437397580817,0.3034597093908373
MA,0001141391-25-000011,2025-02-12,0.2331584734330845,0.300939287767342,0.3564668909533016
MAA,0000950170-23-002778,2023-02-14,0.2232874671662518,0.3899842129562188,0.38234114483234466
MAA,0000950170-24-013275,2024-02-09,0.2010483079448794,0.3824252831451926,0.34852701078423187
MAA,0000950170-25-016287,2025-02-07,0.2054719044530024,0.3926629239198004,0.38037961827362515
MAR,0001628280-23-003485,2023-02-14,0.237533101471489,0.3018461592934199,0.34956696281837074
MAR,0001628280-24-004372,2024-02-13,0.2123176465957453,0.36336270983502095,0.42201300674576714
MAR,0001628280-25-004818,2025-02-11,0.3026595537212439,0.3283662750504728,0.4092731346145302
MAS,0000062996-23-000008,2023-02-09,0.2648408576611651,0.3751317305839903,0.397509008623467
MAS,0000062996-24-000006,2024-02-08,0.2341647117322295,0.340189388106165,0.3620696232908666
MAS,0000062996-25-000004,2025-02-11,0.3338022300743369,0.3561138925690213,0.3959095629300099
MCD,0000063908-23-000012,2023-02-24,0.1373974716133082,0.3049893765687845,0.30717403451056874
MCD,0000063908-24-000072,2024-02-22,0.1804959992004489,0.3158348442421158,0.2866289035445473
MCD,0000063908-25-000012,2025-02-25,0.1786086053784328,0.3495558131960903,0.35209510877699873
MCHP,0000827054-23-000080,2023-05-25,0.3262000819775976,0.354176480700181,0.39667924185129755
MCHP,0000827054-24-000098,2024-05-23,0.5925438867150895,0.3774150184069773,0.40091672422942903
MCK,0000927653-23-000038,2023-05-09,0.1828610983143311,0.29710862071666033,0.31471642939731925
MCK,0000927653-24-000035,2024-05-08,0.2751937611680932,0.28969997009956605,0.2869327968985343
MCK,0000927653-25-000036,2025-05-09,0.2890392658583876,0.29593861675069555,0.2855487299650652
MCO,0001059556-23-000016,2023-02-15,0.2099375179841361,0.35746037294522504,0.3777537633974358
MCO,0001059556-24-000017,2024-02-14,0.1912066950499821,0.3727086269713593,0.3864997202822612
MCO,0001059556-25-000025,2025-02-14,0.2982863498736041,0.34069655236128854,0.3457193455488447
MDLZ,0001103982-23-000006,2023-02-03,0.1716129724794327,0.2772535878404364,0.29770513806705673
MDLZ,0001103982-24-000019,2024-02-02,0.1814224936526761,0.284919648874329,0.2971828081025127
MDLZ,0001103982-25-000030,2025-02-05,0.2209953432413894,0.2629497789741979,0.2899554263894991
MDT,0001613103-23-000040,2023-06-22,0.1872937836125445,0.39518065284932247,0.3750415759366309
MDT,0001613103-24-000072,2024-06-20,0.2145485222124122,0.3940644835377566,0.32347126725918474
MET,0001099219-23-000045,2023-02-23,0.2744322453955239,0.32238708132669014,0.2872163816783676
MET,0001099219-24-000035,2024-02-16,0.2118299358525609,0.34312808528739297,0.35310060821671735
MET,0001099219-25-000044,2025-02-21,0.2912082442666951,0.3382168712704012,0.29848207219118605
META,0001326801-25-000017,2025-01-30,0.3930902714200207,0.2900575811979167,0.32699520865308845
MGM,0000789570-23-000008,2023-02-24,0.319801978687037,0.37226675930136954,0.4044931240969524
MGM,0000789570-24-000005,2024-02-23,0.373394627055307,0.38118949433133903,0.41098400840834637
MGM,0000789570-25-000008,2025-02-18,0.4109314332674448,0.4021835848444596,0.4090839486167989
MKC,0000063754-23-000005,2023-01-26,0.2337844695605144,0.2697998828537381,0.2843542956466177
MKC,0000063754-24-000027,2024-01-25,0.2191937664890091,0.30034484752948054,0.3637400643018455
MKC,0000063754-25-000005,2025-01-23,0.2481850356429819,0.30122849589889283,0.29553459800395504
MLM,0000950170-23-004361,2023-02-24,0.2345738358512976,0.3880638889525416,0.3206362618982867
MLM,0000950170-24-019275,2024-02-23,0.234917660200629,0.3611904266454464,0.30430207156425765
MLM,0000950170-25-024770,2025-02-21,0.244308409546697,0.40647692443002964,0.3963577241142169
MMM,0000066740-23-000014,2023-02-08,0.2762553783818065,0.3285308499658686,0.3517614189150949
MMM,0000066740-24-000016,2024-02-07,0.3167876257680632,0.22402650252847905,0.28034911399327955
MMM,0000066740-25-000006,2025-02-05,0.3084866707446332,0.29346650136503877,0.29914328863891065
MNST,0001104659-23-027245,2023-03-01,0.2127622951723725,0.4122561698279064,0.39876082963337806
MNST,0001104659-24-029425,2024-02-29,0.2418305141943458,0.40085781111368024,0.3992503607094959
MNST,0001410578-25-000248,2025-02-28,0.2255783517699996,0.4135781946781104,0.4032963131093297
MO,0000764180-23-000020,2023-02-27,0.1642445861556046,0.32730534643625303,0.3774047693750252
MO,0000764180-24-000018,2024-02-27,0.1798302881089263,0.3187174173672079,0.3632388537326847
MO,0000764180-25-000019,2025-02-26,0.2121062404060118,0.2995963489746717,0.3581989254655527
MOS,0001618034-23-000003,2023-02-23,0.366811182547819,0.45521100796289615,0.31904251475414763
MOS,0001618034-24-000004,2024-02-22,0.3362395022073943,0.44849199166117215,0.3196062427323011
MOS,0001618034-25-000003,2025-03-03,0.3924443490994961,0.43812787919004526,0.31522576244891953
MPC,0001510295-23-000012,2023-02-23,0.2912745017153593,0.4097806977573759,0.3996132448221051
MPC,0001510295-24-000015,2024-02-28,0.3036965803455267,0.4172241271634869,0.40036962670753823
MPC,0001510295-25-000012,2025-02-27,0.3495762748234707,0.4112123324414302,0.3868785775353422
MPWR,0001437749-23-004540,2023-02-24,0.4712813122589824,0.31953257201025226,0.32912995479659196
MPWR,0001437749-24-006133,2024-02-29,0.5503211843168953,0.33578381325668066,0.333639651905257
MPWR,0001437749-25-005903,2025-03-03,0.5666021280614907,0.33523297195096097,0.3339331235591301
MRK,0001628280-23-005061,2023-02-24,0.1827249587716256,0.4359535267537115,0.3712562260728661
MRK,0001628280-24-006850,2024-02-26,0.2336006263594672,0.4213120596717811,0.2850374418649848
MRK,0001193125-24-093194,2024-04-11,0.2529435650645879,0.497204107935066,0.5196036045916503
MRK,0001628280-25-007732,2025-02-25,0.2904553690413894,0.40734213580241824,0.26973209361095485
MRNA,0001682852-23-000011,2023-02-24,0.4921532509322185,0.5213226079975417,0.4062359564794489
MRNA,0001682852-24-000015,2024-02-23,0.6481440267427856,0.5179027608660991,0.4096502679467276
MRNA,0001682852-25-000022,2025-02-21,0.6668892589548175,0.5104384898166369,0.408404854899578
MRSH,0000062709-23-000014,2023-02-13,0.1609507889267994,0.31582566684753893,0.2829913078048828
MRSH,0000062709-24-000016,2024-02-12,0.1394092158053227,0.33284695625357263,0.2888271496495574
MRSH,0000062709-25-000015,2025-02-10,0.2266362961295608,0.3220916065407224,0.27661166987732355
MSCI,0001408198-23-000011,2023-02-10,0.2875886905856668,0.3728432048184132,0.3793926078496594
MSCI,0001408198-24-000030,2024-02-09,0.2612716337168147,0.36287941748579855,0.3845785591865843
MSCI,0001408198-25-000053,2025-02-07,0.2944305337393029,0.3380822897511926,0.39651483292790407
MSFT,0000950170-23-035122,2023-07-27,0.1974863067524492,0.37503450202747823,0.3440788301948426
MSFT,0000950170-24-087843,2024-07-30,0.2499605642868216,0.39473918477120506,0.3789672978473696
MSI,0000068505-23-000015,2023-02-16,0.1790899243995324,0.3487574955614996,0.32253435606582914
MSI,0000068505-24-000008,2024-02-15,0.187333818203516,0.34482978175948154,0.31382826806747455
MSI,0000068505-25-000012,2025-02-14,0.2348976258498569,0.3283627907401807,0.3151037377405894
MTB,0000950170-23-003804,2023-02-22,0.3452013106886575,0.36655598783047316,0.3728782321946664
MTB,0000950170-24-017990,2024-02-21,0.2630349506585587,0.36467289548687953,0.3632575024690239
MTB,0001628280-25-006267,2025-02-19,0.2574479852464267,0.35745823509716357,0.3619805180816696
MTD,0001037646-23-000005,2023-02-10,0.2784990549235394,0.32380269415223706,0.3014587529440322
MTD,0001037646-24-000007,2024-02-09,0.3176907306164609,0.331246544940185,0.3303870594341397
MTD,0001037646-25-000012,2025-02-07,0.3356556199194025,0.32255836371546887,0.2975934042702573
MU,0000723125-23-000054,2023-10-06,0.466085318566446,0.3787032927016065,0.3800262827316291
MU,0000723125-24-000027,2024-10-04,0.5996756866312003,0.3727281223990857,0.3875677020133197
NCLH,0001558370-23-002361,2023-02-28,0.5053542211191693,0.42595527850173676,0.33829617192070144
NCLH,0001558370-24-001935,2024-02-28,0.4662973356553053,0.4312911580818633,0.3578260503683857
NCLH,0001558370-25-001743,2025-02-27,0.5670877466353137,0.40263322606924173,0.39920595141892024
NDAQ,0001120193-23-000014,2023-02-23,0.2296281621648441,0.37418127634000364,0.3787422183702734
NDAQ,0001120193-24-000006,2024-02-21,0.1889381077670282,0.3738414914041944,0.3581347497272975
NDAQ,0001120193-25-000008,2025-02-21,0.2637637196596516,0.3686020967101734,0.32746196595389193
NDSN,0000072331-23-000242,2023-12-20,0.23173001648855,0.3751096918276815,0.3297223464376576
NDSN,0000072331-24-000177,2024-12-18,0.2714762993255954,0.36777191192380115,0.33570184432782346
NEE,0000753308-23-000019,2023-02-17,0.275583630283602,0.3263587889044029,0.33570618179440953
NEE,0000753308-24-000008,2024-02-16,0.2588683138326883,0.34216516727037005,0.35990338895098234
NEE,0000753308-25-000011,2025-02-14,0.2646648481681687,0.3368082714321642,0.33513636855600887
NEM,0001164727-23-000011,2023-02-23,0.330122386922804,0.39846526009072647,0.3995626326316395
NEM,0001164727-24-000016,2024-02-29,0.3578898766358929,0.4454755327073463,0.3906534859491054
NEM,0001164727-25-000011,2025-02-21,0.4430469706883059,0.44873921087148866,0.3950345208893927
NFLX,0001065280-24-000030,2024-01-26,0.2927234010035173,0.3223694522622857,0.34543766723514596
NFLX,0001065280-25-000044,2025-01-27,0.3222050890015857,0.2990357873135477,0.31336490207808076
NI,0001111711-23-000006,2023-02-22,0.2083257054444626,0.33737942259773396,0.29213003522433717
NI,0001111711-24-000011,2024-02-21,0.1601030843309916,0.33199422911292864,0.29488173042952565
NI,0001111711-25-000008,2025-02-12,0.1949621022843159,0.31573207762052374,0.28466522183931675
NKE,0000320187-23-000039,2023-07-20,0.3276782672835971,0.3561026259363623,0.3541397383381184
NKE,0000320187-24-000044,2024-07-25,0.3977858239863545,0.38405494234315585,0.3793064499610766
NOC,0001133421-23-000006,2023-01-26,0.2167297882201047,0.3454922953572662,0.329806445166614
NOC,0001133421-24-000006,2024-01-25,0.1795169666172714,0.3624465212964041,0.3472160954958618
NOC,0001133421-25-000006,2025-01-30,0.283264612274552,0.3727211896190804,0.3675394235583194
NOW,0001373715-23-000035,2023-01-31,0.2965680279568661,0.3756452804999846,0.40007469352320474
NOW,0001373715-24-000030,2024-01-25,0.3403005722094158,0.35175647564397283,0.385071936726755
NOW,0001373715-25-000010,2025-01-30,0.4031134360601678,0.35893106676916675,0.3787875287192771
NRG,0001013871-23-000004,2023-02-23,0.2618508423399482,0.4106858353997842,0.38413325419628064
NRG,0001013871-24-000005,2024-02-28,0.4267637749002595,0.4185076310448442,0.3741728548854889
NRG,0001013871-25-000006,2025-02-26,0.5331535597244565,0.4156945455418267,0.38509989622726004
NSC,0000702165-23-000010,2023-02-03,0.2354611432931933,0.31805060959591125,0.2910539836442024
NSC,0000702165-24-000005,2024-02-05,0.2605921317233287,0.3032410284112044,0.3347337087746533
NSC,0000702165-25-000008,2025-02-10,0.2300294232474967,0.2775246009920979,0.2846556025686116
NTAP,0000950170-23-027948,2023-06-14,0.2927238866106935,0.3898198051441935,0.39348183145689886
NTAP,0000950170-24-071327,2024-06-10,0.3772943733912948,0.4086083762082253,0.3829185274902974
NTRS,0000073124-23-000049,2023-02-28,0.3161858189878707,0.34033514864625103,0.3438376012907312
NTRS,0000073124-24-000073,2024-02-27,0.229938495703575,0.3579088698388265,0.3395353347366968
NTRS,0000073124-25-000105,2025-02-24,0.3020872486193193,0.37302686600349017,0.35991236985068586
NUE,0001564590-23-002793,2023-03-01,0.3014134378593844,0.39417060169344564,0.40465482369980615
NUE,0000950170-24-021195,2024-02-27,0.3377702921732822,0.3948707065975281,0.38030341998233275
NUE,0000950170-25-028427,2025-02-27,0.365196018207765,0.4114257790270847,0.39958924753228703
NVDA,0001045810-23-000017,2023-02-24,0.4634382006996245,0.4049090761078279,0.39022186513961926
NVDA,0001045810-24-000029,2024-02-21,0.5654693113011758,0.4082329949899294,0.4018038137151885
NVDA,0001045810-25-000023,2025-02-26,0.4441286604790168,0.4228854555215022,0.41975833465939455
NVR,0000906163-23-000023,2023-02-15,0.2340697126212963,0.29539701633769677,0.35347505096278964
NVR,0000906163-24-000033,2024-02-14,0.2282408092835872,0.3039885014353331,0.35432974228983194
NVR,0000906163-25-000011,2025-02-12,0.2777925488213345,0.31086462534183856,0.3659236275349789
NWS,0001564708-23-000368,2023-08-15,0.2215147197086376,0.40156794452039507,0.39276684110417864
NWS,0001564708-24-000408,2024-08-13,0.2231333297400929,0.39735276329658303,0.38892344108531035
NWSA,0001564708-23-000368,2023-08-15,0.2196587046745821,0.40156794452039507,0.39276684110417864
NWSA,0001564708-24-000408,2024-08-13,0.2188037566174135,0.39735276329658303,0.38892344108531035
NXPI,0001413447-23-000006,2023-03-01,0.3103497625910331,0.37251041965047316,0.2976658477271724
NXPI,0001413447-24-000013,2024-02-22,0.3614912190984331,0.3470507743759844,0.30038770363432526
NXPI,0001413447-25-000019,2025-02-20,0.4732380165295759,0.39793791721599225,0.3850081237123235
O,0000726728-23-000044,2023-02-22,0.1999353433249544,0.34002668785829376,0.3943563148838434
O,0000726728-24-000047,2024-02-21,0.1711929173738285,0.38396520097348763,0.3919924035491243
O,0000726728-25-000055,2025-02-25,0.1709900307785577,0.38397758566355733,0.38288727072828255
ODFL,0000950170-23-003783,2023-02-22,0.3006582427010703,0.2979475464214419,0.2904139472121776
ODFL,0000950170-24-020176,2024-02-26,0.3466362469685924,0.3006852575631791,0.28638802926243584
ODFL,0000950170-25-026661,2025-02-25,0.4142097850548865,0.3283989827959278,0.2974756443976935
OKE,0001039684-23-000016,2023-02-28,0.2357706335465892,0.34145613161849897,0.3772636759943403
OKE,0001039684-24-000015,2024-02-27,0.2199616119193457,0.39069970317558533,0.4438702069157083
OKE,0001039684-25-000036,2025-02-25,0.3127654234454665,0.39438587792809515,0.3994558536090217
OMC,0000029989-23-000005,2023-02-08,0.23346240524274,0.23249698537217817,0.2646513764549278
OMC,0000029989-24-000007,2024-02-07,0.2351691553417003,0.3032697881091619,0.3614623294199998
OMC,0000029989-25-000009,2025-02-05,0.3285234054833783,0.26579123409776867,0.28982529118105177
ON,0001628280-23-002350,2023-02-06,0.4553321986619214,0.3791127422560664,0.39638680306899754
ON,0001628280-24-003201,2024-02-05,0.4617096867077312,0.36041799647022993,0.3872634360906251
ON,0001628280-25-004557,2025-02-10,0.5871137990810652,0.3626865307507724,0.3989917161360283
ORCL,0000950170-23-028914,2023-06-20,0.3387076270690984,0.38455626995918435,0.4061214064722245
ORCL,0000950170-24-075605,2024-06-20,0.4308309570180172,0.38712876987075545,0.3857840674022746
ORLY,0000898173-23-000011,2023-02-28,0.1950524086598806,0.3165114006933367,0.34052782206073706
ORLY,0000898173-24-000009,2024-02-28,0.1876167644585253,0.320350716887944,0.33716474175651556
ORLY,0000898173-25-000008,2025-02-28,0.2203993340052136,0.3257783485580511,0.3529576759779681
OTIS,0001781335-23-000009,2023-02-03,0.1819300084804025,0.33793536847636807,0.3326170822039391
OTIS,0001781335-24-000013,2024-02-02,0.1825896597214758,0.3375584472187271,0.32285612628894633
OTIS,0001781335-25-000010,2025-02-04,0.2430292060010652,0.33201242630291256,0.3295220178732285
OXY,0000797468-23-000011,2023-02-27,0.2540591508361833,0.3630277690172982,0.33144761743579787
OXY,0000797468-23-000031,2023-05-09,0.2289785629097543,0.25758963171495475,0.328149151281211
OXY,0000797468-24-000034,2024-02-14,0.2274634364638994,0.4085689153510181,0.3892054250929247
OXY,0000797468-25-000029,2025-02-18,0.3860242980566654,0.360996455568484,0.3121129887546029
PANW,0001327567-23-000024,2023-09-01,0.4409367811306181,0.3768712420839428,0.3985999855422044
PANW,0001327567-24-000029,2024-09-06,0.3562803608718035,0.3826486875805741,0.36065842644813356
PAYX,0000950170-23-032988,2023-07-14,0.1901991825271798,0.3442594756821171,0.39223091774767493
PAYX,0000950170-24-082958,2024-07-11,0.2393796139464899,0.34035669956758885,0.3799429485145026
PCAR,0001564590-23-002203,2023-02-22,0.2131516074374213,0.34963292646643224,0.37915260392072003
PCAR,0000950170-24-017900,2024-02-21,0.262332755020668,0.33360352986488895,0.3689621871221307
PCAR,0000950170-25-023145,2025-02-19,0.2924776598807969,0.34192694907016513,0.3807185464571611
PCG,0001004980-23-000029,2023-02-23,0.2112226858701199,0.3171909920123127,0.3163080648262315
PCG,0001004980-24-000014,2024-02-22,0.2427101822426167,0.35023522623075154,0.3050694220729979
PCG,0001004980-25-000010,2025-02-13,0.2828835478347973,0.35412817271989533,0.29949199917879576
PEG,0001628280-23-004411,2023-02-22,0.1907747250021889,0.3531952465789625,0.3527306282893349
PEG,0001628280-24-006885,2024-02-26,0.2030171073738576,0.36585931822051554,0.3506959096071812
PEG,0000950170-25-026874,2025-02-25,0.2036391263725351,0.36600748544012274,0.35410482020371925
PEP,0000077476-23-000007,2023-02-09,0.1528572426612686,0.26869849217739844,0.31509933106401283
PEP,0000077476-24-000008,2024-02-09,0.1732406086818659,0.2941836310302766,0.3369295842917816
PEP,0000077476-25-000007,2025-02-04,0.2259191840666365,0.33758519546115145,0.3637039395002357
PFE,0000078003-23-000024,2023-02-23,0.2268554027066057,0.3884137563281995,0.2892347314252014
PFE,0000078003-24-000039,2024-02-22,0.2316642273187587,0.3809536422936996,0.27967156200480603
PFE,0000078003-25-000054,2025-02-27,0.2643311479832506,0.37187481236667513,0.28725490496434264
PFG,0001104659-23-022860,2023-02-16,0.2612986493116495,0.3209548105343876,0.34361220413320104
PFG,0001104659-24-025516,2024-02-20,0.2124524721800208,0.2918164104650006,0.31179150742581013
PFG,0001410578-25-000160,2025-02-19,0.2851278871558629,0.3311174214961275,0.31366851542878815
PG,0000080424-23-000073,2023-08-04,0.1483794339230918,0.28042473326493983,0.3373384837259524
PG,0000080424-24-000083,2024-08-05,0.1843616850980536,0.28724884391784034,0.3731086155893578
PGR,0000080661-23-000006,2023-02-27,0.2938070369664616,0.3832301489232069,0.2932684957079889
PGR,0000080661-24-000007,2024-02-26,0.2102915974198607,0.3953805747070726,0.3162277869930341
PGR,0000080661-25-000007,2025-03-03,0.2501443123188583,0.3604486143402499,0.2947455946874374
PH,0000076334-23-000042,2023-08-24,0.2731671347090196,0.3338825304352233,0.32590739490223525
PH,0000076334-24-000044,2024-08-22,0.316432502797022,0.31658292016665235,0.300150476611118
PHM,0000822416-23-000007,2023-02-06,0.2881514405505174,0.30925072063360676,0.3637306740608098
PHM,0000822416-24-000010,2024-02-05,0.3151959391774199,0.3176260950676712,0.3414990950383488
PHM,0000822416-25-000007,2025-02-06,0.3540652692486468,0.3064559273404302,0.34691567923445793
PKG,0000950170-23-003990,2023-02-23,0.2290447085482295,0.32389034410592293,0.34738685858017
PKG,0000950170-24-022794,2024-02-29,0.2089151842812463,0.3168804998551682,0.3059981698361927
PKG,0000950170-25-028533,2025-02-27,0.2758743847334362,0.34136872913851296,0.34787854902078447
PLD,0001564590-23-001902,2023-02-14,0.2569599993112954,0.34729768477855477,0.3786237620460888
PLD,0000950170-24-014539,2024-02-13,0.2528077370096543,0.3434944391931274,0.35747981407807217
PLD,0000950170-25-021272,2025-02-14,0.2711630957748173,0.35074278244248286,0.3726228687139349
PLTR,0001321655-23-000011,2023-02-21,0.7050239415855473,0.3763858256363786,0.4295786833430369
PLTR,0001321655-24-000022,2024-02-20,0.6345998324830049,0.37551788819283777,0.4162114501786137
PLTR,0001321655-25-000022,2025-02-18,0.626739960567017,0.38740749023598753,0.42278924744652246
PM,0001413329-23-000025,2023-02-10,0.1635765405340352,0.3879525637829164,0.33846374832605985
PM,0001413329-24-000013,2024-02-08,0.2287120915102847,0.35930435452788967,0.2800147151181413
PM,0001413329-25-000013,2025-02-06,0.2451241638317111,0.337036566899246,0.2881825231354644
PNC,0000713676-23-000020,2023-02-22,0.3055091260506622,0.38651836480118695,0.3707114338786431
PNC,0000713676-24-000028,2024-02-21,0.2337971689535474,0.38430041516384067,0.3595504801725141
PNC,0000713676-25-000027,2025-02-21,0.2572399981564496,0.3645567738473209,0.3534135022655435
PNR,0000077360-23-000006,2023-02-21,0.253856720042191,0.3472653492154903,0.3949160464424909
PNR,0000077360-24-000007,2024-02-20,0.2472377560171886,0.3288645788331168,0.384262326784432
PNR,0000077360-25-000006,2025-02-25,0.3023725381254065,0.3345988818089844,0.398047318328384
PNW,0000764622-23-000023,2023-02-27,0.2108459433888012,0.3459074955237609,0.3010854475307954
PNW,0000764622-24-000016,2024-02-27,0.177213890270699,0.3588455892018115,0.309173386864647
PNW,0000764622-25-000023,2025-02-25,0.1699669150679859,0.36370704188782266,0.3193165539806763
PODD,0001145197-23-000020,2023-02-24,0.4158316400206783,0.3936587525716198,0.40071504576472067
PODD,0001145197-24-000011,2024-02-23,0.357502353339422,0.36118432722842436,0.37224294915355305
PODD,0001145197-25-000007,2025-02-21,0.4005270554535309,0.37498990141433075,0.38281707190332653
POOL,0000945841-23-000015,2023-02-24,0.2993764000396994,0.3067522037519503,0.2636016276947967
POOL,0000945841-24-000021,2024-02-27,0.292231222895866,0.35225919448832443,0.30304795645395854
POOL,0000945841-25-000032,2025-02-27,0.3506866814485536,0.35142574862824144,0.32480117406084996
PPG,0000079879-23-000007,2023-02-16,0.2190569955514717,0.28156294781887753,0.280192541855392
PPG,0000079879-24-000040,2024-02-15,0.1973957795963026,0.27264171235218915,0.28056857314806144
PPG,0000079879-25-000034,2025-02-20,0.2957241055997166,0.25620608917601084,0.28031264019664304
PPL,0000922224-23-000010,2023-02-17,0.1859934201499658,0.35123772492752353,0.2746374990568258
PPL,0000922224-24-000008,2024-02-16,0.1623380204998495,0.324524340906108,0.26193263505376235
PPL,0000922224-25-000009,2025-02-13,0.1795801475893273,0.32335679740605705,0.26737252084220636
PRU,0001137774-23-000040,2023-02-16,0.2485364433649826,0.33963884179641357,0.3015759543742673
PRU,0001137774-24-000045,2024-02-21,0.2247225947108362,0.3110542719139837,0.3045698456991739
PRU,0001137774-25-000044,2025-02-13,0.2741389716603239,0.3705374546374961,0.3559553728007314
PSA,0001393311-23-000012,2023-02-21,0.2287002742429272,0.3686014895153287,0.3896403178545376
PSA,0001393311-24-000043,2024-02-20,0.2294264265370409,0.37037617476735246,0.36464250725006847
PSA,0001393311-25-000036,2025-02-24,0.2298620388846755,0.3657513277263032,0.3746856276232663
PSX,0001534701-23-000053,2023-02-22,0.2639197309402922,0.3970004542083073,0.3831049752743059
PSX,0001534701-24-000078,2024-02-21,0.2665953035504161,0.4000415335982927,0.38328116119847094
PSX,0001534701-25-000074,2025-02-21,0.3606121813774235,0.3658111517806911,0.37754460383523186
PTC,0000950123-23-011049,2023-11-20,0.211147273441528,0.3602172897756141,0.3883225442331998
PTC,0000950170-24-127231,2024-11-14,0.3375843103111131,0.3580794685558996,0.3776006090013463
PWR,0001050915-23-000010,2023-02-23,0.2855946023503818,0.36278465143223054,0.38608679110177213
PWR,0001050915-24-000009,2024-02-22,0.3685097983457945,0.33324737055235937,0.3789645581914607
PWR,0001050915-25-000005,2025-02-20,0.3660621787079329,0.357824353883351,0.39805202852797245
PYPL,0001633917-23-000033,2023-02-10,0.3888149629317922,0.3492739349887346,0.3645732177097246
PYPL,0001633917-24-000024,2024-02-08,0.3320263162287751,0.34066896247705525,0.36006101681206554
PYPL,0001633917-25-000019,2025-02-04,0.4027317268655082,0.3389700905847065,0.37399182141875653
QCOM,0000804328-23-000055,2023-11-01,0.3745353641046353,0.39628506605437425,0.4104207908531201
QCOM,0000804328-24-000075,2024-11-06,0.3867499544472621,0.3691230502931819,0.4085079338262456
RCL,0000884887-23-000006,2023-02-23,0.3524583136391774,0.406168232820078,0.42733356521079185
RCL,0000884887-24-000075,2024-02-21,0.3607103408760416,0.37867432150702834,0.4004448766448552
RCL,0000884887-25-000050,2025-02-14,0.4897791382773099,0.40105672765394595,0.4187200803035983
REG,0000950170-23-003160,2023-02-17,0.2204404545737703,0.4000268533793443,0.39181588113872945
REG,0000950170-24-016260,2024-02-16,0.1757599695060734,0.43280479470351374,0.3862949988222473
REG,0000950170-25-021359,2025-02-14,0.1902781201008571,0.4182074435042974,0.3878571143585588
REGN,0001804220-23-000008,2023-02-06,0.2224352625379723,0.4237696845595329,0.4012794632614018
REGN,0001804220-24-000009,2024-02-05,0.2343543643089059,0.40188188394567675,0.39004578661578204
REGN,0001804220-25-000011,2025-02-05,0.4084499551978608,0.40418979641258546,0.39369100252963785
RF,0001281761-23-000012,2023-02-24,0.3645260952748357,0.37984066899396063,0.3653250006907578
RF,0001281761-24-000010,2024-02-23,0.2576360882596499,0.4028138395766374,0.3919300799380234
RF,0001281761-25-000010,2025-02-21,0.2935940329039733,0.39345194427698316,0.36748501402327727
RJF,0000720005-23-000079,2023-11-21,0.2432773788950245,0.3403290640855918,0.3140537192405398
RJF,0000720005-24-000069,2024-11-26,0.2664950603209012,0.32294119974937113,0.27918755093095765
RL,0001037038-23-000015,2023-05-25,0.3024078080203606,0.4048322506703913,0.41576606795938753
RL,0001037038-24-000014,2024-05-23,0.4090033809790842,0.4091170896495294,0.3982221635944158
RMD,0000943819-23-000011,2023-08-11,0.3820681011903533,0.3879048350493569,0.3751299888785471
RMD,0000943819-24-000013,2024-08-09,0.2919116693887862,0.400060894944218,0.389482763277955
ROK,0001024478-23-000126,2023-11-08,0.3282906612244005,0.2984848809886421,0.3033165627054503
ROK,0001024478-24-000107,2024-11-12,0.329403641595144,0.30251643666259437,0.2918543267785664
ROL,0000084839-23-000006,2023-02-16,0.2318848917449426,0.3076984465576527,0.32565049934415996
ROL,0000084839-24-000025,2024-02-15,0.2069580612614089,0.32213730749574654,0.3463424921951413
ROL,0000084839-25-000024,2025-02-13,0.2393875232800118,0.3035571794449303,0.30952082282208354
ROP,0000882835-23-000016,2023-02-27,0.1534447667027248,0.3530095944467323,0.3813885846725364
ROP,0000882835-24-000008,2024-02-22,0.1836309930638811,0.3394473385166299,0.3655942210247403
ROP,0000882835-25-000008,2025-02-24,0.2507601579408543,0.3353099290431913,0.3703392699982413
ROST,0000745732-23-000013,2023-03-28,0.1959747116594364,0.33110981207909335,0.30105678985511286
ROST,0000745732-24-000009,2024-04-02,0.2323182770575586,0.3337856701947684,0.37704602347015936
ROST,0000745732-25-000010,2025-04-01,0.2577578129248449,0.3204869646836314,0.4015413151772001
RSG,0001060391-23-000008,2023-02-23,0.141532563085702,0.38280982731163804,0.4018453006866101
RSG,0001060391-24-000142,2024-02-29,0.1531340607877901,0.3755565668590322,0.3936589347366076
RSG,0001060391-25-000091,2025-02-14,0.1841401320085094,0.38068725344959814,0.3981411373144368
RTX,0000101829-23-000009,2023-02-07,0.2349920762186928,0.30764302656424936,0.3373716088109073
RTX,0000101829-24-000008,2024-02-05,0.1818796459023938,0.3243786141246019,0.3338273178068575
RTX,0000101829-25-000005,2025-02-03,0.2725133720313415,0.30267218470931484,0.29631371610604795
RVTY,0000031791-23-000004,2023-03-01,0.3190541217954362,0.41901563933589003,0.3192835226367667
RVTY,0000031791-24-000004,2024-02-27,0.2809836061151455,0.37421866611610966,0.31884474439270355
RVTY,0000031791-25-000009,2025-02-25,0.3950420659678957,0.43109072178711033,0.43343986567298504
SATS,0001415404-23-000005,2023-02-23,0.6686088612446199,0.3167369923155535,0.39022268293016094
SATS,0001558370-24-002209,2024-02-29,0.5914273184556619,0.38042412038459567,0.516199435782942
SATS,0001558370-25-001663,2025-02-27,1.1077407913152035,0.3513035146418979,0.4108567709080021
SBAC,0001034054-23-000002,2023-03-01,0.2903469922500028,0.3351083169569598,0.4031478422484264
SBAC,0001034054-24-000002,2024-02-28,0.2622546873488534,0.34313569488475826,0.38870569704304986
SBAC,0001034054-25-000002,2025-02-26,0.2513203703728646,0.34433121451844995,0.39905569782172295
SBUX,0000829224-23-000058,2023-11-17,0.3683555061756536,0.36871343839339893,0.33470651890320147
SBUX,0000829224-24-000057,2024-11-20,0.3368182595575906,0.3558413657028938,0.3471663763811751
SCHW,0000316709-23-000009,2023-02-24,0.4106171857641101,0.3463355395266025,0.34952018138311275
SCHW,0000316709-24-000018,2024-02-23,0.2637880100888923,0.349337207366536,0.3562482457300559
SCHW,0000316709-25-000010,2025-02-26,0.2596928257084528,0.35646488084731365,0.36864461254217634
SHW,0000089800-23-000007,2023-02-22,0.2063328072677845,0.27779499515345796,0.29139390067652665
SHW,0000089800-24-000033,2024-02-20,0.2162581890754698,0.2948971581595691,0.28850756378947895
SHW,0000089800-25-000030,2025-02-20,0.2466858692213224,0.27129038109470116,0.28715314350066923
SJM,0000091419-23-000072,2023-06-20,0.2191675904104493,0.3012824044933382,0.2812842550284411
SJM,0000091419-24-000054,2024-06-18,0.2867687060911792,0.3343280121352556,0.3031033049008502
SLB,0001564590-23-000762,2023-01-25,0.3357006754568488,0.30288603110908224,0.29619629267234554
SLB,0000950170-24-006884,2024-01-24,0.2700772650939807,0.367001367064887,0.35002429907845295
SLB,0000950170-25-007638,2025-01-22,0.3729469283149195,0.3646257079898039,0.38041755982501696
SMCI,0001375365-23-000036,2023-08-28,0.9683138499856558,0.40433174082251866,0.4199569814974339
SMCI,0001375365-25-000004,2025-02-25,0.7815521744186443,0.39962867425385207,0.3667509353213256
SNA,0000091440-23-000005,2023-02-09,0.2276620114592655,0.348038166881508,0.3542725459470449
SNA,0000091440-24-000005,2024-02-16,0.221711222054195,0.3493465112501028,0.3496006735118305
SNA,0000091440-25-000010,2025-02-13,0.2447875453940314,0.33369551662656677,0.3364891165560814
SNPS,0000883241-23-000019,2023-12-12,0.3702039845406678,0.3923325168331607,0.3836653151927662
SNPS,0000883241-24-000024,2024-12-19,0.5571711576395574,0.37626289321727246,0.36007313611255487
SO,0000092122-23-000012,2023-02-16,0.1843600755607068,0.35495679470903063,0.36647166766379696
SO,0000092122-24-000009,2024-02-15,0.1750580399601508,0.35707952527561176,0.36191460588687036
SO,0000092122-25-000018,2025-02-20,0.1724390566330876,0.3600858619211004,0.3671047748357685
SOLV,0001964738-25-000019,2025-02-28,0.3173107350251514,0.37774368167864386,0.32063488652730354
SPG,0001558370-23-001840,2023-02-23,0.2450153868970133,0.3418927596468656,0.38379765333313554
SPG,0001558370-24-001532,2024-02-22,0.2049955815832462,0.34679215027807947,0.37792671654342375
SPG,0001558370-25-001271,2025-02-21,0.2572830390285806,0.3621086765864843,0.3872850619775565
SPGI,0000064040-23-000058,2023-02-10,0.2161280420485618,0.2920799045937712,0.34456449363847497
SPGI,0000064040-24-000071,2024-02-09,0.1626584429781182,0.2696579495096039,0.2760066092229344
SPGI,0000064040-25-000052,2025-02-11,0.2847790431013569,0.2612912737222558,0.2906669566112775
SRE,0001032208-23-000008,2023-02-28,0.1856208283190309,0.39730270866730505,0.3043356042857259
SRE,0001032208-24-000007,2024-02-27,0.2821418508144919,0.34986825967200597,0.26719643988563846
SRE,0001032208-25-000012,2025-02-25,0.2255747836611397,0.37370642248416913,0.28833435298225896
STE,0001757898-23-000005,2023-05-26,0.2118522892438087,0.32737211027501195,0.3153954262372945
STE,0001757898-24-000008,2024-05-29,0.2242358028283312,0.3088093334373701,0.29429888717084285
STLD,0001558370-23-002303,2023-02-28,0.3502454647316727,0.3864572557649304,0.3962299432232559
STLD,0001558370-24-002152,2024-02-29,0.3270390638431014,0.36912940423433666,0.37605503651838273
STLD,0001558370-25-001886,2025-02-28,0.3737431465377877,0.39115151406423265,0.3984996326435645
STT,0000093751-25-000111,2025-02-13,0.2869676056395157,0.36689425270938353,0.3246861072255146
STX,0001137789-23-000049,2023-08-04,0.3201745910334025,0.3852964008053505,0.4074497962627887
STX,0001137789-24-000068,2024-08-02,0.4117698928960212,0.37486680800382566,0.39815581046959597
STZ,0000016918-23-000045,2023-04-20,0.1753170382522504,0.3717648885392326,0.378595862260654
STZ,0000016918-24-000054,2024-04-23,0.2887738589470851,0.3542304388164095,0.35785039490192044
STZ,0000016918-25-000022,2025-04-23,0.2897938606567096,0.32969582906400824,0.3365371753100777
SW,0002005951-25-000005,2025-03-07,0.4131749731142506,0.4299819974729698,0.3896730425090946
SWK,0000093556-23-000007,2023-02-23,0.3175323708165576,0.3455055168709391,0.3298764463101257
SWK,0000093556-24-000032,2024-02-27,0.3117321304782977,0.3205704947670734,0.3304870185517462
SWK,0000093556-25-000007,2025-02-18,0.4565302105542874,0.323955163998519,0.2882275861455716
SWKS,0000004127-23-000005,2023-01-27,0.3080708513975368,0.39178742622959833,0.5194150532010163
SWKS,0000004127-23-000030,2023-11-17,0.3590178990262083,0.33899283476529707,0.4231500618062569
SWKS,0000004127-24-000002,2024-01-26,0.3523378252941643,0.3934238747899047,0.5230650889331607
SWKS,0000004127-24-000131,2024-11-15,0.5003594448763791,0.34025327215375445,0.41616809525423926
SWKS,0000004127-25-000006,2025-01-24,0.5114387070537696,0.40322863492171557,0.5307308647973582
SYF,0001601712-23-000037,2023-02-09,0.3046297187867551,0.3173420083211533,0.39866433666962675
SYF,0001601712-24-000047,2024-02-08,0.352845597993857,0.3448652902770864,0.38349595240237294
SYF,0001601712-25-000044,2025-02-07,0.3888027374044318,0.356004025854421,0.4122698146982572
SYK,0000310764-23-000017,2023-02-10,0.2093060884422422,0.33017635260768496,0.3342338843909679
SYK,0000310764-24-000024,2024-02-14,0.1835377692945636,0.3019105138203231,0.27874756336430306
SYK,0000310764-25-000023,2025-02-12,0.2191295309255899,0.3359145105512045,0.3388581025155706
SYY,0000096021-23-000117,2023-08-25,0.1900139669355963,0.31675377942029326,0.2864184509962646
SYY,0000096021-24-000128,2024-08-28,0.2093400040934112,0.33814123288191156,0.29861683288912594
T,0000732717-23-000011,2023-02-13,0.2672030334615703,0.34318721827573884,0.286195343211145
T,0000732717-24-000009,2024-02-23,0.1969539511433769,0.3523083064491533,0.3143566352250192
T,0000732717-25-000013,2025-02-12,0.2285343231446139,0.35278169742922194,0.3343880626004381
TAP,0000024545-23-000006,2023-02-21,0.2118945399383847,0.3724373886691791,0.3446336247165227
TAP,0000024545-24-000005,2024-02-20,0.2599639568322596,0.36452376802361897,0.3368698311829355
TAP,0000024545-25-000007,2025-02-18,0.2511083653381857,0.3636820240084773,0.33360788835403027
TDG,0001260221-23-000081,2023-11-09,0.2134406820669073,0.36792982986903916,0.43329044962351254
TDG,0001260221-24-000083,2024-11-07,0.2848138440034206,0.37072971076253747,0.3923896737806692
TDY,0001094285-23-000053,2023-02-24,0.2049054326558894,0.391718213090461,0.3868583810053169
TDY,0001094285-24-000044,2024-02-23,0.2226214150035093,0.38749373487907357,0.3677939914554919
TDY,0001094285-25-000053,2025-02-21,0.2540510536752828,0.39477114765862553,0.37193134446368303
TECH,0001558370-23-015226,2023-08-23,0.3642078568519403,0.3512957725856196,0.3500509662397752
TECH,0001558370-24-012430,2024-08-22,0.4209044391191641,0.33100677681258517,0.33751130000657814
TEL,0001558370-23-018833,2023-11-13,0.2092241026479302,0.33415725939247887,0.35823957328675676
TEL,0001558370-24-015227,2024-11-12,0.2902215406572589,0.3289343353463682,0.36500276614972194
TER,0001193125-23-044711,2023-02-22,0.3184257396778317,0.33356559062693,0.3251661628830001
TER,0000950170-24-018701,2024-02-22,0.4472730844509917,0.3456234110432997,0.3134963616047349
TER,0000950170-25-023784,2025-02-20,0.6166014671912717,0.35013912938123176,0.30076353164801073
TFC,0000092230-23-000034,2023-02-28,0.424321872566208,0.3469273254056459,0.3417039329032222
TFC,0000092230-24-000010,2024-02-27,0.2644484241075474,0.397539385568384,0.38298284928873605
TFC,0000092230-25-000020,2025-02-25,0.2841093006418275,0.3917141616941082,0.3915959367236421
TGT,0000027419-23-000015,2023-03-08,0.3263077597628939,0.3082317992019778,0.3381881218419073
TGT,0000027419-24-000032,2024-03-13,0.3582427821243343,0.343852599962794,0.35520174106371466
TGT,0000027419-25-000018,2025-03-12,0.3483342270335253,0.3286973760772995,0.3887333484949897
TJX,0000109198-23-000004,2023-03-29,0.1540901016810494,0.3488674890848317,0.35465208828614625
TJX,0000109198-24-000014,2024-04-03,0.1784905490341594,0.33833995031786457,0.35004861553047173
TJX,0000109198-25-000010,2025-04-02,0.1773992608121211,0.328850380526393,0.3420637541214489
TKO,0001562762-24-000038,2024-02-27,0.2780327811635948,0.43488622045598213,0.3277765999606246
TKO,0000950170-25-027778,2025-02-26,0.3366081331882107,0.40591233916008723,0.4085795570951164
TMO,0000097745-23-000008,2023-02-23,0.2215081883424013,0.29873469564826455,0.29723640840944765
TMO,0000097745-24-000007,2024-02-22,0.2078142700850641,0.3202451004069718,0.2929546514462478
TMO,0000097745-25-000010,2025-02-20,0.3210806672889767,0.3196324493481361,0.30482713984725845
TMUS,0001283699-23-000016,2023-02-14,0.1747119058487326,0.3538496269502356,0.4259563217716254
TMUS,0001283699-24-000008,2024-02-02,0.1909383150286624,0.3476760022952433,0.39077712536063997
TMUS,0001283699-25-000012,2025-01-31,0.2713775568710037,0.38313576782522274,0.4060200574704818
TPL,0001811074-23-000014,2023-02-22,0.3403945778820823,0.36884837347946525,0.2972426679507935
TPL,0001811074-24-000015,2024-02-21,0.4818301583234066,0.3635612996759275,0.31299436983681134
TPL,0001811074-25-000044,2025-02-19,0.5036310434950733,0.36942300635010805,0.3011797533569799
TPR,0001116132-23-000020,2023-08-17,0.2995336049458648,0.3583562795539779,0.38066065137862015
TPR,0001116132-24-000018,2024-08-15,0.4496977814462257,0.3787144027932616,0.40169025571703526
TRGP,0000950170-23-003797,2023-02-22,0.2510002627529417,0.41214731783759473,0.38824296779481443
TRGP,0000950170-24-015841,2024-02-15,0.2497541923929837,0.4136925422731619,0.4003159919200419
TRGP,0000950170-25-023983,2025-02-20,0.3534099177004912,0.429409255556878,0.42539183555434606
TRMB,0000864749-23-000012,2023-02-17,0.3063322691961759,0.4110158125343225,0.34813397719952854
TRMB,0000864749-24-000047,2024-02-26,0.2835574650104525,0.40961427913999215,0.37202951468099293
TRMB,0000864749-25-000011,2025-01-16,0.3138640565429538,0.4591191250368589,0.4828440108180857
TRMB,0000864749-25-000090,2025-04-25,0.2718984886353458,0.30426415125712053,0.33553239233113125
TROW,0001113169-23-000007,2023-02-15,0.2718991952278319,0.33099937893225884,0.36460500460158735
TROW,0001113169-24-000007,2024-02-16,0.221361050209806,0.31968631544296733,0.37147678206588314
TROW,0001113169-25-000007,2025-02-14,0.3037348818461899,0.34289751065568846,0.38073564391374554
TRV,0000086312-23-000011,2023-02-16,0.1987287939984982,0.19166308300813092,0.2681766249816198
TRV,0000086312-24-000012,2024-02-15,0.2371963880879301,0.20520551034805826,0.27474734094000164
TRV,0000086312-25-000012,2025-02-13,0.2191334821125148,0.21100265217777664,0.2739959872511576
TSCO,0000916365-23-000045,2023-02-23,0.2327761602049133,0.3692972905314429,0.30148049628153645
TSCO,0000916365-24-000046,2024-02-23,0.2589106312610356,0.373909652528807,0.3133539116756275
TSCO,0000916365-25-000076,2025-02-20,0.287414865355436,0.35216796434390485,0.30145256117686503
TSLA,0000950170-23-001409,2023-01-31,0.4956148312073493,0.293741696898331,0.39859528380326964
TSLA,0001628280-24-002390,2024-01-29,0.6340142089882209,0.33080315695839746,0.37984334653257074
TSLA,0001628280-25-003063,2025-01-30,0.621948596484945,0.35390368174094194,0.4013912293895121
TSLA,0001104659-25-042659,2025-04-30,0.4705233595042333,0.4188198604059511,0.37074451638730405
TSN,0000100493-23-000105,2023-11-13,0.2254298198506573,0.33574647832311255,0.35718744807296116
TSN,0000100493-24-000119,2024-11-12,0.2171647235955023,0.30096509245888486,0.2874030847089512
TT,0001466258-23-000058,2023-02-10,0.2674117411375954,0.31485072037799766,0.283247196506806
TT,0001466258-24-000047,2024-02-08,0.2351984987241749,0.3248936700441246,0.287056456491033
TT,0001466258-25-000039,2025-02-06,0.28897068197992,0.3109534927960167,0.2926416331069662
TTD,0001671933-23-000007,2023-02-15,0.4646725270276415,0.34905869993485694,0.33262701859359967
TTD,0001671933-24-000014,2024-02-15,0.5347825888951707,0.3374988472309835,0.3156599392079366
TTD,0001671933-25-000029,2025-02-21,0.6796023226553476,0.34122991473228825,0.3318034745362732
TTWO,0001628280-23-019851,2023-05-26,0.2306034018074484,0.4207848933253626,0.41731357387089923
TTWO,0001628280-24-024623,2024-05-22,0.3047166623643119,0.4273906641443126,0.422780005085707
TXN,0000097476-23-000007,2023-02-03,0.2329904664295377,0.29508873331471575,0.3214408023803091
TXN,0000097476-24-000007,2024-02-02,0.2864572777210455,0.2893930089422957,0.31030515163374844
TXN,0000097476-25-000007,2025-02-14,0.4118878755864639,0.2775186173822825,0.29782293054790304
TXT,0000217346-23-000006,2023-02-16,0.2388526890719304,0.33035631686459743,0.3246404218649294
TXT,0000217346-24-000017,2024-02-12,0.2285073916898708,0.331983148319017,0.316996258230651
TXT,0000217346-25-000017,2025-02-06,0.2895440221836353,0.3659103673791894,0.39706117475152003
TYL,0000860731-23-000009,2023-02-22,0.2474630483262763,0.3832286153298692,0.3963454346523578
TYL,0000860731-24-000006,2024-02-21,0.2410777402979874,0.3955768438238495,0.37749204402569553
TYL,0000860731-25-000007,2025-02-19,0.3457152307437089,0.538353621556341,0.44065045530375596
UAL,0000100517-23-000048,2023-02-16,0.3683835636421996,0.42002809650675793,0.3979914517392513
UAL,0000100517-24-000027,2024-02-29,0.4456753678457185,0.4361322463232404,0.4048243915389299
UAL,0000100517-25-000046,2025-02-27,0.5834620063470612,0.4212593855128016,0.3937190542138985
UBER,0001543151-23-000010,2023-02-21,0.3730364222813249,0.3771233081029973,0.4116267838927893
UBER,0001543151-24-000012,2024-02-15,0.3967283327280045,0.3452816844070611,0.4126811420329587
UBER,0001543151-25-000008,2025-02-14,0.3586909023761583,0.33213811900525686,0.40753438470437575
UDR,0000074208-23-000007,2023-02-13,0.226416393984832,0.37763685201801667,0.3820798455239932
UDR,0000074208-24-000011,2024-02-20,0.187229198199092,0.35986285354812536,0.3667383559219195
UDR,0000074208-25-000010,2025-02-18,0.2325227337254036,0.376383160247013,0.39000746269420666
UHS,0000950170-23-004656,2023-02-27,0.2527103460358794,0.3711298622281512,0.3848225545782687
UHS,0000950170-24-021175,2024-02-27,0.3018316830707391,0.38075628400080075,0.39772979098260824
UHS,0000950170-25-027785,2025-02-26,0.3536506347406287,0.37456028150337134,0.3426908976148568
ULTA,0001558370-23-004581,2023-03-24,0.2870494360020126,0.35696153443941026,0.39213832295781015
ULTA,0001558370-24-003941,2024-03-26,0.3878482934270056,0.34876720177573867,0.37628301000310804
ULTA,0001558370-25-003810,2025-03-27,0.3707605345400002,0.3482791304276545,0.3896887077622652
UNH,0000731766-23-000008,2023-02-24,0.2062525587602727,0.3199769324606871,0.2953516170151564
UNH,0000731766-24-000081,2024-02-28,0.2906032305187468,0.3099197557957893,0.28359399045644385
UNH,0000731766-25-000063,2025-02-27,0.508133327695246,0.3096437238895169,0.28798601826573156
UNP,0001437749-23-002959,2023-02-10,0.2264490160613009,0.3371760306196502,0.35666854108864476
UNP,0001437749-24-003599,2024-02-09,0.1998468234427775,0.32289993643437115,0.32676676645974195
UNP,0000100885-25-000042,2025-02-07,0.2289951417724664,0.3054742859035908,0.2870981718441218
UPS,0001090727-23-000006,2023-02-21,0.2413810070937748,0.3134858551727332,0.36076773783133703
UPS,0001090727-24-000008,2024-02-20,0.286236215698312,0.30955523703272025,0.3067688206548456
UPS,0001090727-25-000019,2025-02-18,0.2997697398589723,0.2877506777821268,0.28449357772730294
URI,0001067701-23-000010,2023-01-25,0.3993865935210656,0.3345823859265723,0.4008719802591699
URI,0001067701-24-000007,2024-01-24,0.3616081269798982,0.347291761288459,0.39202894671799493
URI,0001067701-25-000008,2025-01-29,0.3871950977013106,0.3552323626900392,0.4033962412614755
USB,0001193125-23-050691,2023-02-27,0.4017018798738475,0.42528793377627894,0.3857158361510809
USB,0000036104-24-000018,2024-02-20,0.25242971706196,0.36829359519061716,0.353525552690904
USB,0000036104-25-000016,2025-02-21,0.2686066345675059,0.40531663631203585,0.35984165062017043
V,0001403161-23-000099,2023-11-15,0.1641775833238956,0.2587526597739094,0.37123752057618076
V,0001403161-24-000058,2024-11-13,0.2178248860367021,0.238982024566243,0.32247006196239836
VEEV,0001393052-23-000025,2023-03-30,0.360011773916707,0.3313430001724076,0.4181776081713604
VEEV,0001393052-24-000013,2024-03-25,0.3175991689242854,0.3378307323276575,0.4068165129714293
VEEV,0001393052-25-000022,2025-03-24,0.3644994834476839,0.35173581702083945,0.3951029829509057
VICI,0001705696-23-000035,2023-02-23,0.1931190932910497,0.30897220070444076,0.3002661831504362
VICI,0001705696-24-000033,2024-02-22,0.1905917147952081,0.3194232723507716,0.3122807104096812
VICI,0001705696-25-000033,2025-02-20,0.177576564590623,0.31758876355378496,0.37204428093788455
VLO,0001035002-23-000027,2023-02-23,0.3040991432911969,0.3671260205336479,0.38355737057848205
VLO,0001035002-24-000007,2024-02-22,0.3063877956891985,0.3707668239975623,0.3653580325949553
VLO,0001035002-25-000005,2025-02-26,0.3766951734645911,0.3738396540342392,0.37229855818527546
VLTO,0001967680-24-000033,2024-02-28,0.1871740184568961,0.3072928921061055,0.2944340782635186
VLTO,0001967680-25-000008,2025-02-25,0.2266402797448571,0.2990181589246682,0.2870720741093001
VMC,0001396009-23-000007,2023-02-24,0.2227039428754662,0.32457860407769673,0.29193253706414896
VMC,0001396009-24-000006,2024-02-22,0.2333714059493561,0.3412183431141247,0.3056242170000642
VMC,0001396009-25-000005,2025-02-20,0.2588959822869185,0.31056190093055003,0.2858424023182753
VRSK,0001437749-23-004945,2023-02-28,0.1930405447851147,0.3351408742457853,0.3228123872893147
VRSK,0001437749-24-004939,2024-02-21,0.1887105305740957,0.34456833880534926,0.29413305402082746
VRSK,0001437749-25-005160,2025-02-26,0.28325980928005,0.32594958875085817,0.3002171578270791
VRSN,0001014473-23-000005,2023-02-17,0.1816481515165207,0.36280046921843967,0.305466419076048
VRSN,0001014473-24-000006,2024-02-15,0.1913126600961048,0.3550385693186761,0.2943751075545889
VRSN,0001014473-25-000006,2025-02-13,0.2638564992213073,0.3648756917275369,0.29572653580030467
VRT,0001628280-23-005248,2023-02-27,0.5382877212846926,0.3590307890274656,0.39447800359772267
VRT,0001628280-24-006498,2024-02-23,0.6568265799940414,0.38419088571046034,0.3726044148938778
VRT,0001628280-25-005905,2025-02-18,0.660266691298226,0.387150240424728,0.3896492245080844
VRTX,0000875320-23-000007,2023-02-10,0.2407649681034278,0.41575564134073795,0.391190960608385
VRTX,0000875320-24-000062,2024-02-15,0.2535505510186339,0.38996287406831354,0.38108737102905804
VRTX,0000875320-25-000053,2025-02-13,0.3402260705880776,0.4132757049336855,0.3810127887617636
VST,0001692819-23-000005,2023-03-01,0.3020214637306102,0.3938472659992821,0.37334342621089495
VST,0001692819-24-000012,2024-02-29,0.6965628687373662,0.42455766141979906,0.3723394005925473
VST,0001692819-25-000013,2025-02-28,0.5631777947353023,0.4210226966389499,0.3479250014180306
VTR,0000740260-23-000070,2023-02-10,0.2605363819764732,0.34601586360204756,0.40264882365175364
VTR,0000740260-24-000067,2024-02-15,0.2192339591112717,0.3182923293932969,0.393008961349199
VTR,0000740260-25-000052,2025-02-13,0.2010448834127473,0.33319806457691786,0.40890640717523724
VTRS,0001792044-23-000008,2023-02-27,0.2763617566011646,0.26182803206460603,0.36048395516903053
VTRS,0001193125-23-127172,2023-04-28,0.268525081607715,0.4215742781306709,0.3494406261034857
VTRS,0001792044-24-000008,2024-02-28,0.3130028294145013,0.2735878415794737,0.3711597544516886
VTRS,0001193125-24-118165,2024-04-26,0.3464179699906805,0.41888889626317477,0.35222249018960783
VTRS,0001792044-25-000008,2025-02-27,0.3429770719288944,0.2695184373554097,0.35888965004038226
VTRS,0001140361-25-016679,2025-04-30,0.3209214812461574,0.4346186819354486,0.3675313544854031
VZ,0000732712-24-000010,2024-02-09,0.1938609741346732,0.32320617667192164,0.3507337542548874
VZ,0000732712-25-000006,2025-02-12,0.244729021833548,0.2987624437179892,0.32258072199338933
WAB,0001628280-23-003675,2023-02-15,0.2054310304775441,0.36991892566795914,0.3348211366194477
WAB,0001628280-24-004774,2024-02-14,0.2358412490905748,0.3786945914782884,0.3503619121314796
WAB,0001628280-25-005100,2025-02-12,0.2719480629835918,0.36740648993848,0.3357144193172095
WAT,0001193125-23-050827,2023-02-27,0.2941401729009805,0.35738530373191074,0.36600851985154753
WAT,0001193125-24-047491,2024-02-27,0.3417541788055788,0.36572029305887827,0.34517354465262995
WAT,0001193125-25-034579,2025-02-25,0.3818788154047487,0.3650941436309465,0.3718744383641044
WBD,0001437107-23-000019,2023-02-24,0.5168944488568175,0.4001621227849451,0.3777283754224321
WBD,0001437107-24-000017,2024-02-23,0.4781593024482132,0.3845446234534918,0.3689356322378312
WBD,0001437107-25-000031,2025-02-27,0.5992637302290484,0.38560714902077853,0.37738101605396446
WDAY,0001327811-23-000024,2023-02-27,0.3023088417056837,0.36223671018514697,0.3993320825652961
WDAY,0001327811-24-000044,2024-03-08,0.3368632741093041,0.33288064398384287,0.35296622643807346
WDAY,0001327811-25-000056,2025-03-11,0.3848566632291768,0.35887217107774116,0.38068350177608556
WDC,0000106040-23-000024,2023-08-22,0.3871369418036608,0.39757870664370465,0.38712290807702515
WDC,0000106040-24-000031,2024-08-20,0.4584693689907496,0.3743984886422236,0.3855200684363127
WEC,0000107815-23-000100,2023-02-23,0.2013685181547684,0.36037292347583033,0.28445764825198255
WEC,0000107815-24-000095,2024-02-22,0.167285352988612,0.3612860267798529,0.2757511325054844
WEC,0000107815-25-000103,2025-02-21,0.1598089164259427,0.3411730049911724,0.27770895910058596
WELL,0000766704-23-000010,2023-02-21,0.2404382152901922,0.47195153041234017,0.38034156729965524
WELL,0000766704-24-000008,2024-02-15,0.1839883046184091,0.49543552065680385,0.38073012225296615
WELL,0000766704-25-000009,2025-02-12,0.2133810236147563,0.5171849555493828,0.37668538715131467
WFC,0000072971-25-000066,2025-02-25,0.297443715292476,0.5035429357468912,0.3939852890107198
WM,0001558370-23-000964,2023-02-07,0.1513028353285626,0.4157129982103989,0.4116659256669892
WM,0001558370-24-001049,2024-02-13,0.183301483559514,0.33865358670736934,0.36529543469220055
WM,0001558370-25-001132,2025-02-19,0.1829554691905927,0.3672139627727075,0.40063659112625977
WMB,0000107263-23-000007,2023-02-27,0.1851947206275036,0.34534313307629216,0.3268038079277985
WMB,0000107263-24-000019,2024-02-21,0.2228473521747691,0.31193409695267704,0.29906294543217515
WMB,0000107263-25-000031,2025-02-25,0.2524054245059826,0.33571629336153225,0.33882591216035735
WMT,0000104169-23-000020,2023-03-17,0.1512431437130712,0.2960312475764779,0.27587096726355037
WMT,0000104169-24-000056,2024-03-15,0.2110266143827731,0.3087901329233995,0.3454879663355321
WMT,0000104169-25-000021,2025-03-14,0.245281451254244,0.3391691132402361,0.3043014247722725
WRB,0000011544-23-000004,2023-02-24,0.2252682168844124,0.27453466348659383,0.2802888442840171
WRB,0000011544-24-000005,2024-02-23,0.2133730804081866,0.28395554022105657,0.27839045705719945
WRB,0000011544-25-000005,2025-02-24,0.2319484552401081,0.27944956031620705,0.28202524207169233
WSM,0001628280-23-009175,2023-03-24,0.3956261203482655,0.3536955685105263,0.32975851080602053
WSM,0001628280-24-012221,2024-03-20,0.4978475292871307,0.36687779210713195,0.342241006143343
WSM,0001628280-25-015037,2025-03-27,0.4076002041134685,0.3495648924544486,0.3415943502375847
WST,0000105770-23-000012,2023-02-21,0.288060838177141,0.32745515471105485,0.3226381061850955
WST,0000105770-24-000015,2024-02-20,0.526868188067719,0.2766342286521811,0.29230975474544646
WST,0000105770-25-000013,2025-02-18,0.4184603985642632,0.31887888064563985,0.3542191937222472
WTW,0000950170-23-004303,2023-02-24,0.2315488232227631,0.361782269064996,0.3148819716499261
WTW,0000950170-24-018575,2024-02-22,0.1682845661773286,0.336701429807555,0.2868123369737861
WTW,0000950170-25-026278,2025-02-25,0.2545975069714417,0.35186739325647765,0.32676225977033513
WY,0000950170-23-003217,2023-02-17,0.2241681301813912,0.3739357361501427,0.33833530891044006
WY,0000950170-24-016434,2024-02-16,0.2284517467407462,0.35872191025561706,0.3272430561272585
WY,0000950170-25-021254,2025-02-14,0.2829391551667138,0.36801601936486006,0.3169723402733752
WYNN,0001174922-23-000048,2023-02-27,0.2990794607872278,0.4380673796120365,0.4344078824172174
WYNN,0001174922-24-000046,2024-02-23,0.3361049708716274,0.41245653230626456,0.4189587436205679
WYNN,0001174922-25-000039,2025-02-13,0.410135363148327,0.42333757511488346,0.42772530829845595
XEL,0000072903-23-000007,2023-02-23,0.1947631195437698,0.342442947947625,0.2873325999495153
XEL,0000072903-24-000034,2024-02-21,0.2210383590533473,0.3560695463941842,0.286105151723382
XEL,0000072903-25-000029,2025-02-27,0.199116762873636,0.33372821727657254,0.2973955939314139
XOM,0000034088-23-000020,2023-02-22,0.2373144828854902,0.393038185263158,0.39353168049187137
XOM,0000034088-24-000018,2024-02-28,0.1955834594953031,0.35934536645325826,0.35348198331773656
XOM,0000034088-25-000010,2025-02-19,0.2481968567961875,0.3796165444321779,0.3691286673804606
XYL,0001524472-23-000009,2023-02-24,0.2088859597723817,0.30164063897725146,0.28851833596015886
XYL,0001524472-24-000006,2024-02-28,0.2131739910281054,0.3765873166264273,0.38487591186617026
XYL,0001524472-25-000013,2025-03-03,0.2612468966860742,0.33129868274782687,0.2847572631983304
XYZ,0001628280-23-004840,2023-02-23,0.5184932972953198,0.3731377493643354,0.3930455792723445
XYZ,0001628280-24-006354,2024-02-22,0.4969848658220753,0.3595048706230207,0.4046412793620939
XYZ,0001628280-25-007376,2025-02-24,0.5216067224646415,0.351748670270077,0.4029885273088711
YUM,0001041061-23-000009,2023-02-27,0.1609000833727404,0.24107260246855555,0.28397548378369325
YUM,0001041061-24-000011,2024-02-20,0.1933407899110185,0.2775066830776179,0.2945274317160806
YUM,0001041061-25-000013,2025-02-19,0.2287622668913846,0.34303424023281304,0.3615756431802105
ZBH,0000950170-23-004264,2023-02-24,0.2122108519369168,0.34225176477754865,0.3091516145584108
ZBH,0000950170-24-019353,2024-02-23,0.2164196276367272,0.33881247290163474,0.31121614354391
ZBH,0000950170-25-026604,2025-02-25,0.3100466644472948,0.32390024843856724,0.29775935740918935
ZBRA,0000877212-23-000025,2023-02-16,0.4200257008844423,0.3633417767901759,0.3892049207870492
ZBRA,0000877212-24-000029,2024-02-15,0.2818908909684206,0.38093381081875644,0.3657529191059986
ZBRA,0000877212-25-000027,2025-02-13,0.4648248660719431,0.3575487843269788,0.367234110143042
ZTS,0001555280-23-000074,2023-02-14,0.2468259530864563,0.37336303184442665,0.3343382324284137
ZTS,0001555280-24-000143,2024-02-13,0.2489596766871166,0.37393062824177525,0.31399081864772144
ZTS,0001555280-25-000102,2025-02-13,0.2876384173485311,0.3694526641398053,0.3184081850957248
